gene,program,member_exact_symbol,in_matrix_and_expressed
DGKG,HALLMARK_OXIDATIVE_PHOSPHORYLATION,False,False
SLC2A12,HALLMARK_OXIDATIVE_PHOSPHORYLATION,False,False
COL8A2,HALLMARK_OXIDATIVE_PHOSPHORYLATION,False,False
NPC2,HALLMARK_OXIDATIVE_PHOSPHORYLATION,False,False
PSMC3,HALLMARK_OXIDATIVE_PHOSPHORYLATION,False,False
RP11-466F5.8,HALLMARK_OXIDATIVE_PHOSPHORYLATION,False,False
LPP,HALLMARK_OXIDATIVE_PHOSPHORYLATION,False,False
RP11-121M22.1,HALLMARK_OXIDATIVE_PHOSPHORYLATION,False,False
ABO,HALLMARK_OXIDATIVE_PHOSPHORYLATION,False,False
ADAMTS8,HALLMARK_OXIDATIVE_PHOSPHORYLATION,False,False
CALD1,HALLMARK_OXIDATIVE_PHOSPHORYLATION,False,False
CHEK2,HALLMARK_OXIDATIVE_PHOSPHORYLATION,False,False
GAS7,HALLMARK_OXIDATIVE_PHOSPHORYLATION,False,False
LMX1B,HALLMARK_OXIDATIVE_PHOSPHORYLATION,False,False
TCF12,HALLMARK_OXIDATIVE_PHOSPHORYLATION,False,False
TMCO1,HALLMARK_OXIDATIVE_PHOSPHORYLATION,False,False
TRIB2,HALLMARK_OXIDATIVE_PHOSPHORYLATION,False,False
AC000078.5,HALLMARK_OXIDATIVE_PHOSPHORYLATION,False,False
AC002066.1,HALLMARK_OXIDATIVE_PHOSPHORYLATION,False,False
AC012066.1,HALLMARK_OXIDATIVE_PHOSPHORYLATION,False,False
AC091132.1,HALLMARK_OXIDATIVE_PHOSPHORYLATION,False,False
ACBD4,HALLMARK_OXIDATIVE_PHOSPHORYLATION,False,False
AFAP1,HALLMARK_OXIDATIVE_PHOSPHORYLATION,False,False
ALDH2,HALLMARK_OXIDATIVE_PHOSPHORYLATION,False,False
AP003068.23,HALLMARK_OXIDATIVE_PHOSPHORYLATION,False,False
AP5B1,HALLMARK_OXIDATIVE_PHOSPHORYLATION,False,False
AREL1,HALLMARK_OXIDATIVE_PHOSPHORYLATION,False,False
ARHGAP27,HALLMARK_OXIDATIVE_PHOSPHORYLATION,False,False
ARHGEF12,HALLMARK_OXIDATIVE_PHOSPHORYLATION,False,False
ARL17A,HALLMARK_OXIDATIVE_PHOSPHORYLATION,False,False
ATP5J,HALLMARK_OXIDATIVE_PHOSPHORYLATION,False,False
BICC1,HALLMARK_OXIDATIVE_PHOSPHORYLATION,False,False
BORA,HALLMARK_OXIDATIVE_PHOSPHORYLATION,False,False
C1orf109,HALLMARK_OXIDATIVE_PHOSPHORYLATION,False,False
C1orf122,HALLMARK_OXIDATIVE_PHOSPHORYLATION,False,False
C22orf29,HALLMARK_OXIDATIVE_PHOSPHORYLATION,False,False
C6orf15,HALLMARK_OXIDATIVE_PHOSPHORYLATION,False,False
CADM1,HALLMARK_OXIDATIVE_PHOSPHORYLATION,False,False
CADM2,HALLMARK_OXIDATIVE_PHOSPHORYLATION,False,False
CAV2,HALLMARK_OXIDATIVE_PHOSPHORYLATION,False,False
CCDC117,HALLMARK_OXIDATIVE_PHOSPHORYLATION,False,False
CDC14A,HALLMARK_OXIDATIVE_PHOSPHORYLATION,False,False
CDKN2A,HALLMARK_OXIDATIVE_PHOSPHORYLATION,False,False
CDKN2B-AS1,HALLMARK_OXIDATIVE_PHOSPHORYLATION,False,False
CELF1,HALLMARK_OXIDATIVE_PHOSPHORYLATION,False,False
CLIC5,HALLMARK_OXIDATIVE_PHOSPHORYLATION,False,False
CMB9-22P13.1,HALLMARK_OXIDATIVE_PHOSPHORYLATION,False,False
COL11A1,HALLMARK_OXIDATIVE_PHOSPHORYLATION,False,False
CRHR1,HALLMARK_OXIDATIVE_PHOSPHORYLATION,False,False
CTA-292E10.6,HALLMARK_OXIDATIVE_PHOSPHORYLATION,False,False
CTB-39G8.3,HALLMARK_OXIDATIVE_PHOSPHORYLATION,False,False
CTD-2005H7.1,HALLMARK_OXIDATIVE_PHOSPHORYLATION,False,False
CTD-2020K17.1,HALLMARK_OXIDATIVE_PHOSPHORYLATION,False,False
CTD-2020K17.3,HALLMARK_OXIDATIVE_PHOSPHORYLATION,False,False
CTTNBP2,HALLMARK_OXIDATIVE_PHOSPHORYLATION,False,False
DDX39BP2,HALLMARK_OXIDATIVE_PHOSPHORYLATION,False,False
DIO1,HALLMARK_OXIDATIVE_PHOSPHORYLATION,False,False
DND1P1,HALLMARK_OXIDATIVE_PHOSPHORYLATION,False,False
DYSF,HALLMARK_OXIDATIVE_PHOSPHORYLATION,False,False
EFCAB13,HALLMARK_OXIDATIVE_PHOSPHORYLATION,False,False
EFEMP1,HALLMARK_OXIDATIVE_PHOSPHORYLATION,False,False
EHBP1L1,HALLMARK_OXIDATIVE_PHOSPHORYLATION,False,False
FAM215B,HALLMARK_OXIDATIVE_PHOSPHORYLATION,False,False
FAM83A,HALLMARK_OXIDATIVE_PHOSPHORYLATION,False,False
FAM83A-AS1,HALLMARK_OXIDATIVE_PHOSPHORYLATION,False,False
FAM89B,HALLMARK_OXIDATIVE_PHOSPHORYLATION,False,False
FHL3,HALLMARK_OXIDATIVE_PHOSPHORYLATION,False,False
FLOT1,HALLMARK_OXIDATIVE_PHOSPHORYLATION,False,False
FLVCR2,HALLMARK_OXIDATIVE_PHOSPHORYLATION,False,False
FMNL1,HALLMARK_OXIDATIVE_PHOSPHORYLATION,False,False
FNDC4,HALLMARK_OXIDATIVE_PHOSPHORYLATION,False,False
GALR3,HALLMARK_OXIDATIVE_PHOSPHORYLATION,False,False
GCAT,HALLMARK_OXIDATIVE_PHOSPHORYLATION,False,False
GLIS1,HALLMARK_OXIDATIVE_PHOSPHORYLATION,False,False
H1F0,HALLMARK_OXIDATIVE_PHOSPHORYLATION,False,False
HCG4,HALLMARK_OXIDATIVE_PHOSPHORYLATION,False,False
HCG4B,HALLMARK_OXIDATIVE_PHOSPHORYLATION,False,False
HCG4P5,HALLMARK_OXIDATIVE_PHOSPHORYLATION,False,False
HCG4P7,HALLMARK_OXIDATIVE_PHOSPHORYLATION,False,False
HCG9,HALLMARK_OXIDATIVE_PHOSPHORYLATION,False,False
HCP5B,HALLMARK_OXIDATIVE_PHOSPHORYLATION,False,False
HECTD4,HALLMARK_OXIDATIVE_PHOSPHORYLATION,False,False
HLA-A,HALLMARK_OXIDATIVE_PHOSPHORYLATION,False,False
HLA-C,HALLMARK_OXIDATIVE_PHOSPHORYLATION,False,False
HLA-F,HALLMARK_OXIDATIVE_PHOSPHORYLATION,False,False
HLA-F-AS1,HALLMARK_OXIDATIVE_PHOSPHORYLATION,False,False
HLA-G,HALLMARK_OXIDATIVE_PHOSPHORYLATION,False,False
HLA-H,HALLMARK_OXIDATIVE_PHOSPHORYLATION,False,False
HLA-J,HALLMARK_OXIDATIVE_PHOSPHORYLATION,False,False
HLA-L,HALLMARK_OXIDATIVE_PHOSPHORYLATION,False,False
HLA-T,HALLMARK_OXIDATIVE_PHOSPHORYLATION,False,False
HLA-U,HALLMARK_OXIDATIVE_PHOSPHORYLATION,False,False
HLA-V,HALLMARK_OXIDATIVE_PHOSPHORYLATION,False,False
HLA-W,HALLMARK_OXIDATIVE_PHOSPHORYLATION,False,False
HSCB,HALLMARK_OXIDATIVE_PHOSPHORYLATION,False,False
HTRA3,HALLMARK_OXIDATIVE_PHOSPHORYLATION,False,False
IFITM4P,HALLMARK_OXIDATIVE_PHOSPHORYLATION,False,False
IFT172,HALLMARK_OXIDATIVE_PHOSPHORYLATION,False,False
INPP5B,HALLMARK_OXIDATIVE_PHOSPHORYLATION,False,False
ITGB3,HALLMARK_OXIDATIVE_PHOSPHORYLATION,False,False
KANSL1,HALLMARK_OXIDATIVE_PHOSPHORYLATION,False,False
KANSL1-AS1,HALLMARK_OXIDATIVE_PHOSPHORYLATION,False,False
KHK,HALLMARK_OXIDATIVE_PHOSPHORYLATION,False,False
KLF5,HALLMARK_OXIDATIVE_PHOSPHORYLATION,False,False
KRT8P26,HALLMARK_OXIDATIVE_PHOSPHORYLATION,False,False
LHPP,HALLMARK_OXIDATIVE_PHOSPHORYLATION,False,False
LINC01948,HALLMARK_OXIDATIVE_PHOSPHORYLATION,False,False
LINC02052,HALLMARK_OXIDATIVE_PHOSPHORYLATION,False,False
LINC02210,HALLMARK_OXIDATIVE_PHOSPHORYLATION,False,False
LMO4,HALLMARK_OXIDATIVE_PHOSPHORYLATION,False,False
LMO7,HALLMARK_OXIDATIVE_PHOSPHORYLATION,False,False
LOXL1,HALLMARK_OXIDATIVE_PHOSPHORYLATION,False,False
LOXL1-AS1,HALLMARK_OXIDATIVE_PHOSPHORYLATION,False,False
LRRC37A,HALLMARK_OXIDATIVE_PHOSPHORYLATION,False,False
LRRC37A17P,HALLMARK_OXIDATIVE_PHOSPHORYLATION,False,False
LRRC37A2,HALLMARK_OXIDATIVE_PHOSPHORYLATION,False,False
LRRC37A4P,HALLMARK_OXIDATIVE_PHOSPHORYLATION,False,False
LRWD1,HALLMARK_OXIDATIVE_PHOSPHORYLATION,False,False
LTBP2,HALLMARK_OXIDATIVE_PHOSPHORYLATION,False,False
LTBP3,HALLMARK_OXIDATIVE_PHOSPHORYLATION,False,False
MADD,HALLMARK_OXIDATIVE_PHOSPHORYLATION,False,False
MAPK8IP1P1,HALLMARK_OXIDATIVE_PHOSPHORYLATION,False,False
MAPK8IP1P2,HALLMARK_OXIDATIVE_PHOSPHORYLATION,False,False
MAPT,HALLMARK_OXIDATIVE_PHOSPHORYLATION,False,False
MAPT-AS1,HALLMARK_OXIDATIVE_PHOSPHORYLATION,False,False
MAPT-IT1,HALLMARK_OXIDATIVE_PHOSPHORYLATION,False,False
ME3,HALLMARK_OXIDATIVE_PHOSPHORYLATION,False,False
MICE,HALLMARK_OXIDATIVE_PHOSPHORYLATION,False,False
MOV10,HALLMARK_OXIDATIVE_PHOSPHORYLATION,False,False
MRPL33,HALLMARK_OXIDATIVE_PHOSPHORYLATION,False,False
MTCH2,HALLMARK_OXIDATIVE_PHOSPHORYLATION,False,False
MVB12B,HALLMARK_OXIDATIVE_PHOSPHORYLATION,False,False
Metazoa_SRP,HALLMARK_OXIDATIVE_PHOSPHORYLATION,False,False
NEAT1,HALLMARK_OXIDATIVE_PHOSPHORYLATION,False,False
NMT1,HALLMARK_OXIDATIVE_PHOSPHORYLATION,False,False
NPEPPS,HALLMARK_OXIDATIVE_PHOSPHORYLATION,False,False
NRBP1,HALLMARK_OXIDATIVE_PHOSPHORYLATION,False,False
NSF,HALLMARK_OXIDATIVE_PHOSPHORYLATION,False,False
NUCB2,HALLMARK_OXIDATIVE_PHOSPHORYLATION,False,False
NUDT7,HALLMARK_OXIDATIVE_PHOSPHORYLATION,False,False
PDE6C,HALLMARK_OXIDATIVE_PHOSPHORYLATION,False,False
PGAM1P8,HALLMARK_OXIDATIVE_PHOSPHORYLATION,False,False
PIBF1,HALLMARK_OXIDATIVE_PHOSPHORYLATION,False,False
PIGC,HALLMARK_OXIDATIVE_PHOSPHORYLATION,False,False
PKIB,HALLMARK_OXIDATIVE_PHOSPHORYLATION,False,False
PLCE1,HALLMARK_OXIDATIVE_PHOSPHORYLATION,False,False
PLCE1-AS1,HALLMARK_OXIDATIVE_PHOSPHORYLATION,False,False
PLEKHA7,HALLMARK_OXIDATIVE_PHOSPHORYLATION,False,False
PLEKHM1,HALLMARK_OXIDATIVE_PHOSPHORYLATION,False,False
PPP1R18,HALLMARK_OXIDATIVE_PHOSPHORYLATION,False,False
PRKCE,HALLMARK_OXIDATIVE_PHOSPHORYLATION,False,False
PROX2,HALLMARK_OXIDATIVE_PHOSPHORYLATION,False,False
PRSS23,HALLMARK_OXIDATIVE_PHOSPHORYLATION,False,False
PSORS1C3,HALLMARK_OXIDATIVE_PHOSPHORYLATION,False,False
RAPSN,HALLMARK_OXIDATIVE_PHOSPHORYLATION,False,False
RERE,HALLMARK_OXIDATIVE_PHOSPHORYLATION,False,False
RIC8B,HALLMARK_OXIDATIVE_PHOSPHORYLATION,False,False
RORA,HALLMARK_OXIDATIVE_PHOSPHORYLATION,False,False
RP11-123K19.1,HALLMARK_OXIDATIVE_PHOSPHORYLATION,False,False
RP11-136H19.1,HALLMARK_OXIDATIVE_PHOSPHORYLATION,False,False
RP11-149I2.4,HALLMARK_OXIDATIVE_PHOSPHORYLATION,False,False
RP11-162I7.1,HALLMARK_OXIDATIVE_PHOSPHORYLATION,False,False
RP11-17G12.2,HALLMARK_OXIDATIVE_PHOSPHORYLATION,False,False
RP11-205K6.1,HALLMARK_OXIDATIVE_PHOSPHORYLATION,False,False
RP11-217B7.2,HALLMARK_OXIDATIVE_PHOSPHORYLATION,False,False
RP11-259A24.1,HALLMARK_OXIDATIVE_PHOSPHORYLATION,False,False
RP11-259G18.1,HALLMARK_OXIDATIVE_PHOSPHORYLATION,False,False
RP11-259G18.3,HALLMARK_OXIDATIVE_PHOSPHORYLATION,False,False
RP11-293E1.1,HALLMARK_OXIDATIVE_PHOSPHORYLATION,False,False
RP11-293E1.2,HALLMARK_OXIDATIVE_PHOSPHORYLATION,False,False
RP11-302L19.3,HALLMARK_OXIDATIVE_PHOSPHORYLATION,False,False
RP11-403A3.3,HALLMARK_OXIDATIVE_PHOSPHORYLATION,False,False
RP11-412D9.4,HALLMARK_OXIDATIVE_PHOSPHORYLATION,False,False
RP11-507B12.1,HALLMARK_OXIDATIVE_PHOSPHORYLATION,False,False
RP11-507B12.2,HALLMARK_OXIDATIVE_PHOSPHORYLATION,False,False
RP11-669E14.6,HALLMARK_OXIDATIVE_PHOSPHORYLATION,False,False
RP11-707O23.1,HALLMARK_OXIDATIVE_PHOSPHORYLATION,False,False
RP11-750H9.5,HALLMARK_OXIDATIVE_PHOSPHORYLATION,False,False
RP11-755F10.1,HALLMARK_OXIDATIVE_PHOSPHORYLATION,False,False
RP11-762L8.6,HALLMARK_OXIDATIVE_PHOSPHORYLATION,False,False
RP11-770G2.2,HALLMARK_OXIDATIVE_PHOSPHORYLATION,False,False
RP11-798G7.6,HALLMARK_OXIDATIVE_PHOSPHORYLATION,False,False
RP11-798G7.8,HALLMARK_OXIDATIVE_PHOSPHORYLATION,False,False
RP5-1115A15.1,HALLMARK_OXIDATIVE_PHOSPHORYLATION,False,False
RPS26P8,HALLMARK_OXIDATIVE_PHOSPHORYLATION,False,False
SCRN2,HALLMARK_OXIDATIVE_PHOSPHORYLATION,False,False
SEMA3E,HALLMARK_OXIDATIVE_PHOSPHORYLATION,False,False
SEPT7,HALLMARK_OXIDATIVE_PHOSPHORYLATION,False,False
SF3A3,HALLMARK_OXIDATIVE_PHOSPHORYLATION,False,False
SFTA1P,HALLMARK_OXIDATIVE_PHOSPHORYLATION,False,False
SGSM2,HALLMARK_OXIDATIVE_PHOSPHORYLATION,False,False
SLC25A45,HALLMARK_OXIDATIVE_PHOSPHORYLATION,False,False
SLC39A13,HALLMARK_OXIDATIVE_PHOSPHORYLATION,False,False
SMAD6,HALLMARK_OXIDATIVE_PHOSPHORYLATION,False,False
SNORD14A,HALLMARK_OXIDATIVE_PHOSPHORYLATION,False,False
SSSCA1-AS1,HALLMARK_OXIDATIVE_PHOSPHORYLATION,False,False
TARID,HALLMARK_OXIDATIVE_PHOSPHORYLATION,False,False
TBC1D31,HALLMARK_OXIDATIVE_PHOSPHORYLATION,False,False
TBKBP1,HALLMARK_OXIDATIVE_PHOSPHORYLATION,False,False
TBPL1,HALLMARK_OXIDATIVE_PHOSPHORYLATION,False,False
TGFB3,HALLMARK_OXIDATIVE_PHOSPHORYLATION,False,False
THCAT158,HALLMARK_OXIDATIVE_PHOSPHORYLATION,False,False
THSD7A,HALLMARK_OXIDATIVE_PHOSPHORYLATION,False,False
TIGD3,HALLMARK_OXIDATIVE_PHOSPHORYLATION,False,False
TMEM116,HALLMARK_OXIDATIVE_PHOSPHORYLATION,False,False
TMEM136,HALLMARK_OXIDATIVE_PHOSPHORYLATION,False,False
TMEM181,HALLMARK_OXIDATIVE_PHOSPHORYLATION,False,False
TMEM263,HALLMARK_OXIDATIVE_PHOSPHORYLATION,False,False
TRIM26,HALLMARK_OXIDATIVE_PHOSPHORYLATION,False,False
TRIOBP,HALLMARK_OXIDATIVE_PHOSPHORYLATION,False,False
TSC22D2,HALLMARK_OXIDATIVE_PHOSPHORYLATION,False,False
TTC28,HALLMARK_OXIDATIVE_PHOSPHORYLATION,False,False
TTLL5,HALLMARK_OXIDATIVE_PHOSPHORYLATION,False,False
TXNDC8,HALLMARK_OXIDATIVE_PHOSPHORYLATION,False,False
TXNRD2,HALLMARK_OXIDATIVE_PHOSPHORYLATION,False,False
UTP11,HALLMARK_OXIDATIVE_PHOSPHORYLATION,False,False
VARS2,HALLMARK_OXIDATIVE_PHOSPHORYLATION,False,False
VCAM1,HALLMARK_OXIDATIVE_PHOSPHORYLATION,False,False
WLS,HALLMARK_OXIDATIVE_PHOSPHORYLATION,False,False
WNT2B,HALLMARK_OXIDATIVE_PHOSPHORYLATION,False,False
XRCC6P1,HALLMARK_OXIDATIVE_PHOSPHORYLATION,False,False
XXbac-BPG170G13.32,HALLMARK_OXIDATIVE_PHOSPHORYLATION,False,False
XXbac-BPG283O16.9,HALLMARK_OXIDATIVE_PHOSPHORYLATION,False,False
YAP1,HALLMARK_OXIDATIVE_PHOSPHORYLATION,False,False
YIF1A,HALLMARK_OXIDATIVE_PHOSPHORYLATION,False,False
ZNF280D,HALLMARK_OXIDATIVE_PHOSPHORYLATION,False,False
ZNF638,HALLMARK_OXIDATIVE_PHOSPHORYLATION,False,False
ZNF638-IT1,HALLMARK_OXIDATIVE_PHOSPHORYLATION,False,False
DGKG,HALLMARK_CHOLESTEROL_HOMEOSTASIS,False,False
SLC2A12,HALLMARK_CHOLESTEROL_HOMEOSTASIS,False,False
COL8A2,HALLMARK_CHOLESTEROL_HOMEOSTASIS,False,False
NPC2,HALLMARK_CHOLESTEROL_HOMEOSTASIS,False,False
PSMC3,HALLMARK_CHOLESTEROL_HOMEOSTASIS,False,False
RP11-466F5.8,HALLMARK_CHOLESTEROL_HOMEOSTASIS,False,False
LPP,HALLMARK_CHOLESTEROL_HOMEOSTASIS,False,False
RP11-121M22.1,HALLMARK_CHOLESTEROL_HOMEOSTASIS,False,False
ABO,HALLMARK_CHOLESTEROL_HOMEOSTASIS,False,False
ADAMTS8,HALLMARK_CHOLESTEROL_HOMEOSTASIS,False,False
CALD1,HALLMARK_CHOLESTEROL_HOMEOSTASIS,False,False
CHEK2,HALLMARK_CHOLESTEROL_HOMEOSTASIS,False,False
GAS7,HALLMARK_CHOLESTEROL_HOMEOSTASIS,False,False
LMX1B,HALLMARK_CHOLESTEROL_HOMEOSTASIS,False,False
TCF12,HALLMARK_CHOLESTEROL_HOMEOSTASIS,False,False
TMCO1,HALLMARK_CHOLESTEROL_HOMEOSTASIS,False,False
TRIB2,HALLMARK_CHOLESTEROL_HOMEOSTASIS,False,False
AC000078.5,HALLMARK_CHOLESTEROL_HOMEOSTASIS,False,False
AC002066.1,HALLMARK_CHOLESTEROL_HOMEOSTASIS,False,False
AC012066.1,HALLMARK_CHOLESTEROL_HOMEOSTASIS,False,False
AC091132.1,HALLMARK_CHOLESTEROL_HOMEOSTASIS,False,False
ACBD4,HALLMARK_CHOLESTEROL_HOMEOSTASIS,False,False
AFAP1,HALLMARK_CHOLESTEROL_HOMEOSTASIS,False,False
ALDH2,HALLMARK_CHOLESTEROL_HOMEOSTASIS,False,False
AP003068.23,HALLMARK_CHOLESTEROL_HOMEOSTASIS,False,False
AP5B1,HALLMARK_CHOLESTEROL_HOMEOSTASIS,False,False
AREL1,HALLMARK_CHOLESTEROL_HOMEOSTASIS,False,False
ARHGAP27,HALLMARK_CHOLESTEROL_HOMEOSTASIS,False,False
ARHGEF12,HALLMARK_CHOLESTEROL_HOMEOSTASIS,False,False
ARL17A,HALLMARK_CHOLESTEROL_HOMEOSTASIS,False,False
ATP5J,HALLMARK_CHOLESTEROL_HOMEOSTASIS,False,False
BICC1,HALLMARK_CHOLESTEROL_HOMEOSTASIS,False,False
BORA,HALLMARK_CHOLESTEROL_HOMEOSTASIS,False,False
C1orf109,HALLMARK_CHOLESTEROL_HOMEOSTASIS,False,False
C1orf122,HALLMARK_CHOLESTEROL_HOMEOSTASIS,False,False
C22orf29,HALLMARK_CHOLESTEROL_HOMEOSTASIS,False,False
C6orf15,HALLMARK_CHOLESTEROL_HOMEOSTASIS,False,False
CADM1,HALLMARK_CHOLESTEROL_HOMEOSTASIS,False,False
CADM2,HALLMARK_CHOLESTEROL_HOMEOSTASIS,False,False
CAV2,HALLMARK_CHOLESTEROL_HOMEOSTASIS,False,False
CCDC117,HALLMARK_CHOLESTEROL_HOMEOSTASIS,False,False
CDC14A,HALLMARK_CHOLESTEROL_HOMEOSTASIS,False,False
CDKN2A,HALLMARK_CHOLESTEROL_HOMEOSTASIS,False,False
CDKN2B-AS1,HALLMARK_CHOLESTEROL_HOMEOSTASIS,False,False
CELF1,HALLMARK_CHOLESTEROL_HOMEOSTASIS,False,False
CLIC5,HALLMARK_CHOLESTEROL_HOMEOSTASIS,False,False
CMB9-22P13.1,HALLMARK_CHOLESTEROL_HOMEOSTASIS,False,False
COL11A1,HALLMARK_CHOLESTEROL_HOMEOSTASIS,False,False
CRHR1,HALLMARK_CHOLESTEROL_HOMEOSTASIS,False,False
CTA-292E10.6,HALLMARK_CHOLESTEROL_HOMEOSTASIS,False,False
CTB-39G8.3,HALLMARK_CHOLESTEROL_HOMEOSTASIS,False,False
CTD-2005H7.1,HALLMARK_CHOLESTEROL_HOMEOSTASIS,False,False
CTD-2020K17.1,HALLMARK_CHOLESTEROL_HOMEOSTASIS,False,False
CTD-2020K17.3,HALLMARK_CHOLESTEROL_HOMEOSTASIS,False,False
CTTNBP2,HALLMARK_CHOLESTEROL_HOMEOSTASIS,False,False
DDX39BP2,HALLMARK_CHOLESTEROL_HOMEOSTASIS,False,False
DIO1,HALLMARK_CHOLESTEROL_HOMEOSTASIS,False,False
DND1P1,HALLMARK_CHOLESTEROL_HOMEOSTASIS,False,False
DYSF,HALLMARK_CHOLESTEROL_HOMEOSTASIS,False,False
EFCAB13,HALLMARK_CHOLESTEROL_HOMEOSTASIS,False,False
EFEMP1,HALLMARK_CHOLESTEROL_HOMEOSTASIS,False,False
EHBP1L1,HALLMARK_CHOLESTEROL_HOMEOSTASIS,False,False
FAM215B,HALLMARK_CHOLESTEROL_HOMEOSTASIS,False,False
FAM83A,HALLMARK_CHOLESTEROL_HOMEOSTASIS,False,False
FAM83A-AS1,HALLMARK_CHOLESTEROL_HOMEOSTASIS,False,False
FAM89B,HALLMARK_CHOLESTEROL_HOMEOSTASIS,False,False
FHL3,HALLMARK_CHOLESTEROL_HOMEOSTASIS,False,False
FLOT1,HALLMARK_CHOLESTEROL_HOMEOSTASIS,False,False
FLVCR2,HALLMARK_CHOLESTEROL_HOMEOSTASIS,False,False
FMNL1,HALLMARK_CHOLESTEROL_HOMEOSTASIS,False,False
FNDC4,HALLMARK_CHOLESTEROL_HOMEOSTASIS,False,False
GALR3,HALLMARK_CHOLESTEROL_HOMEOSTASIS,False,False
GCAT,HALLMARK_CHOLESTEROL_HOMEOSTASIS,False,False
GLIS1,HALLMARK_CHOLESTEROL_HOMEOSTASIS,False,False
H1F0,HALLMARK_CHOLESTEROL_HOMEOSTASIS,False,False
HCG4,HALLMARK_CHOLESTEROL_HOMEOSTASIS,False,False
HCG4B,HALLMARK_CHOLESTEROL_HOMEOSTASIS,False,False
HCG4P5,HALLMARK_CHOLESTEROL_HOMEOSTASIS,False,False
HCG4P7,HALLMARK_CHOLESTEROL_HOMEOSTASIS,False,False
HCG9,HALLMARK_CHOLESTEROL_HOMEOSTASIS,False,False
HCP5B,HALLMARK_CHOLESTEROL_HOMEOSTASIS,False,False
HECTD4,HALLMARK_CHOLESTEROL_HOMEOSTASIS,False,False
HLA-A,HALLMARK_CHOLESTEROL_HOMEOSTASIS,False,False
HLA-C,HALLMARK_CHOLESTEROL_HOMEOSTASIS,False,False
HLA-F,HALLMARK_CHOLESTEROL_HOMEOSTASIS,False,False
HLA-F-AS1,HALLMARK_CHOLESTEROL_HOMEOSTASIS,False,False
HLA-G,HALLMARK_CHOLESTEROL_HOMEOSTASIS,False,False
HLA-H,HALLMARK_CHOLESTEROL_HOMEOSTASIS,False,False
HLA-J,HALLMARK_CHOLESTEROL_HOMEOSTASIS,False,False
HLA-L,HALLMARK_CHOLESTEROL_HOMEOSTASIS,False,False
HLA-T,HALLMARK_CHOLESTEROL_HOMEOSTASIS,False,False
HLA-U,HALLMARK_CHOLESTEROL_HOMEOSTASIS,False,False
HLA-V,HALLMARK_CHOLESTEROL_HOMEOSTASIS,False,False
HLA-W,HALLMARK_CHOLESTEROL_HOMEOSTASIS,False,False
HSCB,HALLMARK_CHOLESTEROL_HOMEOSTASIS,False,False
HTRA3,HALLMARK_CHOLESTEROL_HOMEOSTASIS,False,False
IFITM4P,HALLMARK_CHOLESTEROL_HOMEOSTASIS,False,False
IFT172,HALLMARK_CHOLESTEROL_HOMEOSTASIS,False,False
INPP5B,HALLMARK_CHOLESTEROL_HOMEOSTASIS,False,False
ITGB3,HALLMARK_CHOLESTEROL_HOMEOSTASIS,False,False
KANSL1,HALLMARK_CHOLESTEROL_HOMEOSTASIS,False,False
KANSL1-AS1,HALLMARK_CHOLESTEROL_HOMEOSTASIS,False,False
KHK,HALLMARK_CHOLESTEROL_HOMEOSTASIS,False,False
KLF5,HALLMARK_CHOLESTEROL_HOMEOSTASIS,False,False
KRT8P26,HALLMARK_CHOLESTEROL_HOMEOSTASIS,False,False
LHPP,HALLMARK_CHOLESTEROL_HOMEOSTASIS,False,False
LINC01948,HALLMARK_CHOLESTEROL_HOMEOSTASIS,False,False
LINC02052,HALLMARK_CHOLESTEROL_HOMEOSTASIS,False,False
LINC02210,HALLMARK_CHOLESTEROL_HOMEOSTASIS,False,False
LMO4,HALLMARK_CHOLESTEROL_HOMEOSTASIS,False,False
LMO7,HALLMARK_CHOLESTEROL_HOMEOSTASIS,False,False
LOXL1,HALLMARK_CHOLESTEROL_HOMEOSTASIS,False,False
LOXL1-AS1,HALLMARK_CHOLESTEROL_HOMEOSTASIS,False,False
LRRC37A,HALLMARK_CHOLESTEROL_HOMEOSTASIS,False,False
LRRC37A17P,HALLMARK_CHOLESTEROL_HOMEOSTASIS,False,False
LRRC37A2,HALLMARK_CHOLESTEROL_HOMEOSTASIS,False,False
LRRC37A4P,HALLMARK_CHOLESTEROL_HOMEOSTASIS,False,False
LRWD1,HALLMARK_CHOLESTEROL_HOMEOSTASIS,False,False
LTBP2,HALLMARK_CHOLESTEROL_HOMEOSTASIS,False,False
LTBP3,HALLMARK_CHOLESTEROL_HOMEOSTASIS,False,False
MADD,HALLMARK_CHOLESTEROL_HOMEOSTASIS,False,False
MAPK8IP1P1,HALLMARK_CHOLESTEROL_HOMEOSTASIS,False,False
MAPK8IP1P2,HALLMARK_CHOLESTEROL_HOMEOSTASIS,False,False
MAPT,HALLMARK_CHOLESTEROL_HOMEOSTASIS,False,False
MAPT-AS1,HALLMARK_CHOLESTEROL_HOMEOSTASIS,False,False
MAPT-IT1,HALLMARK_CHOLESTEROL_HOMEOSTASIS,False,False
ME3,HALLMARK_CHOLESTEROL_HOMEOSTASIS,False,False
MICE,HALLMARK_CHOLESTEROL_HOMEOSTASIS,False,False
MOV10,HALLMARK_CHOLESTEROL_HOMEOSTASIS,False,False
MRPL33,HALLMARK_CHOLESTEROL_HOMEOSTASIS,False,False
MTCH2,HALLMARK_CHOLESTEROL_HOMEOSTASIS,False,False
MVB12B,HALLMARK_CHOLESTEROL_HOMEOSTASIS,False,False
Metazoa_SRP,HALLMARK_CHOLESTEROL_HOMEOSTASIS,False,False
NEAT1,HALLMARK_CHOLESTEROL_HOMEOSTASIS,False,False
NMT1,HALLMARK_CHOLESTEROL_HOMEOSTASIS,False,False
NPEPPS,HALLMARK_CHOLESTEROL_HOMEOSTASIS,False,False
NRBP1,HALLMARK_CHOLESTEROL_HOMEOSTASIS,False,False
NSF,HALLMARK_CHOLESTEROL_HOMEOSTASIS,False,False
NUCB2,HALLMARK_CHOLESTEROL_HOMEOSTASIS,False,False
NUDT7,HALLMARK_CHOLESTEROL_HOMEOSTASIS,False,False
PDE6C,HALLMARK_CHOLESTEROL_HOMEOSTASIS,False,False
PGAM1P8,HALLMARK_CHOLESTEROL_HOMEOSTASIS,False,False
PIBF1,HALLMARK_CHOLESTEROL_HOMEOSTASIS,False,False
PIGC,HALLMARK_CHOLESTEROL_HOMEOSTASIS,False,False
PKIB,HALLMARK_CHOLESTEROL_HOMEOSTASIS,False,False
PLCE1,HALLMARK_CHOLESTEROL_HOMEOSTASIS,False,False
PLCE1-AS1,HALLMARK_CHOLESTEROL_HOMEOSTASIS,False,False
PLEKHA7,HALLMARK_CHOLESTEROL_HOMEOSTASIS,False,False
PLEKHM1,HALLMARK_CHOLESTEROL_HOMEOSTASIS,False,False
PPP1R18,HALLMARK_CHOLESTEROL_HOMEOSTASIS,False,False
PRKCE,HALLMARK_CHOLESTEROL_HOMEOSTASIS,False,False
PROX2,HALLMARK_CHOLESTEROL_HOMEOSTASIS,False,False
PRSS23,HALLMARK_CHOLESTEROL_HOMEOSTASIS,False,False
PSORS1C3,HALLMARK_CHOLESTEROL_HOMEOSTASIS,False,False
RAPSN,HALLMARK_CHOLESTEROL_HOMEOSTASIS,False,False
RERE,HALLMARK_CHOLESTEROL_HOMEOSTASIS,False,False
RIC8B,HALLMARK_CHOLESTEROL_HOMEOSTASIS,False,False
RORA,HALLMARK_CHOLESTEROL_HOMEOSTASIS,False,False
RP11-123K19.1,HALLMARK_CHOLESTEROL_HOMEOSTASIS,False,False
RP11-136H19.1,HALLMARK_CHOLESTEROL_HOMEOSTASIS,False,False
RP11-149I2.4,HALLMARK_CHOLESTEROL_HOMEOSTASIS,False,False
RP11-162I7.1,HALLMARK_CHOLESTEROL_HOMEOSTASIS,False,False
RP11-17G12.2,HALLMARK_CHOLESTEROL_HOMEOSTASIS,False,False
RP11-205K6.1,HALLMARK_CHOLESTEROL_HOMEOSTASIS,False,False
RP11-217B7.2,HALLMARK_CHOLESTEROL_HOMEOSTASIS,False,False
RP11-259A24.1,HALLMARK_CHOLESTEROL_HOMEOSTASIS,False,False
RP11-259G18.1,HALLMARK_CHOLESTEROL_HOMEOSTASIS,False,False
RP11-259G18.3,HALLMARK_CHOLESTEROL_HOMEOSTASIS,False,False
RP11-293E1.1,HALLMARK_CHOLESTEROL_HOMEOSTASIS,False,False
RP11-293E1.2,HALLMARK_CHOLESTEROL_HOMEOSTASIS,False,False
RP11-302L19.3,HALLMARK_CHOLESTEROL_HOMEOSTASIS,False,False
RP11-403A3.3,HALLMARK_CHOLESTEROL_HOMEOSTASIS,False,False
RP11-412D9.4,HALLMARK_CHOLESTEROL_HOMEOSTASIS,False,False
RP11-507B12.1,HALLMARK_CHOLESTEROL_HOMEOSTASIS,False,False
RP11-507B12.2,HALLMARK_CHOLESTEROL_HOMEOSTASIS,False,False
RP11-669E14.6,HALLMARK_CHOLESTEROL_HOMEOSTASIS,False,False
RP11-707O23.1,HALLMARK_CHOLESTEROL_HOMEOSTASIS,False,False
RP11-750H9.5,HALLMARK_CHOLESTEROL_HOMEOSTASIS,False,False
RP11-755F10.1,HALLMARK_CHOLESTEROL_HOMEOSTASIS,False,False
RP11-762L8.6,HALLMARK_CHOLESTEROL_HOMEOSTASIS,False,False
RP11-770G2.2,HALLMARK_CHOLESTEROL_HOMEOSTASIS,False,False
RP11-798G7.6,HALLMARK_CHOLESTEROL_HOMEOSTASIS,False,False
RP11-798G7.8,HALLMARK_CHOLESTEROL_HOMEOSTASIS,False,False
RP5-1115A15.1,HALLMARK_CHOLESTEROL_HOMEOSTASIS,False,False
RPS26P8,HALLMARK_CHOLESTEROL_HOMEOSTASIS,False,False
SCRN2,HALLMARK_CHOLESTEROL_HOMEOSTASIS,False,False
SEMA3E,HALLMARK_CHOLESTEROL_HOMEOSTASIS,False,False
SEPT7,HALLMARK_CHOLESTEROL_HOMEOSTASIS,False,False
SF3A3,HALLMARK_CHOLESTEROL_HOMEOSTASIS,False,False
SFTA1P,HALLMARK_CHOLESTEROL_HOMEOSTASIS,False,False
SGSM2,HALLMARK_CHOLESTEROL_HOMEOSTASIS,False,False
SLC25A45,HALLMARK_CHOLESTEROL_HOMEOSTASIS,False,False
SLC39A13,HALLMARK_CHOLESTEROL_HOMEOSTASIS,False,False
SMAD6,HALLMARK_CHOLESTEROL_HOMEOSTASIS,False,False
SNORD14A,HALLMARK_CHOLESTEROL_HOMEOSTASIS,False,False
SSSCA1-AS1,HALLMARK_CHOLESTEROL_HOMEOSTASIS,False,False
TARID,HALLMARK_CHOLESTEROL_HOMEOSTASIS,False,False
TBC1D31,HALLMARK_CHOLESTEROL_HOMEOSTASIS,False,False
TBKBP1,HALLMARK_CHOLESTEROL_HOMEOSTASIS,False,False
TBPL1,HALLMARK_CHOLESTEROL_HOMEOSTASIS,False,False
TGFB3,HALLMARK_CHOLESTEROL_HOMEOSTASIS,False,False
THCAT158,HALLMARK_CHOLESTEROL_HOMEOSTASIS,False,False
THSD7A,HALLMARK_CHOLESTEROL_HOMEOSTASIS,False,False
TIGD3,HALLMARK_CHOLESTEROL_HOMEOSTASIS,False,False
TMEM116,HALLMARK_CHOLESTEROL_HOMEOSTASIS,False,False
TMEM136,HALLMARK_CHOLESTEROL_HOMEOSTASIS,False,False
TMEM181,HALLMARK_CHOLESTEROL_HOMEOSTASIS,False,False
TMEM263,HALLMARK_CHOLESTEROL_HOMEOSTASIS,False,False
TRIM26,HALLMARK_CHOLESTEROL_HOMEOSTASIS,False,False
TRIOBP,HALLMARK_CHOLESTEROL_HOMEOSTASIS,False,False
TSC22D2,HALLMARK_CHOLESTEROL_HOMEOSTASIS,False,False
TTC28,HALLMARK_CHOLESTEROL_HOMEOSTASIS,False,False
TTLL5,HALLMARK_CHOLESTEROL_HOMEOSTASIS,False,False
TXNDC8,HALLMARK_CHOLESTEROL_HOMEOSTASIS,False,False
TXNRD2,HALLMARK_CHOLESTEROL_HOMEOSTASIS,False,False
UTP11,HALLMARK_CHOLESTEROL_HOMEOSTASIS,False,False
VARS2,HALLMARK_CHOLESTEROL_HOMEOSTASIS,False,False
VCAM1,HALLMARK_CHOLESTEROL_HOMEOSTASIS,False,False
WLS,HALLMARK_CHOLESTEROL_HOMEOSTASIS,False,False
WNT2B,HALLMARK_CHOLESTEROL_HOMEOSTASIS,False,False
XRCC6P1,HALLMARK_CHOLESTEROL_HOMEOSTASIS,False,False
XXbac-BPG170G13.32,HALLMARK_CHOLESTEROL_HOMEOSTASIS,False,False
XXbac-BPG283O16.9,HALLMARK_CHOLESTEROL_HOMEOSTASIS,False,False
YAP1,HALLMARK_CHOLESTEROL_HOMEOSTASIS,False,False
YIF1A,HALLMARK_CHOLESTEROL_HOMEOSTASIS,False,False
ZNF280D,HALLMARK_CHOLESTEROL_HOMEOSTASIS,False,False
ZNF638,HALLMARK_CHOLESTEROL_HOMEOSTASIS,False,False
ZNF638-IT1,HALLMARK_CHOLESTEROL_HOMEOSTASIS,False,False
DGKG,HALLMARK_GLYCOLYSIS,False,False
SLC2A12,HALLMARK_GLYCOLYSIS,False,False
COL8A2,HALLMARK_GLYCOLYSIS,False,False
NPC2,HALLMARK_GLYCOLYSIS,False,False
PSMC3,HALLMARK_GLYCOLYSIS,False,False
RP11-466F5.8,HALLMARK_GLYCOLYSIS,False,False
LPP,HALLMARK_GLYCOLYSIS,False,False
RP11-121M22.1,HALLMARK_GLYCOLYSIS,False,False
ABO,HALLMARK_GLYCOLYSIS,False,False
ADAMTS8,HALLMARK_GLYCOLYSIS,False,False
CALD1,HALLMARK_GLYCOLYSIS,False,False
CHEK2,HALLMARK_GLYCOLYSIS,False,False
GAS7,HALLMARK_GLYCOLYSIS,False,False
LMX1B,HALLMARK_GLYCOLYSIS,False,False
TCF12,HALLMARK_GLYCOLYSIS,False,False
TMCO1,HALLMARK_GLYCOLYSIS,False,False
TRIB2,HALLMARK_GLYCOLYSIS,False,False
AC000078.5,HALLMARK_GLYCOLYSIS,False,False
AC002066.1,HALLMARK_GLYCOLYSIS,False,False
AC012066.1,HALLMARK_GLYCOLYSIS,False,False
AC091132.1,HALLMARK_GLYCOLYSIS,False,False
ACBD4,HALLMARK_GLYCOLYSIS,False,False
AFAP1,HALLMARK_GLYCOLYSIS,False,False
ALDH2,HALLMARK_GLYCOLYSIS,False,False
AP003068.23,HALLMARK_GLYCOLYSIS,False,False
AP5B1,HALLMARK_GLYCOLYSIS,False,False
AREL1,HALLMARK_GLYCOLYSIS,False,False
ARHGAP27,HALLMARK_GLYCOLYSIS,False,False
ARHGEF12,HALLMARK_GLYCOLYSIS,False,False
ARL17A,HALLMARK_GLYCOLYSIS,False,False
ATP5J,HALLMARK_GLYCOLYSIS,False,False
BICC1,HALLMARK_GLYCOLYSIS,False,False
BORA,HALLMARK_GLYCOLYSIS,False,False
C1orf109,HALLMARK_GLYCOLYSIS,False,False
C1orf122,HALLMARK_GLYCOLYSIS,False,False
C22orf29,HALLMARK_GLYCOLYSIS,False,False
C6orf15,HALLMARK_GLYCOLYSIS,False,False
CADM1,HALLMARK_GLYCOLYSIS,False,False
CADM2,HALLMARK_GLYCOLYSIS,False,False
CAV2,HALLMARK_GLYCOLYSIS,False,False
CCDC117,HALLMARK_GLYCOLYSIS,False,False
CDC14A,HALLMARK_GLYCOLYSIS,False,False
CDKN2A,HALLMARK_GLYCOLYSIS,False,False
CDKN2B-AS1,HALLMARK_GLYCOLYSIS,False,False
CELF1,HALLMARK_GLYCOLYSIS,False,False
CLIC5,HALLMARK_GLYCOLYSIS,False,False
CMB9-22P13.1,HALLMARK_GLYCOLYSIS,False,False
COL11A1,HALLMARK_GLYCOLYSIS,False,False
CRHR1,HALLMARK_GLYCOLYSIS,False,False
CTA-292E10.6,HALLMARK_GLYCOLYSIS,False,False
CTB-39G8.3,HALLMARK_GLYCOLYSIS,False,False
CTD-2005H7.1,HALLMARK_GLYCOLYSIS,False,False
CTD-2020K17.1,HALLMARK_GLYCOLYSIS,False,False
CTD-2020K17.3,HALLMARK_GLYCOLYSIS,False,False
CTTNBP2,HALLMARK_GLYCOLYSIS,False,False
DDX39BP2,HALLMARK_GLYCOLYSIS,False,False
DIO1,HALLMARK_GLYCOLYSIS,False,False
DND1P1,HALLMARK_GLYCOLYSIS,False,False
DYSF,HALLMARK_GLYCOLYSIS,False,False
EFCAB13,HALLMARK_GLYCOLYSIS,False,False
EFEMP1,HALLMARK_GLYCOLYSIS,False,False
EHBP1L1,HALLMARK_GLYCOLYSIS,False,False
FAM215B,HALLMARK_GLYCOLYSIS,False,False
FAM83A,HALLMARK_GLYCOLYSIS,False,False
FAM83A-AS1,HALLMARK_GLYCOLYSIS,False,False
FAM89B,HALLMARK_GLYCOLYSIS,False,False
FHL3,HALLMARK_GLYCOLYSIS,False,False
FLOT1,HALLMARK_GLYCOLYSIS,False,False
FLVCR2,HALLMARK_GLYCOLYSIS,False,False
FMNL1,HALLMARK_GLYCOLYSIS,False,False
FNDC4,HALLMARK_GLYCOLYSIS,False,False
GALR3,HALLMARK_GLYCOLYSIS,False,False
GCAT,HALLMARK_GLYCOLYSIS,False,False
GLIS1,HALLMARK_GLYCOLYSIS,False,False
H1F0,HALLMARK_GLYCOLYSIS,False,False
HCG4,HALLMARK_GLYCOLYSIS,False,False
HCG4B,HALLMARK_GLYCOLYSIS,False,False
HCG4P5,HALLMARK_GLYCOLYSIS,False,False
HCG4P7,HALLMARK_GLYCOLYSIS,False,False
HCG9,HALLMARK_GLYCOLYSIS,False,False
HCP5B,HALLMARK_GLYCOLYSIS,False,False
HECTD4,HALLMARK_GLYCOLYSIS,False,False
HLA-A,HALLMARK_GLYCOLYSIS,False,False
HLA-C,HALLMARK_GLYCOLYSIS,False,False
HLA-F,HALLMARK_GLYCOLYSIS,False,False
HLA-F-AS1,HALLMARK_GLYCOLYSIS,False,False
HLA-G,HALLMARK_GLYCOLYSIS,False,False
HLA-H,HALLMARK_GLYCOLYSIS,False,False
HLA-J,HALLMARK_GLYCOLYSIS,False,False
HLA-L,HALLMARK_GLYCOLYSIS,False,False
HLA-T,HALLMARK_GLYCOLYSIS,False,False
HLA-U,HALLMARK_GLYCOLYSIS,False,False
HLA-V,HALLMARK_GLYCOLYSIS,False,False
HLA-W,HALLMARK_GLYCOLYSIS,False,False
HSCB,HALLMARK_GLYCOLYSIS,False,False
HTRA3,HALLMARK_GLYCOLYSIS,False,False
IFITM4P,HALLMARK_GLYCOLYSIS,False,False
IFT172,HALLMARK_GLYCOLYSIS,False,False
INPP5B,HALLMARK_GLYCOLYSIS,False,False
ITGB3,HALLMARK_GLYCOLYSIS,False,False
KANSL1,HALLMARK_GLYCOLYSIS,False,False
KANSL1-AS1,HALLMARK_GLYCOLYSIS,False,False
KHK,HALLMARK_GLYCOLYSIS,False,False
KLF5,HALLMARK_GLYCOLYSIS,False,False
KRT8P26,HALLMARK_GLYCOLYSIS,False,False
LHPP,HALLMARK_GLYCOLYSIS,True,True
LINC01948,HALLMARK_GLYCOLYSIS,False,False
LINC02052,HALLMARK_GLYCOLYSIS,False,False
LINC02210,HALLMARK_GLYCOLYSIS,False,False
LMO4,HALLMARK_GLYCOLYSIS,False,False
LMO7,HALLMARK_GLYCOLYSIS,False,False
LOXL1,HALLMARK_GLYCOLYSIS,False,False
LOXL1-AS1,HALLMARK_GLYCOLYSIS,False,False
LRRC37A,HALLMARK_GLYCOLYSIS,False,False
LRRC37A17P,HALLMARK_GLYCOLYSIS,False,False
LRRC37A2,HALLMARK_GLYCOLYSIS,False,False
LRRC37A4P,HALLMARK_GLYCOLYSIS,False,False
LRWD1,HALLMARK_GLYCOLYSIS,False,False
LTBP2,HALLMARK_GLYCOLYSIS,False,False
LTBP3,HALLMARK_GLYCOLYSIS,False,False
MADD,HALLMARK_GLYCOLYSIS,False,False
MAPK8IP1P1,HALLMARK_GLYCOLYSIS,False,False
MAPK8IP1P2,HALLMARK_GLYCOLYSIS,False,False
MAPT,HALLMARK_GLYCOLYSIS,False,False
MAPT-AS1,HALLMARK_GLYCOLYSIS,False,False
MAPT-IT1,HALLMARK_GLYCOLYSIS,False,False
ME3,HALLMARK_GLYCOLYSIS,False,False
MICE,HALLMARK_GLYCOLYSIS,False,False
MOV10,HALLMARK_GLYCOLYSIS,False,False
MRPL33,HALLMARK_GLYCOLYSIS,False,False
MTCH2,HALLMARK_GLYCOLYSIS,False,False
MVB12B,HALLMARK_GLYCOLYSIS,False,False
Metazoa_SRP,HALLMARK_GLYCOLYSIS,False,False
NEAT1,HALLMARK_GLYCOLYSIS,False,False
NMT1,HALLMARK_GLYCOLYSIS,False,False
NPEPPS,HALLMARK_GLYCOLYSIS,False,False
NRBP1,HALLMARK_GLYCOLYSIS,False,False
NSF,HALLMARK_GLYCOLYSIS,False,False
NUCB2,HALLMARK_GLYCOLYSIS,False,False
NUDT7,HALLMARK_GLYCOLYSIS,False,False
PDE6C,HALLMARK_GLYCOLYSIS,False,False
PGAM1P8,HALLMARK_GLYCOLYSIS,False,False
PIBF1,HALLMARK_GLYCOLYSIS,False,False
PIGC,HALLMARK_GLYCOLYSIS,False,False
PKIB,HALLMARK_GLYCOLYSIS,False,False
PLCE1,HALLMARK_GLYCOLYSIS,False,False
PLCE1-AS1,HALLMARK_GLYCOLYSIS,False,False
PLEKHA7,HALLMARK_GLYCOLYSIS,False,False
PLEKHM1,HALLMARK_GLYCOLYSIS,False,False
PPP1R18,HALLMARK_GLYCOLYSIS,False,False
PRKCE,HALLMARK_GLYCOLYSIS,False,False
PROX2,HALLMARK_GLYCOLYSIS,False,False
PRSS23,HALLMARK_GLYCOLYSIS,False,False
PSORS1C3,HALLMARK_GLYCOLYSIS,False,False
RAPSN,HALLMARK_GLYCOLYSIS,False,False
RERE,HALLMARK_GLYCOLYSIS,False,False
RIC8B,HALLMARK_GLYCOLYSIS,False,False
RORA,HALLMARK_GLYCOLYSIS,False,False
RP11-123K19.1,HALLMARK_GLYCOLYSIS,False,False
RP11-136H19.1,HALLMARK_GLYCOLYSIS,False,False
RP11-149I2.4,HALLMARK_GLYCOLYSIS,False,False
RP11-162I7.1,HALLMARK_GLYCOLYSIS,False,False
RP11-17G12.2,HALLMARK_GLYCOLYSIS,False,False
RP11-205K6.1,HALLMARK_GLYCOLYSIS,False,False
RP11-217B7.2,HALLMARK_GLYCOLYSIS,False,False
RP11-259A24.1,HALLMARK_GLYCOLYSIS,False,False
RP11-259G18.1,HALLMARK_GLYCOLYSIS,False,False
RP11-259G18.3,HALLMARK_GLYCOLYSIS,False,False
RP11-293E1.1,HALLMARK_GLYCOLYSIS,False,False
RP11-293E1.2,HALLMARK_GLYCOLYSIS,False,False
RP11-302L19.3,HALLMARK_GLYCOLYSIS,False,False
RP11-403A3.3,HALLMARK_GLYCOLYSIS,False,False
RP11-412D9.4,HALLMARK_GLYCOLYSIS,False,False
RP11-507B12.1,HALLMARK_GLYCOLYSIS,False,False
RP11-507B12.2,HALLMARK_GLYCOLYSIS,False,False
RP11-669E14.6,HALLMARK_GLYCOLYSIS,False,False
RP11-707O23.1,HALLMARK_GLYCOLYSIS,False,False
RP11-750H9.5,HALLMARK_GLYCOLYSIS,False,False
RP11-755F10.1,HALLMARK_GLYCOLYSIS,False,False
RP11-762L8.6,HALLMARK_GLYCOLYSIS,False,False
RP11-770G2.2,HALLMARK_GLYCOLYSIS,False,False
RP11-798G7.6,HALLMARK_GLYCOLYSIS,False,False
RP11-798G7.8,HALLMARK_GLYCOLYSIS,False,False
RP5-1115A15.1,HALLMARK_GLYCOLYSIS,False,False
RPS26P8,HALLMARK_GLYCOLYSIS,False,False
SCRN2,HALLMARK_GLYCOLYSIS,False,False
SEMA3E,HALLMARK_GLYCOLYSIS,False,False
SEPT7,HALLMARK_GLYCOLYSIS,False,False
SF3A3,HALLMARK_GLYCOLYSIS,False,False
SFTA1P,HALLMARK_GLYCOLYSIS,False,False
SGSM2,HALLMARK_GLYCOLYSIS,False,False
SLC25A45,HALLMARK_GLYCOLYSIS,False,False
SLC39A13,HALLMARK_GLYCOLYSIS,False,False
SMAD6,HALLMARK_GLYCOLYSIS,False,False
SNORD14A,HALLMARK_GLYCOLYSIS,False,False
SSSCA1-AS1,HALLMARK_GLYCOLYSIS,False,False
TARID,HALLMARK_GLYCOLYSIS,False,False
TBC1D31,HALLMARK_GLYCOLYSIS,False,False
TBKBP1,HALLMARK_GLYCOLYSIS,False,False
TBPL1,HALLMARK_GLYCOLYSIS,False,False
TGFB3,HALLMARK_GLYCOLYSIS,False,False
THCAT158,HALLMARK_GLYCOLYSIS,False,False
THSD7A,HALLMARK_GLYCOLYSIS,False,False
TIGD3,HALLMARK_GLYCOLYSIS,False,False
TMEM116,HALLMARK_GLYCOLYSIS,False,False
TMEM136,HALLMARK_GLYCOLYSIS,False,False
TMEM181,HALLMARK_GLYCOLYSIS,False,False
TMEM263,HALLMARK_GLYCOLYSIS,False,False
TRIM26,HALLMARK_GLYCOLYSIS,False,False
TRIOBP,HALLMARK_GLYCOLYSIS,False,False
TSC22D2,HALLMARK_GLYCOLYSIS,False,False
TTC28,HALLMARK_GLYCOLYSIS,False,False
TTLL5,HALLMARK_GLYCOLYSIS,False,False
TXNDC8,HALLMARK_GLYCOLYSIS,False,False
TXNRD2,HALLMARK_GLYCOLYSIS,False,False
UTP11,HALLMARK_GLYCOLYSIS,False,False
VARS2,HALLMARK_GLYCOLYSIS,False,False
VCAM1,HALLMARK_GLYCOLYSIS,False,False
WLS,HALLMARK_GLYCOLYSIS,False,False
WNT2B,HALLMARK_GLYCOLYSIS,False,False
XRCC6P1,HALLMARK_GLYCOLYSIS,False,False
XXbac-BPG170G13.32,HALLMARK_GLYCOLYSIS,False,False
XXbac-BPG283O16.9,HALLMARK_GLYCOLYSIS,False,False
YAP1,HALLMARK_GLYCOLYSIS,False,False
YIF1A,HALLMARK_GLYCOLYSIS,False,False
ZNF280D,HALLMARK_GLYCOLYSIS,False,False
ZNF638,HALLMARK_GLYCOLYSIS,False,False
ZNF638-IT1,HALLMARK_GLYCOLYSIS,False,False
DGKG,HALLMARK_FATTY_ACID_METABOLISM,False,False
SLC2A12,HALLMARK_FATTY_ACID_METABOLISM,False,False
COL8A2,HALLMARK_FATTY_ACID_METABOLISM,False,False
NPC2,HALLMARK_FATTY_ACID_METABOLISM,False,False
PSMC3,HALLMARK_FATTY_ACID_METABOLISM,False,False
RP11-466F5.8,HALLMARK_FATTY_ACID_METABOLISM,False,False
LPP,HALLMARK_FATTY_ACID_METABOLISM,False,False
RP11-121M22.1,HALLMARK_FATTY_ACID_METABOLISM,False,False
ABO,HALLMARK_FATTY_ACID_METABOLISM,False,False
ADAMTS8,HALLMARK_FATTY_ACID_METABOLISM,False,False
CALD1,HALLMARK_FATTY_ACID_METABOLISM,False,False
CHEK2,HALLMARK_FATTY_ACID_METABOLISM,False,False
GAS7,HALLMARK_FATTY_ACID_METABOLISM,False,False
LMX1B,HALLMARK_FATTY_ACID_METABOLISM,False,False
TCF12,HALLMARK_FATTY_ACID_METABOLISM,False,False
TMCO1,HALLMARK_FATTY_ACID_METABOLISM,False,False
TRIB2,HALLMARK_FATTY_ACID_METABOLISM,False,False
AC000078.5,HALLMARK_FATTY_ACID_METABOLISM,False,False
AC002066.1,HALLMARK_FATTY_ACID_METABOLISM,False,False
AC012066.1,HALLMARK_FATTY_ACID_METABOLISM,False,False
AC091132.1,HALLMARK_FATTY_ACID_METABOLISM,False,False
ACBD4,HALLMARK_FATTY_ACID_METABOLISM,False,False
AFAP1,HALLMARK_FATTY_ACID_METABOLISM,False,False
ALDH2,HALLMARK_FATTY_ACID_METABOLISM,False,False
AP003068.23,HALLMARK_FATTY_ACID_METABOLISM,False,False
AP5B1,HALLMARK_FATTY_ACID_METABOLISM,False,False
AREL1,HALLMARK_FATTY_ACID_METABOLISM,False,False
ARHGAP27,HALLMARK_FATTY_ACID_METABOLISM,False,False
ARHGEF12,HALLMARK_FATTY_ACID_METABOLISM,False,False
ARL17A,HALLMARK_FATTY_ACID_METABOLISM,False,False
ATP5J,HALLMARK_FATTY_ACID_METABOLISM,False,False
BICC1,HALLMARK_FATTY_ACID_METABOLISM,False,False
BORA,HALLMARK_FATTY_ACID_METABOLISM,False,False
C1orf109,HALLMARK_FATTY_ACID_METABOLISM,False,False
C1orf122,HALLMARK_FATTY_ACID_METABOLISM,False,False
C22orf29,HALLMARK_FATTY_ACID_METABOLISM,False,False
C6orf15,HALLMARK_FATTY_ACID_METABOLISM,False,False
CADM1,HALLMARK_FATTY_ACID_METABOLISM,False,False
CADM2,HALLMARK_FATTY_ACID_METABOLISM,False,False
CAV2,HALLMARK_FATTY_ACID_METABOLISM,False,False
CCDC117,HALLMARK_FATTY_ACID_METABOLISM,False,False
CDC14A,HALLMARK_FATTY_ACID_METABOLISM,False,False
CDKN2A,HALLMARK_FATTY_ACID_METABOLISM,False,False
CDKN2B-AS1,HALLMARK_FATTY_ACID_METABOLISM,False,False
CELF1,HALLMARK_FATTY_ACID_METABOLISM,False,False
CLIC5,HALLMARK_FATTY_ACID_METABOLISM,False,False
CMB9-22P13.1,HALLMARK_FATTY_ACID_METABOLISM,False,False
COL11A1,HALLMARK_FATTY_ACID_METABOLISM,False,False
CRHR1,HALLMARK_FATTY_ACID_METABOLISM,False,False
CTA-292E10.6,HALLMARK_FATTY_ACID_METABOLISM,False,False
CTB-39G8.3,HALLMARK_FATTY_ACID_METABOLISM,False,False
CTD-2005H7.1,HALLMARK_FATTY_ACID_METABOLISM,False,False
CTD-2020K17.1,HALLMARK_FATTY_ACID_METABOLISM,False,False
CTD-2020K17.3,HALLMARK_FATTY_ACID_METABOLISM,False,False
CTTNBP2,HALLMARK_FATTY_ACID_METABOLISM,False,False
DDX39BP2,HALLMARK_FATTY_ACID_METABOLISM,False,False
DIO1,HALLMARK_FATTY_ACID_METABOLISM,False,False
DND1P1,HALLMARK_FATTY_ACID_METABOLISM,False,False
DYSF,HALLMARK_FATTY_ACID_METABOLISM,False,False
EFCAB13,HALLMARK_FATTY_ACID_METABOLISM,False,False
EFEMP1,HALLMARK_FATTY_ACID_METABOLISM,False,False
EHBP1L1,HALLMARK_FATTY_ACID_METABOLISM,False,False
FAM215B,HALLMARK_FATTY_ACID_METABOLISM,False,False
FAM83A,HALLMARK_FATTY_ACID_METABOLISM,False,False
FAM83A-AS1,HALLMARK_FATTY_ACID_METABOLISM,False,False
FAM89B,HALLMARK_FATTY_ACID_METABOLISM,False,False
FHL3,HALLMARK_FATTY_ACID_METABOLISM,False,False
FLOT1,HALLMARK_FATTY_ACID_METABOLISM,False,False
FLVCR2,HALLMARK_FATTY_ACID_METABOLISM,False,False
FMNL1,HALLMARK_FATTY_ACID_METABOLISM,False,False
FNDC4,HALLMARK_FATTY_ACID_METABOLISM,False,False
GALR3,HALLMARK_FATTY_ACID_METABOLISM,False,False
GCAT,HALLMARK_FATTY_ACID_METABOLISM,False,False
GLIS1,HALLMARK_FATTY_ACID_METABOLISM,False,False
H1F0,HALLMARK_FATTY_ACID_METABOLISM,False,False
HCG4,HALLMARK_FATTY_ACID_METABOLISM,False,False
HCG4B,HALLMARK_FATTY_ACID_METABOLISM,False,False
HCG4P5,HALLMARK_FATTY_ACID_METABOLISM,False,False
HCG4P7,HALLMARK_FATTY_ACID_METABOLISM,False,False
HCG9,HALLMARK_FATTY_ACID_METABOLISM,False,False
HCP5B,HALLMARK_FATTY_ACID_METABOLISM,False,False
HECTD4,HALLMARK_FATTY_ACID_METABOLISM,False,False
HLA-A,HALLMARK_FATTY_ACID_METABOLISM,False,False
HLA-C,HALLMARK_FATTY_ACID_METABOLISM,False,False
HLA-F,HALLMARK_FATTY_ACID_METABOLISM,False,False
HLA-F-AS1,HALLMARK_FATTY_ACID_METABOLISM,False,False
HLA-G,HALLMARK_FATTY_ACID_METABOLISM,False,False
HLA-H,HALLMARK_FATTY_ACID_METABOLISM,False,False
HLA-J,HALLMARK_FATTY_ACID_METABOLISM,False,False
HLA-L,HALLMARK_FATTY_ACID_METABOLISM,False,False
HLA-T,HALLMARK_FATTY_ACID_METABOLISM,False,False
HLA-U,HALLMARK_FATTY_ACID_METABOLISM,False,False
HLA-V,HALLMARK_FATTY_ACID_METABOLISM,False,False
HLA-W,HALLMARK_FATTY_ACID_METABOLISM,False,False
HSCB,HALLMARK_FATTY_ACID_METABOLISM,False,False
HTRA3,HALLMARK_FATTY_ACID_METABOLISM,False,False
IFITM4P,HALLMARK_FATTY_ACID_METABOLISM,False,False
IFT172,HALLMARK_FATTY_ACID_METABOLISM,False,False
INPP5B,HALLMARK_FATTY_ACID_METABOLISM,False,False
ITGB3,HALLMARK_FATTY_ACID_METABOLISM,False,False
KANSL1,HALLMARK_FATTY_ACID_METABOLISM,False,False
KANSL1-AS1,HALLMARK_FATTY_ACID_METABOLISM,False,False
KHK,HALLMARK_FATTY_ACID_METABOLISM,False,False
KLF5,HALLMARK_FATTY_ACID_METABOLISM,False,False
KRT8P26,HALLMARK_FATTY_ACID_METABOLISM,False,False
LHPP,HALLMARK_FATTY_ACID_METABOLISM,False,False
LINC01948,HALLMARK_FATTY_ACID_METABOLISM,False,False
LINC02052,HALLMARK_FATTY_ACID_METABOLISM,False,False
LINC02210,HALLMARK_FATTY_ACID_METABOLISM,False,False
LMO4,HALLMARK_FATTY_ACID_METABOLISM,False,False
LMO7,HALLMARK_FATTY_ACID_METABOLISM,False,False
LOXL1,HALLMARK_FATTY_ACID_METABOLISM,False,False
LOXL1-AS1,HALLMARK_FATTY_ACID_METABOLISM,False,False
LRRC37A,HALLMARK_FATTY_ACID_METABOLISM,False,False
LRRC37A17P,HALLMARK_FATTY_ACID_METABOLISM,False,False
LRRC37A2,HALLMARK_FATTY_ACID_METABOLISM,False,False
LRRC37A4P,HALLMARK_FATTY_ACID_METABOLISM,False,False
LRWD1,HALLMARK_FATTY_ACID_METABOLISM,False,False
LTBP2,HALLMARK_FATTY_ACID_METABOLISM,False,False
LTBP3,HALLMARK_FATTY_ACID_METABOLISM,False,False
MADD,HALLMARK_FATTY_ACID_METABOLISM,False,False
MAPK8IP1P1,HALLMARK_FATTY_ACID_METABOLISM,False,False
MAPK8IP1P2,HALLMARK_FATTY_ACID_METABOLISM,False,False
MAPT,HALLMARK_FATTY_ACID_METABOLISM,False,False
MAPT-AS1,HALLMARK_FATTY_ACID_METABOLISM,False,False
MAPT-IT1,HALLMARK_FATTY_ACID_METABOLISM,False,False
ME3,HALLMARK_FATTY_ACID_METABOLISM,False,False
MICE,HALLMARK_FATTY_ACID_METABOLISM,False,False
MOV10,HALLMARK_FATTY_ACID_METABOLISM,False,False
MRPL33,HALLMARK_FATTY_ACID_METABOLISM,False,False
MTCH2,HALLMARK_FATTY_ACID_METABOLISM,False,False
MVB12B,HALLMARK_FATTY_ACID_METABOLISM,False,False
Metazoa_SRP,HALLMARK_FATTY_ACID_METABOLISM,False,False
NEAT1,HALLMARK_FATTY_ACID_METABOLISM,False,False
NMT1,HALLMARK_FATTY_ACID_METABOLISM,False,False
NPEPPS,HALLMARK_FATTY_ACID_METABOLISM,False,False
NRBP1,HALLMARK_FATTY_ACID_METABOLISM,False,False
NSF,HALLMARK_FATTY_ACID_METABOLISM,False,False
NUCB2,HALLMARK_FATTY_ACID_METABOLISM,False,False
NUDT7,HALLMARK_FATTY_ACID_METABOLISM,False,False
PDE6C,HALLMARK_FATTY_ACID_METABOLISM,False,False
PGAM1P8,HALLMARK_FATTY_ACID_METABOLISM,False,False
PIBF1,HALLMARK_FATTY_ACID_METABOLISM,False,False
PIGC,HALLMARK_FATTY_ACID_METABOLISM,False,False
PKIB,HALLMARK_FATTY_ACID_METABOLISM,False,False
PLCE1,HALLMARK_FATTY_ACID_METABOLISM,False,False
PLCE1-AS1,HALLMARK_FATTY_ACID_METABOLISM,False,False
PLEKHA7,HALLMARK_FATTY_ACID_METABOLISM,False,False
PLEKHM1,HALLMARK_FATTY_ACID_METABOLISM,False,False
PPP1R18,HALLMARK_FATTY_ACID_METABOLISM,False,False
PRKCE,HALLMARK_FATTY_ACID_METABOLISM,False,False
PROX2,HALLMARK_FATTY_ACID_METABOLISM,False,False
PRSS23,HALLMARK_FATTY_ACID_METABOLISM,False,False
PSORS1C3,HALLMARK_FATTY_ACID_METABOLISM,False,False
RAPSN,HALLMARK_FATTY_ACID_METABOLISM,False,False
RERE,HALLMARK_FATTY_ACID_METABOLISM,False,False
RIC8B,HALLMARK_FATTY_ACID_METABOLISM,False,False
RORA,HALLMARK_FATTY_ACID_METABOLISM,False,False
RP11-123K19.1,HALLMARK_FATTY_ACID_METABOLISM,False,False
RP11-136H19.1,HALLMARK_FATTY_ACID_METABOLISM,False,False
RP11-149I2.4,HALLMARK_FATTY_ACID_METABOLISM,False,False
RP11-162I7.1,HALLMARK_FATTY_ACID_METABOLISM,False,False
RP11-17G12.2,HALLMARK_FATTY_ACID_METABOLISM,False,False
RP11-205K6.1,HALLMARK_FATTY_ACID_METABOLISM,False,False
RP11-217B7.2,HALLMARK_FATTY_ACID_METABOLISM,False,False
RP11-259A24.1,HALLMARK_FATTY_ACID_METABOLISM,False,False
RP11-259G18.1,HALLMARK_FATTY_ACID_METABOLISM,False,False
RP11-259G18.3,HALLMARK_FATTY_ACID_METABOLISM,False,False
RP11-293E1.1,HALLMARK_FATTY_ACID_METABOLISM,False,False
RP11-293E1.2,HALLMARK_FATTY_ACID_METABOLISM,False,False
RP11-302L19.3,HALLMARK_FATTY_ACID_METABOLISM,False,False
RP11-403A3.3,HALLMARK_FATTY_ACID_METABOLISM,False,False
RP11-412D9.4,HALLMARK_FATTY_ACID_METABOLISM,False,False
RP11-507B12.1,HALLMARK_FATTY_ACID_METABOLISM,False,False
RP11-507B12.2,HALLMARK_FATTY_ACID_METABOLISM,False,False
RP11-669E14.6,HALLMARK_FATTY_ACID_METABOLISM,False,False
RP11-707O23.1,HALLMARK_FATTY_ACID_METABOLISM,False,False
RP11-750H9.5,HALLMARK_FATTY_ACID_METABOLISM,False,False
RP11-755F10.1,HALLMARK_FATTY_ACID_METABOLISM,False,False
RP11-762L8.6,HALLMARK_FATTY_ACID_METABOLISM,False,False
RP11-770G2.2,HALLMARK_FATTY_ACID_METABOLISM,False,False
RP11-798G7.6,HALLMARK_FATTY_ACID_METABOLISM,False,False
RP11-798G7.8,HALLMARK_FATTY_ACID_METABOLISM,False,False
RP5-1115A15.1,HALLMARK_FATTY_ACID_METABOLISM,False,False
RPS26P8,HALLMARK_FATTY_ACID_METABOLISM,False,False
SCRN2,HALLMARK_FATTY_ACID_METABOLISM,False,False
SEMA3E,HALLMARK_FATTY_ACID_METABOLISM,False,False
SEPT7,HALLMARK_FATTY_ACID_METABOLISM,False,False
SF3A3,HALLMARK_FATTY_ACID_METABOLISM,False,False
SFTA1P,HALLMARK_FATTY_ACID_METABOLISM,False,False
SGSM2,HALLMARK_FATTY_ACID_METABOLISM,False,False
SLC25A45,HALLMARK_FATTY_ACID_METABOLISM,False,False
SLC39A13,HALLMARK_FATTY_ACID_METABOLISM,False,False
SMAD6,HALLMARK_FATTY_ACID_METABOLISM,False,False
SNORD14A,HALLMARK_FATTY_ACID_METABOLISM,False,False
SSSCA1-AS1,HALLMARK_FATTY_ACID_METABOLISM,False,False
TARID,HALLMARK_FATTY_ACID_METABOLISM,False,False
TBC1D31,HALLMARK_FATTY_ACID_METABOLISM,False,False
TBKBP1,HALLMARK_FATTY_ACID_METABOLISM,False,False
TBPL1,HALLMARK_FATTY_ACID_METABOLISM,False,False
TGFB3,HALLMARK_FATTY_ACID_METABOLISM,False,False
THCAT158,HALLMARK_FATTY_ACID_METABOLISM,False,False
THSD7A,HALLMARK_FATTY_ACID_METABOLISM,False,False
TIGD3,HALLMARK_FATTY_ACID_METABOLISM,False,False
TMEM116,HALLMARK_FATTY_ACID_METABOLISM,False,False
TMEM136,HALLMARK_FATTY_ACID_METABOLISM,False,False
TMEM181,HALLMARK_FATTY_ACID_METABOLISM,False,False
TMEM263,HALLMARK_FATTY_ACID_METABOLISM,False,False
TRIM26,HALLMARK_FATTY_ACID_METABOLISM,False,False
TRIOBP,HALLMARK_FATTY_ACID_METABOLISM,False,False
TSC22D2,HALLMARK_FATTY_ACID_METABOLISM,False,False
TTC28,HALLMARK_FATTY_ACID_METABOLISM,False,False
TTLL5,HALLMARK_FATTY_ACID_METABOLISM,False,False
TXNDC8,HALLMARK_FATTY_ACID_METABOLISM,False,False
TXNRD2,HALLMARK_FATTY_ACID_METABOLISM,False,False
UTP11,HALLMARK_FATTY_ACID_METABOLISM,False,False
VARS2,HALLMARK_FATTY_ACID_METABOLISM,False,False
VCAM1,HALLMARK_FATTY_ACID_METABOLISM,False,False
WLS,HALLMARK_FATTY_ACID_METABOLISM,False,False
WNT2B,HALLMARK_FATTY_ACID_METABOLISM,False,False
XRCC6P1,HALLMARK_FATTY_ACID_METABOLISM,False,False
XXbac-BPG170G13.32,HALLMARK_FATTY_ACID_METABOLISM,False,False
XXbac-BPG283O16.9,HALLMARK_FATTY_ACID_METABOLISM,False,False
YAP1,HALLMARK_FATTY_ACID_METABOLISM,False,False
YIF1A,HALLMARK_FATTY_ACID_METABOLISM,False,False
ZNF280D,HALLMARK_FATTY_ACID_METABOLISM,False,False
ZNF638,HALLMARK_FATTY_ACID_METABOLISM,False,False
ZNF638-IT1,HALLMARK_FATTY_ACID_METABOLISM,False,False
DGKG,HALLMARK_UNFOLDED_PROTEIN_RESPONSE,False,False
SLC2A12,HALLMARK_UNFOLDED_PROTEIN_RESPONSE,False,False
COL8A2,HALLMARK_UNFOLDED_PROTEIN_RESPONSE,False,False
NPC2,HALLMARK_UNFOLDED_PROTEIN_RESPONSE,False,False
PSMC3,HALLMARK_UNFOLDED_PROTEIN_RESPONSE,False,False
RP11-466F5.8,HALLMARK_UNFOLDED_PROTEIN_RESPONSE,False,False
LPP,HALLMARK_UNFOLDED_PROTEIN_RESPONSE,False,False
RP11-121M22.1,HALLMARK_UNFOLDED_PROTEIN_RESPONSE,False,False
ABO,HALLMARK_UNFOLDED_PROTEIN_RESPONSE,False,False
ADAMTS8,HALLMARK_UNFOLDED_PROTEIN_RESPONSE,False,False
CALD1,HALLMARK_UNFOLDED_PROTEIN_RESPONSE,False,False
CHEK2,HALLMARK_UNFOLDED_PROTEIN_RESPONSE,False,False
GAS7,HALLMARK_UNFOLDED_PROTEIN_RESPONSE,False,False
LMX1B,HALLMARK_UNFOLDED_PROTEIN_RESPONSE,False,False
TCF12,HALLMARK_UNFOLDED_PROTEIN_RESPONSE,False,False
TMCO1,HALLMARK_UNFOLDED_PROTEIN_RESPONSE,False,False
TRIB2,HALLMARK_UNFOLDED_PROTEIN_RESPONSE,False,False
AC000078.5,HALLMARK_UNFOLDED_PROTEIN_RESPONSE,False,False
AC002066.1,HALLMARK_UNFOLDED_PROTEIN_RESPONSE,False,False
AC012066.1,HALLMARK_UNFOLDED_PROTEIN_RESPONSE,False,False
AC091132.1,HALLMARK_UNFOLDED_PROTEIN_RESPONSE,False,False
ACBD4,HALLMARK_UNFOLDED_PROTEIN_RESPONSE,False,False
AFAP1,HALLMARK_UNFOLDED_PROTEIN_RESPONSE,False,False
ALDH2,HALLMARK_UNFOLDED_PROTEIN_RESPONSE,False,False
AP003068.23,HALLMARK_UNFOLDED_PROTEIN_RESPONSE,False,False
AP5B1,HALLMARK_UNFOLDED_PROTEIN_RESPONSE,False,False
AREL1,HALLMARK_UNFOLDED_PROTEIN_RESPONSE,False,False
ARHGAP27,HALLMARK_UNFOLDED_PROTEIN_RESPONSE,False,False
ARHGEF12,HALLMARK_UNFOLDED_PROTEIN_RESPONSE,False,False
ARL17A,HALLMARK_UNFOLDED_PROTEIN_RESPONSE,False,False
ATP5J,HALLMARK_UNFOLDED_PROTEIN_RESPONSE,False,False
BICC1,HALLMARK_UNFOLDED_PROTEIN_RESPONSE,False,False
BORA,HALLMARK_UNFOLDED_PROTEIN_RESPONSE,False,False
C1orf109,HALLMARK_UNFOLDED_PROTEIN_RESPONSE,False,False
C1orf122,HALLMARK_UNFOLDED_PROTEIN_RESPONSE,False,False
C22orf29,HALLMARK_UNFOLDED_PROTEIN_RESPONSE,False,False
C6orf15,HALLMARK_UNFOLDED_PROTEIN_RESPONSE,False,False
CADM1,HALLMARK_UNFOLDED_PROTEIN_RESPONSE,False,False
CADM2,HALLMARK_UNFOLDED_PROTEIN_RESPONSE,False,False
CAV2,HALLMARK_UNFOLDED_PROTEIN_RESPONSE,False,False
CCDC117,HALLMARK_UNFOLDED_PROTEIN_RESPONSE,False,False
CDC14A,HALLMARK_UNFOLDED_PROTEIN_RESPONSE,False,False
CDKN2A,HALLMARK_UNFOLDED_PROTEIN_RESPONSE,False,False
CDKN2B-AS1,HALLMARK_UNFOLDED_PROTEIN_RESPONSE,False,False
CELF1,HALLMARK_UNFOLDED_PROTEIN_RESPONSE,False,False
CLIC5,HALLMARK_UNFOLDED_PROTEIN_RESPONSE,False,False
CMB9-22P13.1,HALLMARK_UNFOLDED_PROTEIN_RESPONSE,False,False
COL11A1,HALLMARK_UNFOLDED_PROTEIN_RESPONSE,False,False
CRHR1,HALLMARK_UNFOLDED_PROTEIN_RESPONSE,False,False
CTA-292E10.6,HALLMARK_UNFOLDED_PROTEIN_RESPONSE,False,False
CTB-39G8.3,HALLMARK_UNFOLDED_PROTEIN_RESPONSE,False,False
CTD-2005H7.1,HALLMARK_UNFOLDED_PROTEIN_RESPONSE,False,False
CTD-2020K17.1,HALLMARK_UNFOLDED_PROTEIN_RESPONSE,False,False
CTD-2020K17.3,HALLMARK_UNFOLDED_PROTEIN_RESPONSE,False,False
CTTNBP2,HALLMARK_UNFOLDED_PROTEIN_RESPONSE,False,False
DDX39BP2,HALLMARK_UNFOLDED_PROTEIN_RESPONSE,False,False
DIO1,HALLMARK_UNFOLDED_PROTEIN_RESPONSE,False,False
DND1P1,HALLMARK_UNFOLDED_PROTEIN_RESPONSE,False,False
DYSF,HALLMARK_UNFOLDED_PROTEIN_RESPONSE,False,False
EFCAB13,HALLMARK_UNFOLDED_PROTEIN_RESPONSE,False,False
EFEMP1,HALLMARK_UNFOLDED_PROTEIN_RESPONSE,False,False
EHBP1L1,HALLMARK_UNFOLDED_PROTEIN_RESPONSE,False,False
FAM215B,HALLMARK_UNFOLDED_PROTEIN_RESPONSE,False,False
FAM83A,HALLMARK_UNFOLDED_PROTEIN_RESPONSE,False,False
FAM83A-AS1,HALLMARK_UNFOLDED_PROTEIN_RESPONSE,False,False
FAM89B,HALLMARK_UNFOLDED_PROTEIN_RESPONSE,False,False
FHL3,HALLMARK_UNFOLDED_PROTEIN_RESPONSE,False,False
FLOT1,HALLMARK_UNFOLDED_PROTEIN_RESPONSE,False,False
FLVCR2,HALLMARK_UNFOLDED_PROTEIN_RESPONSE,False,False
FMNL1,HALLMARK_UNFOLDED_PROTEIN_RESPONSE,False,False
FNDC4,HALLMARK_UNFOLDED_PROTEIN_RESPONSE,False,False
GALR3,HALLMARK_UNFOLDED_PROTEIN_RESPONSE,False,False
GCAT,HALLMARK_UNFOLDED_PROTEIN_RESPONSE,False,False
GLIS1,HALLMARK_UNFOLDED_PROTEIN_RESPONSE,False,False
H1F0,HALLMARK_UNFOLDED_PROTEIN_RESPONSE,False,False
HCG4,HALLMARK_UNFOLDED_PROTEIN_RESPONSE,False,False
HCG4B,HALLMARK_UNFOLDED_PROTEIN_RESPONSE,False,False
HCG4P5,HALLMARK_UNFOLDED_PROTEIN_RESPONSE,False,False
HCG4P7,HALLMARK_UNFOLDED_PROTEIN_RESPONSE,False,False
HCG9,HALLMARK_UNFOLDED_PROTEIN_RESPONSE,False,False
HCP5B,HALLMARK_UNFOLDED_PROTEIN_RESPONSE,False,False
HECTD4,HALLMARK_UNFOLDED_PROTEIN_RESPONSE,False,False
HLA-A,HALLMARK_UNFOLDED_PROTEIN_RESPONSE,False,False
HLA-C,HALLMARK_UNFOLDED_PROTEIN_RESPONSE,False,False
HLA-F,HALLMARK_UNFOLDED_PROTEIN_RESPONSE,False,False
HLA-F-AS1,HALLMARK_UNFOLDED_PROTEIN_RESPONSE,False,False
HLA-G,HALLMARK_UNFOLDED_PROTEIN_RESPONSE,False,False
HLA-H,HALLMARK_UNFOLDED_PROTEIN_RESPONSE,False,False
HLA-J,HALLMARK_UNFOLDED_PROTEIN_RESPONSE,False,False
HLA-L,HALLMARK_UNFOLDED_PROTEIN_RESPONSE,False,False
HLA-T,HALLMARK_UNFOLDED_PROTEIN_RESPONSE,False,False
HLA-U,HALLMARK_UNFOLDED_PROTEIN_RESPONSE,False,False
HLA-V,HALLMARK_UNFOLDED_PROTEIN_RESPONSE,False,False
HLA-W,HALLMARK_UNFOLDED_PROTEIN_RESPONSE,False,False
HSCB,HALLMARK_UNFOLDED_PROTEIN_RESPONSE,False,False
HTRA3,HALLMARK_UNFOLDED_PROTEIN_RESPONSE,False,False
IFITM4P,HALLMARK_UNFOLDED_PROTEIN_RESPONSE,False,False
IFT172,HALLMARK_UNFOLDED_PROTEIN_RESPONSE,False,False
INPP5B,HALLMARK_UNFOLDED_PROTEIN_RESPONSE,False,False
ITGB3,HALLMARK_UNFOLDED_PROTEIN_RESPONSE,False,False
KANSL1,HALLMARK_UNFOLDED_PROTEIN_RESPONSE,False,False
KANSL1-AS1,HALLMARK_UNFOLDED_PROTEIN_RESPONSE,False,False
KHK,HALLMARK_UNFOLDED_PROTEIN_RESPONSE,False,False
KLF5,HALLMARK_UNFOLDED_PROTEIN_RESPONSE,False,False
KRT8P26,HALLMARK_UNFOLDED_PROTEIN_RESPONSE,False,False
LHPP,HALLMARK_UNFOLDED_PROTEIN_RESPONSE,False,False
LINC01948,HALLMARK_UNFOLDED_PROTEIN_RESPONSE,False,False
LINC02052,HALLMARK_UNFOLDED_PROTEIN_RESPONSE,False,False
LINC02210,HALLMARK_UNFOLDED_PROTEIN_RESPONSE,False,False
LMO4,HALLMARK_UNFOLDED_PROTEIN_RESPONSE,False,False
LMO7,HALLMARK_UNFOLDED_PROTEIN_RESPONSE,False,False
LOXL1,HALLMARK_UNFOLDED_PROTEIN_RESPONSE,False,False
LOXL1-AS1,HALLMARK_UNFOLDED_PROTEIN_RESPONSE,False,False
LRRC37A,HALLMARK_UNFOLDED_PROTEIN_RESPONSE,False,False
LRRC37A17P,HALLMARK_UNFOLDED_PROTEIN_RESPONSE,False,False
LRRC37A2,HALLMARK_UNFOLDED_PROTEIN_RESPONSE,False,False
LRRC37A4P,HALLMARK_UNFOLDED_PROTEIN_RESPONSE,False,False
LRWD1,HALLMARK_UNFOLDED_PROTEIN_RESPONSE,False,False
LTBP2,HALLMARK_UNFOLDED_PROTEIN_RESPONSE,False,False
LTBP3,HALLMARK_UNFOLDED_PROTEIN_RESPONSE,False,False
MADD,HALLMARK_UNFOLDED_PROTEIN_RESPONSE,False,False
MAPK8IP1P1,HALLMARK_UNFOLDED_PROTEIN_RESPONSE,False,False
MAPK8IP1P2,HALLMARK_UNFOLDED_PROTEIN_RESPONSE,False,False
MAPT,HALLMARK_UNFOLDED_PROTEIN_RESPONSE,False,False
MAPT-AS1,HALLMARK_UNFOLDED_PROTEIN_RESPONSE,False,False
MAPT-IT1,HALLMARK_UNFOLDED_PROTEIN_RESPONSE,False,False
ME3,HALLMARK_UNFOLDED_PROTEIN_RESPONSE,False,False
MICE,HALLMARK_UNFOLDED_PROTEIN_RESPONSE,False,False
MOV10,HALLMARK_UNFOLDED_PROTEIN_RESPONSE,False,False
MRPL33,HALLMARK_UNFOLDED_PROTEIN_RESPONSE,False,False
MTCH2,HALLMARK_UNFOLDED_PROTEIN_RESPONSE,False,False
MVB12B,HALLMARK_UNFOLDED_PROTEIN_RESPONSE,False,False
Metazoa_SRP,HALLMARK_UNFOLDED_PROTEIN_RESPONSE,False,False
NEAT1,HALLMARK_UNFOLDED_PROTEIN_RESPONSE,False,False
NMT1,HALLMARK_UNFOLDED_PROTEIN_RESPONSE,False,False
NPEPPS,HALLMARK_UNFOLDED_PROTEIN_RESPONSE,False,False
NRBP1,HALLMARK_UNFOLDED_PROTEIN_RESPONSE,False,False
NSF,HALLMARK_UNFOLDED_PROTEIN_RESPONSE,False,False
NUCB2,HALLMARK_UNFOLDED_PROTEIN_RESPONSE,False,False
NUDT7,HALLMARK_UNFOLDED_PROTEIN_RESPONSE,False,False
PDE6C,HALLMARK_UNFOLDED_PROTEIN_RESPONSE,False,False
PGAM1P8,HALLMARK_UNFOLDED_PROTEIN_RESPONSE,False,False
PIBF1,HALLMARK_UNFOLDED_PROTEIN_RESPONSE,False,False
PIGC,HALLMARK_UNFOLDED_PROTEIN_RESPONSE,False,False
PKIB,HALLMARK_UNFOLDED_PROTEIN_RESPONSE,False,False
PLCE1,HALLMARK_UNFOLDED_PROTEIN_RESPONSE,False,False
PLCE1-AS1,HALLMARK_UNFOLDED_PROTEIN_RESPONSE,False,False
PLEKHA7,HALLMARK_UNFOLDED_PROTEIN_RESPONSE,False,False
PLEKHM1,HALLMARK_UNFOLDED_PROTEIN_RESPONSE,False,False
PPP1R18,HALLMARK_UNFOLDED_PROTEIN_RESPONSE,False,False
PRKCE,HALLMARK_UNFOLDED_PROTEIN_RESPONSE,False,False
PROX2,HALLMARK_UNFOLDED_PROTEIN_RESPONSE,False,False
PRSS23,HALLMARK_UNFOLDED_PROTEIN_RESPONSE,False,False
PSORS1C3,HALLMARK_UNFOLDED_PROTEIN_RESPONSE,False,False
RAPSN,HALLMARK_UNFOLDED_PROTEIN_RESPONSE,False,False
RERE,HALLMARK_UNFOLDED_PROTEIN_RESPONSE,False,False
RIC8B,HALLMARK_UNFOLDED_PROTEIN_RESPONSE,False,False
RORA,HALLMARK_UNFOLDED_PROTEIN_RESPONSE,False,False
RP11-123K19.1,HALLMARK_UNFOLDED_PROTEIN_RESPONSE,False,False
RP11-136H19.1,HALLMARK_UNFOLDED_PROTEIN_RESPONSE,False,False
RP11-149I2.4,HALLMARK_UNFOLDED_PROTEIN_RESPONSE,False,False
RP11-162I7.1,HALLMARK_UNFOLDED_PROTEIN_RESPONSE,False,False
RP11-17G12.2,HALLMARK_UNFOLDED_PROTEIN_RESPONSE,False,False
RP11-205K6.1,HALLMARK_UNFOLDED_PROTEIN_RESPONSE,False,False
RP11-217B7.2,HALLMARK_UNFOLDED_PROTEIN_RESPONSE,False,False
RP11-259A24.1,HALLMARK_UNFOLDED_PROTEIN_RESPONSE,False,False
RP11-259G18.1,HALLMARK_UNFOLDED_PROTEIN_RESPONSE,False,False
RP11-259G18.3,HALLMARK_UNFOLDED_PROTEIN_RESPONSE,False,False
RP11-293E1.1,HALLMARK_UNFOLDED_PROTEIN_RESPONSE,False,False
RP11-293E1.2,HALLMARK_UNFOLDED_PROTEIN_RESPONSE,False,False
RP11-302L19.3,HALLMARK_UNFOLDED_PROTEIN_RESPONSE,False,False
RP11-403A3.3,HALLMARK_UNFOLDED_PROTEIN_RESPONSE,False,False
RP11-412D9.4,HALLMARK_UNFOLDED_PROTEIN_RESPONSE,False,False
RP11-507B12.1,HALLMARK_UNFOLDED_PROTEIN_RESPONSE,False,False
RP11-507B12.2,HALLMARK_UNFOLDED_PROTEIN_RESPONSE,False,False
RP11-669E14.6,HALLMARK_UNFOLDED_PROTEIN_RESPONSE,False,False
RP11-707O23.1,HALLMARK_UNFOLDED_PROTEIN_RESPONSE,False,False
RP11-750H9.5,HALLMARK_UNFOLDED_PROTEIN_RESPONSE,False,False
RP11-755F10.1,HALLMARK_UNFOLDED_PROTEIN_RESPONSE,False,False
RP11-762L8.6,HALLMARK_UNFOLDED_PROTEIN_RESPONSE,False,False
RP11-770G2.2,HALLMARK_UNFOLDED_PROTEIN_RESPONSE,False,False
RP11-798G7.6,HALLMARK_UNFOLDED_PROTEIN_RESPONSE,False,False
RP11-798G7.8,HALLMARK_UNFOLDED_PROTEIN_RESPONSE,False,False
RP5-1115A15.1,HALLMARK_UNFOLDED_PROTEIN_RESPONSE,False,False
RPS26P8,HALLMARK_UNFOLDED_PROTEIN_RESPONSE,False,False
SCRN2,HALLMARK_UNFOLDED_PROTEIN_RESPONSE,False,False
SEMA3E,HALLMARK_UNFOLDED_PROTEIN_RESPONSE,False,False
SEPT7,HALLMARK_UNFOLDED_PROTEIN_RESPONSE,False,False
SF3A3,HALLMARK_UNFOLDED_PROTEIN_RESPONSE,False,False
SFTA1P,HALLMARK_UNFOLDED_PROTEIN_RESPONSE,False,False
SGSM2,HALLMARK_UNFOLDED_PROTEIN_RESPONSE,False,False
SLC25A45,HALLMARK_UNFOLDED_PROTEIN_RESPONSE,False,False
SLC39A13,HALLMARK_UNFOLDED_PROTEIN_RESPONSE,False,False
SMAD6,HALLMARK_UNFOLDED_PROTEIN_RESPONSE,False,False
SNORD14A,HALLMARK_UNFOLDED_PROTEIN_RESPONSE,False,False
SSSCA1-AS1,HALLMARK_UNFOLDED_PROTEIN_RESPONSE,False,False
TARID,HALLMARK_UNFOLDED_PROTEIN_RESPONSE,False,False
TBC1D31,HALLMARK_UNFOLDED_PROTEIN_RESPONSE,False,False
TBKBP1,HALLMARK_UNFOLDED_PROTEIN_RESPONSE,False,False
TBPL1,HALLMARK_UNFOLDED_PROTEIN_RESPONSE,False,False
TGFB3,HALLMARK_UNFOLDED_PROTEIN_RESPONSE,False,False
THCAT158,HALLMARK_UNFOLDED_PROTEIN_RESPONSE,False,False
THSD7A,HALLMARK_UNFOLDED_PROTEIN_RESPONSE,False,False
TIGD3,HALLMARK_UNFOLDED_PROTEIN_RESPONSE,False,False
TMEM116,HALLMARK_UNFOLDED_PROTEIN_RESPONSE,False,False
TMEM136,HALLMARK_UNFOLDED_PROTEIN_RESPONSE,False,False
TMEM181,HALLMARK_UNFOLDED_PROTEIN_RESPONSE,False,False
TMEM263,HALLMARK_UNFOLDED_PROTEIN_RESPONSE,False,False
TRIM26,HALLMARK_UNFOLDED_PROTEIN_RESPONSE,False,False
TRIOBP,HALLMARK_UNFOLDED_PROTEIN_RESPONSE,False,False
TSC22D2,HALLMARK_UNFOLDED_PROTEIN_RESPONSE,False,False
TTC28,HALLMARK_UNFOLDED_PROTEIN_RESPONSE,False,False
TTLL5,HALLMARK_UNFOLDED_PROTEIN_RESPONSE,False,False
TXNDC8,HALLMARK_UNFOLDED_PROTEIN_RESPONSE,False,False
TXNRD2,HALLMARK_UNFOLDED_PROTEIN_RESPONSE,False,False
UTP11,HALLMARK_UNFOLDED_PROTEIN_RESPONSE,False,False
VARS2,HALLMARK_UNFOLDED_PROTEIN_RESPONSE,False,False
VCAM1,HALLMARK_UNFOLDED_PROTEIN_RESPONSE,False,False
WLS,HALLMARK_UNFOLDED_PROTEIN_RESPONSE,False,False
WNT2B,HALLMARK_UNFOLDED_PROTEIN_RESPONSE,False,False
XRCC6P1,HALLMARK_UNFOLDED_PROTEIN_RESPONSE,False,False
XXbac-BPG170G13.32,HALLMARK_UNFOLDED_PROTEIN_RESPONSE,False,False
XXbac-BPG283O16.9,HALLMARK_UNFOLDED_PROTEIN_RESPONSE,False,False
YAP1,HALLMARK_UNFOLDED_PROTEIN_RESPONSE,False,False
YIF1A,HALLMARK_UNFOLDED_PROTEIN_RESPONSE,True,True
ZNF280D,HALLMARK_UNFOLDED_PROTEIN_RESPONSE,False,False
ZNF638,HALLMARK_UNFOLDED_PROTEIN_RESPONSE,False,False
ZNF638-IT1,HALLMARK_UNFOLDED_PROTEIN_RESPONSE,False,False
DGKG,HALLMARK_REACTIVE_OXYGEN_SPECIES_PATHWAY,False,False
SLC2A12,HALLMARK_REACTIVE_OXYGEN_SPECIES_PATHWAY,False,False
COL8A2,HALLMARK_REACTIVE_OXYGEN_SPECIES_PATHWAY,False,False
NPC2,HALLMARK_REACTIVE_OXYGEN_SPECIES_PATHWAY,False,False
PSMC3,HALLMARK_REACTIVE_OXYGEN_SPECIES_PATHWAY,False,False
RP11-466F5.8,HALLMARK_REACTIVE_OXYGEN_SPECIES_PATHWAY,False,False
LPP,HALLMARK_REACTIVE_OXYGEN_SPECIES_PATHWAY,False,False
RP11-121M22.1,HALLMARK_REACTIVE_OXYGEN_SPECIES_PATHWAY,False,False
ABO,HALLMARK_REACTIVE_OXYGEN_SPECIES_PATHWAY,False,False
ADAMTS8,HALLMARK_REACTIVE_OXYGEN_SPECIES_PATHWAY,False,False
CALD1,HALLMARK_REACTIVE_OXYGEN_SPECIES_PATHWAY,False,False
CHEK2,HALLMARK_REACTIVE_OXYGEN_SPECIES_PATHWAY,False,False
GAS7,HALLMARK_REACTIVE_OXYGEN_SPECIES_PATHWAY,False,False
LMX1B,HALLMARK_REACTIVE_OXYGEN_SPECIES_PATHWAY,False,False
TCF12,HALLMARK_REACTIVE_OXYGEN_SPECIES_PATHWAY,False,False
TMCO1,HALLMARK_REACTIVE_OXYGEN_SPECIES_PATHWAY,False,False
TRIB2,HALLMARK_REACTIVE_OXYGEN_SPECIES_PATHWAY,False,False
AC000078.5,HALLMARK_REACTIVE_OXYGEN_SPECIES_PATHWAY,False,False
AC002066.1,HALLMARK_REACTIVE_OXYGEN_SPECIES_PATHWAY,False,False
AC012066.1,HALLMARK_REACTIVE_OXYGEN_SPECIES_PATHWAY,False,False
AC091132.1,HALLMARK_REACTIVE_OXYGEN_SPECIES_PATHWAY,False,False
ACBD4,HALLMARK_REACTIVE_OXYGEN_SPECIES_PATHWAY,False,False
AFAP1,HALLMARK_REACTIVE_OXYGEN_SPECIES_PATHWAY,False,False
ALDH2,HALLMARK_REACTIVE_OXYGEN_SPECIES_PATHWAY,False,False
AP003068.23,HALLMARK_REACTIVE_OXYGEN_SPECIES_PATHWAY,False,False
AP5B1,HALLMARK_REACTIVE_OXYGEN_SPECIES_PATHWAY,False,False
AREL1,HALLMARK_REACTIVE_OXYGEN_SPECIES_PATHWAY,False,False
ARHGAP27,HALLMARK_REACTIVE_OXYGEN_SPECIES_PATHWAY,False,False
ARHGEF12,HALLMARK_REACTIVE_OXYGEN_SPECIES_PATHWAY,False,False
ARL17A,HALLMARK_REACTIVE_OXYGEN_SPECIES_PATHWAY,False,False
ATP5J,HALLMARK_REACTIVE_OXYGEN_SPECIES_PATHWAY,False,False
BICC1,HALLMARK_REACTIVE_OXYGEN_SPECIES_PATHWAY,False,False
BORA,HALLMARK_REACTIVE_OXYGEN_SPECIES_PATHWAY,False,False
C1orf109,HALLMARK_REACTIVE_OXYGEN_SPECIES_PATHWAY,False,False
C1orf122,HALLMARK_REACTIVE_OXYGEN_SPECIES_PATHWAY,False,False
C22orf29,HALLMARK_REACTIVE_OXYGEN_SPECIES_PATHWAY,False,False
C6orf15,HALLMARK_REACTIVE_OXYGEN_SPECIES_PATHWAY,False,False
CADM1,HALLMARK_REACTIVE_OXYGEN_SPECIES_PATHWAY,False,False
CADM2,HALLMARK_REACTIVE_OXYGEN_SPECIES_PATHWAY,False,False
CAV2,HALLMARK_REACTIVE_OXYGEN_SPECIES_PATHWAY,False,False
CCDC117,HALLMARK_REACTIVE_OXYGEN_SPECIES_PATHWAY,False,False
CDC14A,HALLMARK_REACTIVE_OXYGEN_SPECIES_PATHWAY,False,False
CDKN2A,HALLMARK_REACTIVE_OXYGEN_SPECIES_PATHWAY,False,False
CDKN2B-AS1,HALLMARK_REACTIVE_OXYGEN_SPECIES_PATHWAY,False,False
CELF1,HALLMARK_REACTIVE_OXYGEN_SPECIES_PATHWAY,False,False
CLIC5,HALLMARK_REACTIVE_OXYGEN_SPECIES_PATHWAY,False,False
CMB9-22P13.1,HALLMARK_REACTIVE_OXYGEN_SPECIES_PATHWAY,False,False
COL11A1,HALLMARK_REACTIVE_OXYGEN_SPECIES_PATHWAY,False,False
CRHR1,HALLMARK_REACTIVE_OXYGEN_SPECIES_PATHWAY,False,False
CTA-292E10.6,HALLMARK_REACTIVE_OXYGEN_SPECIES_PATHWAY,False,False
CTB-39G8.3,HALLMARK_REACTIVE_OXYGEN_SPECIES_PATHWAY,False,False
CTD-2005H7.1,HALLMARK_REACTIVE_OXYGEN_SPECIES_PATHWAY,False,False
CTD-2020K17.1,HALLMARK_REACTIVE_OXYGEN_SPECIES_PATHWAY,False,False
CTD-2020K17.3,HALLMARK_REACTIVE_OXYGEN_SPECIES_PATHWAY,False,False
CTTNBP2,HALLMARK_REACTIVE_OXYGEN_SPECIES_PATHWAY,False,False
DDX39BP2,HALLMARK_REACTIVE_OXYGEN_SPECIES_PATHWAY,False,False
DIO1,HALLMARK_REACTIVE_OXYGEN_SPECIES_PATHWAY,False,False
DND1P1,HALLMARK_REACTIVE_OXYGEN_SPECIES_PATHWAY,False,False
DYSF,HALLMARK_REACTIVE_OXYGEN_SPECIES_PATHWAY,False,False
EFCAB13,HALLMARK_REACTIVE_OXYGEN_SPECIES_PATHWAY,False,False
EFEMP1,HALLMARK_REACTIVE_OXYGEN_SPECIES_PATHWAY,False,False
EHBP1L1,HALLMARK_REACTIVE_OXYGEN_SPECIES_PATHWAY,False,False
FAM215B,HALLMARK_REACTIVE_OXYGEN_SPECIES_PATHWAY,False,False
FAM83A,HALLMARK_REACTIVE_OXYGEN_SPECIES_PATHWAY,False,False
FAM83A-AS1,HALLMARK_REACTIVE_OXYGEN_SPECIES_PATHWAY,False,False
FAM89B,HALLMARK_REACTIVE_OXYGEN_SPECIES_PATHWAY,False,False
FHL3,HALLMARK_REACTIVE_OXYGEN_SPECIES_PATHWAY,False,False
FLOT1,HALLMARK_REACTIVE_OXYGEN_SPECIES_PATHWAY,False,False
FLVCR2,HALLMARK_REACTIVE_OXYGEN_SPECIES_PATHWAY,False,False
FMNL1,HALLMARK_REACTIVE_OXYGEN_SPECIES_PATHWAY,False,False
FNDC4,HALLMARK_REACTIVE_OXYGEN_SPECIES_PATHWAY,False,False
GALR3,HALLMARK_REACTIVE_OXYGEN_SPECIES_PATHWAY,False,False
GCAT,HALLMARK_REACTIVE_OXYGEN_SPECIES_PATHWAY,False,False
GLIS1,HALLMARK_REACTIVE_OXYGEN_SPECIES_PATHWAY,False,False
H1F0,HALLMARK_REACTIVE_OXYGEN_SPECIES_PATHWAY,False,False
HCG4,HALLMARK_REACTIVE_OXYGEN_SPECIES_PATHWAY,False,False
HCG4B,HALLMARK_REACTIVE_OXYGEN_SPECIES_PATHWAY,False,False
HCG4P5,HALLMARK_REACTIVE_OXYGEN_SPECIES_PATHWAY,False,False
HCG4P7,HALLMARK_REACTIVE_OXYGEN_SPECIES_PATHWAY,False,False
HCG9,HALLMARK_REACTIVE_OXYGEN_SPECIES_PATHWAY,False,False
HCP5B,HALLMARK_REACTIVE_OXYGEN_SPECIES_PATHWAY,False,False
HECTD4,HALLMARK_REACTIVE_OXYGEN_SPECIES_PATHWAY,False,False
HLA-A,HALLMARK_REACTIVE_OXYGEN_SPECIES_PATHWAY,False,False
HLA-C,HALLMARK_REACTIVE_OXYGEN_SPECIES_PATHWAY,False,False
HLA-F,HALLMARK_REACTIVE_OXYGEN_SPECIES_PATHWAY,False,False
HLA-F-AS1,HALLMARK_REACTIVE_OXYGEN_SPECIES_PATHWAY,False,False
HLA-G,HALLMARK_REACTIVE_OXYGEN_SPECIES_PATHWAY,False,False
HLA-H,HALLMARK_REACTIVE_OXYGEN_SPECIES_PATHWAY,False,False
HLA-J,HALLMARK_REACTIVE_OXYGEN_SPECIES_PATHWAY,False,False
HLA-L,HALLMARK_REACTIVE_OXYGEN_SPECIES_PATHWAY,False,False
HLA-T,HALLMARK_REACTIVE_OXYGEN_SPECIES_PATHWAY,False,False
HLA-U,HALLMARK_REACTIVE_OXYGEN_SPECIES_PATHWAY,False,False
HLA-V,HALLMARK_REACTIVE_OXYGEN_SPECIES_PATHWAY,False,False
HLA-W,HALLMARK_REACTIVE_OXYGEN_SPECIES_PATHWAY,False,False
HSCB,HALLMARK_REACTIVE_OXYGEN_SPECIES_PATHWAY,False,False
HTRA3,HALLMARK_REACTIVE_OXYGEN_SPECIES_PATHWAY,False,False
IFITM4P,HALLMARK_REACTIVE_OXYGEN_SPECIES_PATHWAY,False,False
IFT172,HALLMARK_REACTIVE_OXYGEN_SPECIES_PATHWAY,False,False
INPP5B,HALLMARK_REACTIVE_OXYGEN_SPECIES_PATHWAY,False,False
ITGB3,HALLMARK_REACTIVE_OXYGEN_SPECIES_PATHWAY,False,False
KANSL1,HALLMARK_REACTIVE_OXYGEN_SPECIES_PATHWAY,False,False
KANSL1-AS1,HALLMARK_REACTIVE_OXYGEN_SPECIES_PATHWAY,False,False
KHK,HALLMARK_REACTIVE_OXYGEN_SPECIES_PATHWAY,False,False
KLF5,HALLMARK_REACTIVE_OXYGEN_SPECIES_PATHWAY,False,False
KRT8P26,HALLMARK_REACTIVE_OXYGEN_SPECIES_PATHWAY,False,False
LHPP,HALLMARK_REACTIVE_OXYGEN_SPECIES_PATHWAY,False,False
LINC01948,HALLMARK_REACTIVE_OXYGEN_SPECIES_PATHWAY,False,False
LINC02052,HALLMARK_REACTIVE_OXYGEN_SPECIES_PATHWAY,False,False
LINC02210,HALLMARK_REACTIVE_OXYGEN_SPECIES_PATHWAY,False,False
LMO4,HALLMARK_REACTIVE_OXYGEN_SPECIES_PATHWAY,False,False
LMO7,HALLMARK_REACTIVE_OXYGEN_SPECIES_PATHWAY,False,False
LOXL1,HALLMARK_REACTIVE_OXYGEN_SPECIES_PATHWAY,False,False
LOXL1-AS1,HALLMARK_REACTIVE_OXYGEN_SPECIES_PATHWAY,False,False
LRRC37A,HALLMARK_REACTIVE_OXYGEN_SPECIES_PATHWAY,False,False
LRRC37A17P,HALLMARK_REACTIVE_OXYGEN_SPECIES_PATHWAY,False,False
LRRC37A2,HALLMARK_REACTIVE_OXYGEN_SPECIES_PATHWAY,False,False
LRRC37A4P,HALLMARK_REACTIVE_OXYGEN_SPECIES_PATHWAY,False,False
LRWD1,HALLMARK_REACTIVE_OXYGEN_SPECIES_PATHWAY,False,False
LTBP2,HALLMARK_REACTIVE_OXYGEN_SPECIES_PATHWAY,False,False
LTBP3,HALLMARK_REACTIVE_OXYGEN_SPECIES_PATHWAY,False,False
MADD,HALLMARK_REACTIVE_OXYGEN_SPECIES_PATHWAY,False,False
MAPK8IP1P1,HALLMARK_REACTIVE_OXYGEN_SPECIES_PATHWAY,False,False
MAPK8IP1P2,HALLMARK_REACTIVE_OXYGEN_SPECIES_PATHWAY,False,False
MAPT,HALLMARK_REACTIVE_OXYGEN_SPECIES_PATHWAY,False,False
MAPT-AS1,HALLMARK_REACTIVE_OXYGEN_SPECIES_PATHWAY,False,False
MAPT-IT1,HALLMARK_REACTIVE_OXYGEN_SPECIES_PATHWAY,False,False
ME3,HALLMARK_REACTIVE_OXYGEN_SPECIES_PATHWAY,False,False
MICE,HALLMARK_REACTIVE_OXYGEN_SPECIES_PATHWAY,False,False
MOV10,HALLMARK_REACTIVE_OXYGEN_SPECIES_PATHWAY,False,False
MRPL33,HALLMARK_REACTIVE_OXYGEN_SPECIES_PATHWAY,False,False
MTCH2,HALLMARK_REACTIVE_OXYGEN_SPECIES_PATHWAY,False,False
MVB12B,HALLMARK_REACTIVE_OXYGEN_SPECIES_PATHWAY,False,False
Metazoa_SRP,HALLMARK_REACTIVE_OXYGEN_SPECIES_PATHWAY,False,False
NEAT1,HALLMARK_REACTIVE_OXYGEN_SPECIES_PATHWAY,False,False
NMT1,HALLMARK_REACTIVE_OXYGEN_SPECIES_PATHWAY,False,False
NPEPPS,HALLMARK_REACTIVE_OXYGEN_SPECIES_PATHWAY,False,False
NRBP1,HALLMARK_REACTIVE_OXYGEN_SPECIES_PATHWAY,False,False
NSF,HALLMARK_REACTIVE_OXYGEN_SPECIES_PATHWAY,False,False
NUCB2,HALLMARK_REACTIVE_OXYGEN_SPECIES_PATHWAY,False,False
NUDT7,HALLMARK_REACTIVE_OXYGEN_SPECIES_PATHWAY,False,False
PDE6C,HALLMARK_REACTIVE_OXYGEN_SPECIES_PATHWAY,False,False
PGAM1P8,HALLMARK_REACTIVE_OXYGEN_SPECIES_PATHWAY,False,False
PIBF1,HALLMARK_REACTIVE_OXYGEN_SPECIES_PATHWAY,False,False
PIGC,HALLMARK_REACTIVE_OXYGEN_SPECIES_PATHWAY,False,False
PKIB,HALLMARK_REACTIVE_OXYGEN_SPECIES_PATHWAY,False,False
PLCE1,HALLMARK_REACTIVE_OXYGEN_SPECIES_PATHWAY,False,False
PLCE1-AS1,HALLMARK_REACTIVE_OXYGEN_SPECIES_PATHWAY,False,False
PLEKHA7,HALLMARK_REACTIVE_OXYGEN_SPECIES_PATHWAY,False,False
PLEKHM1,HALLMARK_REACTIVE_OXYGEN_SPECIES_PATHWAY,False,False
PPP1R18,HALLMARK_REACTIVE_OXYGEN_SPECIES_PATHWAY,False,False
PRKCE,HALLMARK_REACTIVE_OXYGEN_SPECIES_PATHWAY,False,False
PROX2,HALLMARK_REACTIVE_OXYGEN_SPECIES_PATHWAY,False,False
PRSS23,HALLMARK_REACTIVE_OXYGEN_SPECIES_PATHWAY,False,False
PSORS1C3,HALLMARK_REACTIVE_OXYGEN_SPECIES_PATHWAY,False,False
RAPSN,HALLMARK_REACTIVE_OXYGEN_SPECIES_PATHWAY,False,False
RERE,HALLMARK_REACTIVE_OXYGEN_SPECIES_PATHWAY,False,False
RIC8B,HALLMARK_REACTIVE_OXYGEN_SPECIES_PATHWAY,False,False
RORA,HALLMARK_REACTIVE_OXYGEN_SPECIES_PATHWAY,False,False
RP11-123K19.1,HALLMARK_REACTIVE_OXYGEN_SPECIES_PATHWAY,False,False
RP11-136H19.1,HALLMARK_REACTIVE_OXYGEN_SPECIES_PATHWAY,False,False
RP11-149I2.4,HALLMARK_REACTIVE_OXYGEN_SPECIES_PATHWAY,False,False
RP11-162I7.1,HALLMARK_REACTIVE_OXYGEN_SPECIES_PATHWAY,False,False
RP11-17G12.2,HALLMARK_REACTIVE_OXYGEN_SPECIES_PATHWAY,False,False
RP11-205K6.1,HALLMARK_REACTIVE_OXYGEN_SPECIES_PATHWAY,False,False
RP11-217B7.2,HALLMARK_REACTIVE_OXYGEN_SPECIES_PATHWAY,False,False
RP11-259A24.1,HALLMARK_REACTIVE_OXYGEN_SPECIES_PATHWAY,False,False
RP11-259G18.1,HALLMARK_REACTIVE_OXYGEN_SPECIES_PATHWAY,False,False
RP11-259G18.3,HALLMARK_REACTIVE_OXYGEN_SPECIES_PATHWAY,False,False
RP11-293E1.1,HALLMARK_REACTIVE_OXYGEN_SPECIES_PATHWAY,False,False
RP11-293E1.2,HALLMARK_REACTIVE_OXYGEN_SPECIES_PATHWAY,False,False
RP11-302L19.3,HALLMARK_REACTIVE_OXYGEN_SPECIES_PATHWAY,False,False
RP11-403A3.3,HALLMARK_REACTIVE_OXYGEN_SPECIES_PATHWAY,False,False
RP11-412D9.4,HALLMARK_REACTIVE_OXYGEN_SPECIES_PATHWAY,False,False
RP11-507B12.1,HALLMARK_REACTIVE_OXYGEN_SPECIES_PATHWAY,False,False
RP11-507B12.2,HALLMARK_REACTIVE_OXYGEN_SPECIES_PATHWAY,False,False
RP11-669E14.6,HALLMARK_REACTIVE_OXYGEN_SPECIES_PATHWAY,False,False
RP11-707O23.1,HALLMARK_REACTIVE_OXYGEN_SPECIES_PATHWAY,False,False
RP11-750H9.5,HALLMARK_REACTIVE_OXYGEN_SPECIES_PATHWAY,False,False
RP11-755F10.1,HALLMARK_REACTIVE_OXYGEN_SPECIES_PATHWAY,False,False
RP11-762L8.6,HALLMARK_REACTIVE_OXYGEN_SPECIES_PATHWAY,False,False
RP11-770G2.2,HALLMARK_REACTIVE_OXYGEN_SPECIES_PATHWAY,False,False
RP11-798G7.6,HALLMARK_REACTIVE_OXYGEN_SPECIES_PATHWAY,False,False
RP11-798G7.8,HALLMARK_REACTIVE_OXYGEN_SPECIES_PATHWAY,False,False
RP5-1115A15.1,HALLMARK_REACTIVE_OXYGEN_SPECIES_PATHWAY,False,False
RPS26P8,HALLMARK_REACTIVE_OXYGEN_SPECIES_PATHWAY,False,False
SCRN2,HALLMARK_REACTIVE_OXYGEN_SPECIES_PATHWAY,False,False
SEMA3E,HALLMARK_REACTIVE_OXYGEN_SPECIES_PATHWAY,False,False
SEPT7,HALLMARK_REACTIVE_OXYGEN_SPECIES_PATHWAY,False,False
SF3A3,HALLMARK_REACTIVE_OXYGEN_SPECIES_PATHWAY,False,False
SFTA1P,HALLMARK_REACTIVE_OXYGEN_SPECIES_PATHWAY,False,False
SGSM2,HALLMARK_REACTIVE_OXYGEN_SPECIES_PATHWAY,False,False
SLC25A45,HALLMARK_REACTIVE_OXYGEN_SPECIES_PATHWAY,False,False
SLC39A13,HALLMARK_REACTIVE_OXYGEN_SPECIES_PATHWAY,False,False
SMAD6,HALLMARK_REACTIVE_OXYGEN_SPECIES_PATHWAY,False,False
SNORD14A,HALLMARK_REACTIVE_OXYGEN_SPECIES_PATHWAY,False,False
SSSCA1-AS1,HALLMARK_REACTIVE_OXYGEN_SPECIES_PATHWAY,False,False
TARID,HALLMARK_REACTIVE_OXYGEN_SPECIES_PATHWAY,False,False
TBC1D31,HALLMARK_REACTIVE_OXYGEN_SPECIES_PATHWAY,False,False
TBKBP1,HALLMARK_REACTIVE_OXYGEN_SPECIES_PATHWAY,False,False
TBPL1,HALLMARK_REACTIVE_OXYGEN_SPECIES_PATHWAY,False,False
TGFB3,HALLMARK_REACTIVE_OXYGEN_SPECIES_PATHWAY,False,False
THCAT158,HALLMARK_REACTIVE_OXYGEN_SPECIES_PATHWAY,False,False
THSD7A,HALLMARK_REACTIVE_OXYGEN_SPECIES_PATHWAY,False,False
TIGD3,HALLMARK_REACTIVE_OXYGEN_SPECIES_PATHWAY,False,False
TMEM116,HALLMARK_REACTIVE_OXYGEN_SPECIES_PATHWAY,False,False
TMEM136,HALLMARK_REACTIVE_OXYGEN_SPECIES_PATHWAY,False,False
TMEM181,HALLMARK_REACTIVE_OXYGEN_SPECIES_PATHWAY,False,False
TMEM263,HALLMARK_REACTIVE_OXYGEN_SPECIES_PATHWAY,False,False
TRIM26,HALLMARK_REACTIVE_OXYGEN_SPECIES_PATHWAY,False,False
TRIOBP,HALLMARK_REACTIVE_OXYGEN_SPECIES_PATHWAY,False,False
TSC22D2,HALLMARK_REACTIVE_OXYGEN_SPECIES_PATHWAY,False,False
TTC28,HALLMARK_REACTIVE_OXYGEN_SPECIES_PATHWAY,False,False
TTLL5,HALLMARK_REACTIVE_OXYGEN_SPECIES_PATHWAY,False,False
TXNDC8,HALLMARK_REACTIVE_OXYGEN_SPECIES_PATHWAY,False,False
TXNRD2,HALLMARK_REACTIVE_OXYGEN_SPECIES_PATHWAY,True,True
UTP11,HALLMARK_REACTIVE_OXYGEN_SPECIES_PATHWAY,False,False
VARS2,HALLMARK_REACTIVE_OXYGEN_SPECIES_PATHWAY,False,False
VCAM1,HALLMARK_REACTIVE_OXYGEN_SPECIES_PATHWAY,False,False
WLS,HALLMARK_REACTIVE_OXYGEN_SPECIES_PATHWAY,False,False
WNT2B,HALLMARK_REACTIVE_OXYGEN_SPECIES_PATHWAY,False,False
XRCC6P1,HALLMARK_REACTIVE_OXYGEN_SPECIES_PATHWAY,False,False
XXbac-BPG170G13.32,HALLMARK_REACTIVE_OXYGEN_SPECIES_PATHWAY,False,False
XXbac-BPG283O16.9,HALLMARK_REACTIVE_OXYGEN_SPECIES_PATHWAY,False,False
YAP1,HALLMARK_REACTIVE_OXYGEN_SPECIES_PATHWAY,False,False
YIF1A,HALLMARK_REACTIVE_OXYGEN_SPECIES_PATHWAY,False,False
ZNF280D,HALLMARK_REACTIVE_OXYGEN_SPECIES_PATHWAY,False,False
ZNF638,HALLMARK_REACTIVE_OXYGEN_SPECIES_PATHWAY,False,False
ZNF638-IT1,HALLMARK_REACTIVE_OXYGEN_SPECIES_PATHWAY,False,False
