gene,gene_in_matrix,primary_top_type,primary_status,LODO_agree,LODO_evaluable,LODO_all3,strict_top_type,strict_status,extended_top_type,extended_status,QC_same_top,assigned_cell_UMIs,assigned_donors_detected,sparse_UMI_flag_lt50,external_exact_symbol_mapped,V1_exact_symbol_mapped,primary_external_top,primary_V1_top,primary_external_status,primary_comparison_evaluable,primary_context_concordant,primary_rank_spearman,primary_external_LODO_agree,primary_external_LODO_evaluable,extended_external_top,extended_V1_top,extended_external_status,extended_comparison_evaluable,extended_context_concordant,extended_rank_spearman,extended_external_LODO_agree,extended_external_LODO_evaluable,primary_min_sampling_agreement,extended_equal10_sampling_agreement,descriptive_primary_context_flag,n_indices_with_published_gene_link,n_indices_with_published_HiChIP_link,n_indices_with_published_predicted_target,n_indices_with_published_retina_eQTL,n_indices_ATAC_matches_extended_RNA,predefined_program_memberships,MitoCarta3_member,MitoCarta3_subcompartment,MitoCarta3_pathways
DGKG,True,Muller glia,unique,3.0,3.0,True,Muller glia,unique,Muller glia,unique,True,31.0,3,True,True,True,RGC,Muller glia,unique,True,False,0.7999999999999999,4,4,RGC,Muller glia,unique,True,False,0.7857142857142859,4,4,0.7833333333333333,0.3866666666666666,False,0,0,0,0,0,,False,,
SLC2A12,True,Muller glia,unique,3.0,3.0,True,Muller glia,unique,Muller glia,unique,True,19.0,3,True,True,True,Muller glia,Muller glia,unique,True,True,0.4103913408340616,4,4,Muller glia,Muller glia,unique,True,True,0.3349469226516178,4,4,0.7166666666666667,0.4333333333333333,False,0,0,0,0,0,,False,,
COL8A2,True,RGC,unique,2.0,2.0,False,,no_UMIs,Microglia,unique,False,6.0,2,True,True,True,Muller glia,RGC,unique,True,False,-0.7071067811865475,4,4,Microglia,Microglia,unique,True,True,0.2672612419124244,3,4,0.23,0.4633333333333333,False,0,0,0,0,0,,False,,
NPC2,True,Muller glia,unique,3.0,3.0,True,Muller glia,unique,Microglia,unique,True,3642.0,3,False,True,True,Muller glia,Muller glia,unique,True,True,0.7,4,4,Microglia,Microglia,unique,True,True,0.7500000000000002,4,4,1.0,1.0,True,1,0,0,1,1,,False,,
PSMC3,True,RGC,unique,1.0,3.0,False,RGC,unique,Horizontal,unique,True,3662.0,3,False,True,True,RGC,RGC,unique,True,True,0.7,4,4,Horizontal,Horizontal,unique,True,True,0.8928571428571429,4,4,0.3733333333333333,0.2166666666666666,False,0,0,0,0,0,,False,,
RP11-466F5.8,True,Rod,unique,2.0,3.0,False,Rod,unique,Rod,unique,True,103.0,3,False,False,True,,Rod,missing_symbol,False,False,,0,0,,Rod,missing_symbol,False,False,,0,0,0.2266666666666666,0.13,False,0,0,0,0,0,,False,,
LPP,True,Muller glia,unique,3.0,3.0,True,Muller glia,unique,Muller glia,unique,True,294.0,3,False,True,True,RGC,Muller glia,unique,True,False,0.8999999999999998,3,4,Microglia,Muller glia,unique,True,False,0.4642857142857144,2,4,0.6433333333333333,0.5066666666666667,False,0,0,0,0,1,,False,,
RP11-121M22.1,True,RGC,unique,2.0,3.0,False,Cone,unique,RGC,unique,False,53.0,3,False,False,True,,RGC,missing_symbol,False,False,,0,0,,RGC,missing_symbol,False,False,,0,0,0.17,0.1266666666666666,False,0,0,0,0,0,,False,,
ABO,True,RGC,unique,2.0,2.0,False,RGC,unique,RGC,unique,True,1.0,1,True,True,True,RGC,RGC,unique,True,True,0.7071067811865475,4,4,RGC,RGC,unique,True,True,0.6123724356957945,4,4,0.1033333333333333,0.07,False,0,0,0,0,0,,False,,
ADAMTS8,True,RGC,unique,2.0,3.0,False,RGC,unique,RGC,unique,True,3.0,3,True,True,True,Muller glia,RGC,unique,True,False,-0.6668859288553501,4,4,Muller glia,RGC,unique,True,False,0.0397621386243772,4,4,0.0966666666666666,0.0433333333333333,False,0,0,0,0,0,,False,,
CALD1,True,Muller glia,unique,3.0,3.0,True,Muller glia,unique,Muller glia,unique,True,1686.0,3,False,True,True,Muller glia,Muller glia,unique,True,True,0.7999999999999999,4,4,Muller glia,Muller glia,unique,True,True,0.3928571428571429,4,4,0.8033333333333333,0.6466666666666666,False,0,0,0,0,0,,False,,
CHEK2,True,RGC,unique,2.0,3.0,False,RGC,unique,Microglia,unique,True,28.0,2,True,True,True,RGC,RGC,unique,True,True,0.7999999999999999,4,4,Microglia,Microglia,unique,True,True,0.8468812149338255,4,4,0.3466666666666667,0.28,False,0,0,0,0,0,,False,,
GAS7,True,Cone,unique,2.0,3.0,False,Cone,unique,Cone,unique,True,1895.0,3,False,True,True,Cone,Cone,unique,True,True,0.3,4,4,Cone,Cone,unique,True,True,0.0714285714285714,4,4,0.7133333333333334,0.6666666666666666,False,1,0,0,1,0,,False,,
LMX1B,False,,missing_symbol,,,,,missing_symbol,,missing_symbol,False,,0,False,True,False,Muller glia,,unique,False,False,,3,4,Muller glia,,unique,False,False,,3,4,,,False,0,0,0,0,0,,False,,
TCF12,True,Muller glia,unique,3.0,3.0,True,Muller glia,unique,Muller glia,unique,True,867.0,3,False,True,True,Cone,Muller glia,unique,True,False,0.3,4,4,Cone,Muller glia,unique,True,False,0.1785714285714286,4,4,0.74,0.5133333333333333,False,0,0,0,0,0,,False,,
TMCO1,True,Muller glia,unique,3.0,3.0,True,Muller glia,unique,Muller glia,unique,True,7455.0,3,False,True,True,Muller glia,Muller glia,unique,True,True,1.0,2,4,Muller glia,Muller glia,unique,True,True,0.7500000000000002,2,4,1.0,0.99,False,0,0,0,0,0,,False,,
TRIB2,True,Muller glia,unique,3.0,3.0,True,Muller glia,unique,Muller glia,unique,True,2349.0,3,False,True,True,Muller glia,Muller glia,unique,True,True,0.7,4,4,Muller glia,Muller glia,unique,True,True,0.3214285714285715,4,4,0.6366666666666667,0.4966666666666666,False,0,0,0,0,0,,False,,
AC000078.5,False,,missing_symbol,,,,,missing_symbol,,missing_symbol,False,,0,False,False,False,,,missing_symbol,False,False,,0,0,,,missing_symbol,False,False,,0,0,,,False,0,0,0,0,0,,False,,
AC002066.1,False,,missing_symbol,,,,,missing_symbol,,missing_symbol,False,,0,False,True,False,Muller glia,,unique,False,False,,4,4,Muller glia,,unique,False,False,,4,4,,,False,1,0,1,0,0,,False,,
AC012066.1,False,,missing_symbol,,,,,missing_symbol,,missing_symbol,False,,0,False,False,False,,,missing_symbol,False,False,,0,0,,,missing_symbol,False,False,,0,0,,,False,0,0,0,0,0,,False,,
AC091132.1,False,,missing_symbol,,,,,missing_symbol,,missing_symbol,False,,0,False,True,False,Bipolar,,unique,False,False,,3,4,Bipolar,,unique,False,False,,3,4,,,False,0,0,0,0,0,,False,,
ACBD4,True,Muller glia,unique,3.0,3.0,True,Muller glia,unique,Muller glia,unique,True,830.0,3,False,True,True,Cone,Muller glia,unique,True,False,-0.3,4,4,Cone,Muller glia,unique,True,False,-0.2142857142857143,4,4,0.4,0.2566666666666666,False,0,0,0,0,0,,False,,
AFAP1,True,Muller glia,unique,3.0,3.0,True,Muller glia,unique,Muller glia,unique,True,52.0,3,False,True,True,Muller glia,Muller glia,unique,True,True,0.8999999999999998,4,4,Muller glia,Muller glia,unique,True,True,0.7500000000000002,4,4,0.6833333333333333,0.4333333333333333,False,0,0,0,0,1,,False,,
ALDH2,True,Muller glia,unique,3.0,3.0,True,Muller glia,unique,Microglia,unique,True,2780.0,3,False,True,True,Bipolar,Muller glia,unique,True,False,0.0,4,4,Microglia,Microglia,unique,True,True,0.3214285714285715,4,4,0.6766666666666666,0.8433333333333334,False,0,0,0,0,0,,True,Matrix,Metabolism > Detoxification > Xenobiotic metabolism
AP003068.23,True,Rod,unique,3.0,3.0,True,Rod,unique,Rod,unique,True,89.0,3,False,False,True,,Rod,missing_symbol,False,False,,0,0,,Rod,missing_symbol,False,False,,0,0,0.2533333333333333,0.1433333333333333,False,0,0,0,0,1,,False,,
AP5B1,True,Rod,unique,2.0,3.0,False,Rod,unique,Rod,unique,True,148.0,3,False,True,True,Cone,Rod,unique,True,False,0.4999999999999999,2,4,Microglia,Rod,unique,True,False,0.1071428571428571,4,4,0.2466666666666666,0.2,False,0,0,0,0,1,,False,,
AREL1,True,RGC,unique,1.0,3.0,False,RGC,unique,RGC,unique,True,287.0,3,False,True,True,RGC,RGC,unique,True,True,0.6,4,4,RGC,RGC,unique,True,True,0.3214285714285715,4,4,0.2,0.33,False,0,0,0,0,0,,False,,
ARHGAP27,True,Bipolar,unique,2.0,3.0,False,Bipolar,unique,Microglia,unique,True,94.0,3,False,True,True,Bipolar,Bipolar,unique,True,True,0.7,4,4,Microglia,Microglia,unique,True,True,0.8928571428571429,4,4,0.2366666666666666,0.9066666666666666,False,0,0,0,0,0,,False,,
ARHGEF12,True,RGC,unique,2.0,3.0,False,RGC,unique,RGC,unique,True,2831.0,3,False,True,True,Bipolar,RGC,unique,True,False,0.6,3,4,Bipolar,RGC,unique,True,False,0.7500000000000002,3,4,0.5433333333333333,0.5266666666666666,False,0,0,0,0,1,,False,,
ARL17A,True,RGC,unique,1.0,3.0,False,RGC,unique,Horizontal,unique,True,947.0,3,False,True,True,Rod,RGC,unique,True,False,0.3,4,4,Rod,Horizontal,unique,True,False,0.0,4,4,0.2333333333333333,0.4533333333333333,False,0,0,0,0,0,,False,,
ATP5J,True,Cone,unique,3.0,3.0,True,Cone,unique,Cone,unique,True,24308.0,3,False,False,True,,Cone,missing_symbol,False,False,,0,0,,Cone,missing_symbol,False,False,,0,0,1.0,0.9866666666666668,False,0,0,0,0,0,,False,,
BICC1,True,Muller glia,unique,3.0,3.0,True,Muller glia,unique,Muller glia,unique,True,80.0,3,False,True,True,Muller glia,Muller glia,unique,True,True,0.8999999999999998,4,4,Muller glia,Muller glia,unique,True,True,0.6300619191619361,4,4,0.9333333333333332,0.8066666666666666,True,0,0,0,0,0,,False,,
BORA,True,Bipolar,unique,2.0,3.0,False,Cone,unique,Bipolar,unique,False,158.0,3,False,True,True,Rod,Bipolar,unique,True,False,-0.0999999999999999,3,4,Horizontal,Bipolar,unique,True,False,0.0714285714285714,3,4,0.23,0.1533333333333333,False,0,0,0,0,0,,False,,
C1orf109,True,RGC,unique,2.0,3.0,False,RGC,unique,Horizontal,unique,True,741.0,3,False,True,True,RGC,RGC,unique,True,True,0.6,4,4,Horizontal,Horizontal,unique,True,True,0.8571428571428573,2,4,0.26,0.5866666666666667,False,0,0,0,0,0,,False,,
C1orf122,True,Cone,unique,3.0,3.0,True,Cone,unique,Cone,unique,True,9180.0,3,False,True,True,Bipolar,Cone,unique,True,False,0.7999999999999999,4,4,Horizontal,Cone,unique,True,False,0.0714285714285714,4,4,0.9666666666666668,0.91,False,0,0,0,0,0,,False,,
C22orf29,True,RGC,unique,3.0,3.0,True,RGC,unique,Horizontal,unique,True,469.0,3,False,False,True,,RGC,missing_symbol,False,False,,0,0,,Horizontal,missing_symbol,False,False,,0,0,0.31,0.57,False,0,0,0,0,0,,False,,
C6orf15,False,,missing_symbol,,,,,missing_symbol,,missing_symbol,False,,0,False,True,False,,,no_UMIs,False,False,,0,0,,,no_UMIs,False,False,,0,0,,,False,0,0,0,0,0,,False,,
CADM1,True,Bipolar,unique,3.0,3.0,True,Bipolar,unique,Bipolar,unique,True,23490.0,3,False,True,True,Rod,Bipolar,unique,True,False,0.8999999999999998,4,4,Rod,Bipolar,unique,True,False,0.8571428571428573,4,4,0.8,0.7266666666666667,False,0,0,0,0,1,,False,,
CADM2,True,Rod,unique,3.0,3.0,True,Rod,unique,Rod,unique,True,21888.0,3,False,True,True,Rod,Rod,unique,True,True,0.8999999999999998,4,4,Rod,Rod,unique,True,True,0.642857142857143,4,4,0.8166666666666667,0.6966666666666667,False,0,0,0,0,0,,False,,
CAV2,True,Muller glia,unique,3.0,3.0,True,Muller glia,unique,Muller glia,unique,True,654.0,3,False,True,True,Muller glia,Muller glia,unique,True,True,0.7,4,4,Muller glia,Muller glia,unique,True,True,0.2857142857142857,4,4,1.0,0.9966666666666668,True,1,0,1,0,1,,False,,
CCDC117,True,RGC,unique,3.0,3.0,True,RGC,unique,RGC,unique,True,547.0,3,False,True,True,Rod,RGC,unique,True,False,0.8999999999999998,2,4,Horizontal,RGC,unique,True,False,0.4285714285714286,4,4,0.34,0.25,False,0,0,0,0,0,,False,,
CDC14A,True,Muller glia,unique,3.0,3.0,True,Muller glia,unique,Muller glia,unique,True,147.0,3,False,True,True,Muller glia,Muller glia,unique,True,True,0.8999999999999998,4,4,Muller glia,Muller glia,unique,True,True,0.5225437283634242,4,4,0.7133333333333334,0.5866666666666667,False,0,0,0,0,0,,False,,
CDKN2A,True,Bipolar,unique,3.0,3.0,True,Bipolar,unique,Microglia,unique,True,21.0,3,True,True,True,Bipolar,Bipolar,unique,True,True,0.8944271909999157,3,4,Microglia,Microglia,unique,True,True,0.9063269671749656,4,4,0.26,0.5733333333333334,False,0,0,0,0,0,,False,,
CDKN2B-AS1,True,Cone,unique,2.0,3.0,False,Bipolar,unique,Microglia,unique,False,6.0,2,True,True,True,Muller glia,Cone,unique,True,False,-0.6155870112510925,2,4,Microglia,Microglia,unique,True,True,0.2964997266644405,2,4,0.0766666666666666,0.1066666666666666,False,0,0,0,0,0,,False,,
CELF1,True,RGC,unique,2.0,3.0,False,RGC,unique,Horizontal,unique,True,1951.0,3,False,True,True,RGC,RGC,unique,True,True,0.7,4,4,RGC,Horizontal,unique,True,False,0.642857142857143,4,4,0.4366666666666666,0.5133333333333333,False,0,0,0,0,0,,False,,
CLIC5,True,Muller glia,unique,3.0,3.0,True,Muller glia,unique,Muller glia,unique,True,191.0,3,False,True,True,Muller glia,Muller glia,unique,True,True,0.5642880936468347,4,4,Muller glia,Muller glia,unique,True,True,0.1970276015597751,4,4,1.0,0.9966666666666668,True,0,0,0,0,1,,False,,
CMB9-22P13.1,False,,missing_symbol,,,,,missing_symbol,,missing_symbol,False,,0,False,False,False,,,missing_symbol,False,False,,0,0,,,missing_symbol,False,False,,0,0,,,False,0,0,0,0,0,,False,,
COL11A1,True,Muller glia,unique,3.0,3.0,True,Muller glia,unique,Muller glia,unique,True,186.0,3,False,True,True,Muller glia,Muller glia,unique,True,True,0.8999999999999998,4,4,Muller glia,Muller glia,unique,True,True,0.3706246583305506,4,4,0.7433333333333333,0.7633333333333333,False,0,0,0,0,0,,False,,
CRHR1,True,Bipolar,unique,2.0,2.0,False,Bipolar,unique,Bipolar,unique,True,2.0,1,True,True,True,Bipolar,Bipolar,unique,True,True,0.4472135954999578,4,4,Bipolar,Bipolar,unique,True,True,0.2672612419124244,4,4,0.0266666666666666,0.01,False,0,0,0,0,0,,False,,
CTA-292E10.6,True,Rod,unique,3.0,3.0,True,Rod,unique,Microglia,unique,True,535.0,3,False,False,True,,Rod,missing_symbol,False,False,,0,0,,Microglia,missing_symbol,False,False,,0,0,0.4533333333333333,0.8233333333333334,False,0,0,0,0,0,,False,,
CTB-39G8.3,False,,missing_symbol,,,,,missing_symbol,,missing_symbol,False,,0,False,False,False,,,missing_symbol,False,False,,0,0,,,missing_symbol,False,False,,0,0,,,False,0,0,0,0,0,,False,,
CTD-2005H7.1,True,Bipolar,unique,3.0,3.0,True,Bipolar,unique,Horizontal,unique,True,10.0,3,True,False,True,,Bipolar,missing_symbol,False,False,,0,0,,Horizontal,missing_symbol,False,False,,0,0,0.2066666666666666,0.48,False,0,0,0,0,0,,False,,
CTD-2020K17.1,True,RGC,unique,3.0,3.0,True,RGC,unique,RGC,unique,True,38.0,3,True,False,True,,RGC,missing_symbol,False,False,,0,0,,RGC,missing_symbol,False,False,,0,0,0.58,0.3766666666666666,False,0,0,0,0,0,,False,,
CTD-2020K17.3,True,RGC,unique,3.0,3.0,True,RGC,unique,RGC,unique,True,67.0,3,False,False,True,,RGC,missing_symbol,False,False,,0,0,,RGC,missing_symbol,False,False,,0,0,0.5166666666666667,0.4666666666666667,False,0,0,0,0,0,,False,,
CTTNBP2,True,Muller glia,unique,3.0,3.0,True,Muller glia,unique,Horizontal,unique,True,812.0,3,False,True,True,Muller glia,Muller glia,unique,True,True,0.8999999999999998,4,4,Horizontal,Horizontal,unique,True,True,0.9285714285714288,3,4,0.85,0.8533333333333334,False,0,0,0,0,0,,False,,
DDX39BP2,False,,missing_symbol,,,,,missing_symbol,,missing_symbol,False,,0,False,False,False,,,missing_symbol,False,False,,0,0,,,missing_symbol,False,False,,0,0,,,False,0,0,0,0,0,,False,,
DIO1,False,,missing_symbol,,,,,missing_symbol,,missing_symbol,False,,0,False,True,False,RGC,,unique,False,False,,3,4,RGC,,unique,False,False,,2,4,,,False,0,0,0,0,0,,False,,
DND1P1,False,,missing_symbol,,,,,missing_symbol,,missing_symbol,False,,0,False,False,False,,,missing_symbol,False,False,,0,0,,,missing_symbol,False,False,,0,0,,,False,0,0,0,0,0,,False,,
DYSF,True,Bipolar,unique,2.0,3.0,False,Bipolar,unique,Bipolar,unique,True,13.0,3,True,True,True,RGC,Bipolar,unique,True,False,-0.7181848464596079,4,4,RGC,Bipolar,unique,True,False,0.0591082804679325,4,4,0.1466666666666666,0.0733333333333333,False,0,0,0,0,0,,False,,
EFCAB13,True,RGC,unique,3.0,3.0,True,RGC,unique,RGC,unique,True,105.0,3,False,True,True,Muller glia,RGC,unique,True,False,-0.0999999999999999,4,4,Muller glia,RGC,unique,True,False,-0.25,1,4,0.2533333333333333,0.2833333333333333,False,0,0,0,0,0,,False,,
EFEMP1,True,Muller glia,unique,3.0,3.0,True,Muller glia,unique,Muller glia,unique,True,239.0,3,False,True,True,Muller glia,Muller glia,unique,True,True,0.3999999999999999,4,4,Muller glia,Muller glia,unique,True,True,0.2882999880625789,4,4,1.0,1.0,True,0,0,0,0,0,,False,,
EHBP1L1,True,RGC,unique,2.0,3.0,False,RGC,unique,Microglia,unique,True,21.0,3,True,True,True,RGC,RGC,unique,True,True,0.8999999999999998,2,4,Microglia,Microglia,unique,True,True,0.8829187134416479,4,4,0.5533333333333333,0.4966666666666666,False,0,0,0,0,1,,False,,
FAM215B,True,Bipolar,unique,2.0,3.0,False,Bipolar,unique,Horizontal,unique,True,2281.0,3,False,True,True,Rod,Bipolar,unique,True,False,-0.7999999999999999,2,4,Microglia,Horizontal,unique,True,False,-0.8571428571428573,3,4,0.4433333333333333,0.63,False,0,0,0,0,0,,False,,
FAM83A,False,,missing_symbol,,,,,missing_symbol,,missing_symbol,False,,0,False,True,False,RGC,,unique,False,False,,3,4,Horizontal,,unique,False,False,,4,4,,,False,0,0,0,0,0,,False,,
FAM83A-AS1,False,,missing_symbol,,,,,missing_symbol,,missing_symbol,False,,0,False,True,False,,,no_UMIs,False,False,,0,0,Horizontal,,unique,False,False,,4,4,,,False,0,0,0,0,0,,False,,
FAM89B,True,RGC,unique,3.0,3.0,True,RGC,unique,Horizontal,unique,True,126.0,3,False,True,True,RGC,RGC,unique,True,True,0.4999999999999999,4,4,RGC,Horizontal,unique,True,False,0.7142857142857144,3,4,0.9033333333333332,0.72,True,1,0,0,0,1,,False,,
FHL3,True,Muller glia,unique,2.0,3.0,False,Muller glia,unique,Microglia,unique,True,25.0,3,True,True,True,RGC,Muller glia,unique,True,False,0.7,4,4,Microglia,Microglia,unique,True,True,0.8829187134416479,4,4,0.2433333333333333,0.9933333333333332,False,0,0,0,0,0,,False,,
FLOT1,True,RGC,unique,3.0,3.0,True,RGC,unique,Microglia,unique,True,1403.0,3,False,True,True,RGC,RGC,unique,True,True,0.7,4,4,RGC,Microglia,unique,True,False,0.7857142857142859,3,4,0.9466666666666668,0.5466666666666666,True,0,0,0,0,0,,False,,
FLVCR2,True,Muller glia,unique,2.0,3.0,False,Muller glia,unique,Microglia,unique,True,10.0,3,True,True,True,Muller glia,Muller glia,unique,True,True,0.0512989176042577,4,4,Microglia,Microglia,unique,True,True,0.555936987495826,4,4,0.1333333333333333,0.2966666666666667,False,0,0,0,0,0,,False,,
FMNL1,True,RGC,unique,3.0,3.0,True,RGC,unique,Microglia,unique,True,62.0,3,False,True,True,RGC,RGC,unique,True,True,1.0,4,4,Microglia,Microglia,unique,True,True,0.9369749612033814,4,4,0.4166666666666667,0.9866666666666668,False,0,0,0,0,0,,False,,
FNDC4,True,RGC,unique,3.0,3.0,True,RGC,unique,RGC,unique,True,529.0,3,False,True,True,RGC,RGC,unique,True,True,0.7,4,4,RGC,RGC,unique,True,True,0.7500000000000002,4,4,0.8666666666666667,0.81,False,0,0,0,0,0,,False,,
GALR3,False,,missing_symbol,,,,,missing_symbol,,missing_symbol,False,,0,False,True,False,RGC,,unique,False,False,,4,4,RGC,,unique,False,False,,4,4,,,False,0,0,0,0,0,,False,,
GCAT,True,Muller glia,unique,2.0,3.0,False,Muller glia,unique,Muller glia,unique,True,147.0,3,False,True,True,RGC,Muller glia,unique,True,False,0.7999999999999999,4,4,RGC,Muller glia,unique,True,False,0.8214285714285715,3,4,0.44,0.2466666666666666,False,0,0,0,0,0,,True,unknown,Metabolism > Amino acid metabolism > Glycine metabolism
GLIS1,True,Muller glia,unique,3.0,3.0,True,Muller glia,unique,Muller glia,unique,True,5.0,2,True,True,True,RGC,Muller glia,unique,True,False,0.3354101966249684,4,4,RGC,Muller glia,unique,True,False,0.3563483225498992,4,4,0.16,0.1,False,0,0,0,0,0,,False,,
H1F0,True,Bipolar,unique,3.0,3.0,True,Bipolar,unique,Horizontal,unique,True,1534.0,3,False,True,True,Bipolar,Bipolar,unique,True,True,0.7999999999999999,4,4,Horizontal,Horizontal,unique,True,True,0.9285714285714288,4,4,0.8733333333333333,0.7366666666666667,False,0,0,0,0,0,,False,,
HCG4,False,,missing_symbol,,,,,missing_symbol,,missing_symbol,False,,0,False,False,False,,,missing_symbol,False,False,,0,0,,,missing_symbol,False,False,,0,0,,,False,0,0,0,0,0,,False,,
HCG4B,False,,missing_symbol,,,,,missing_symbol,,missing_symbol,False,,0,False,False,False,,,missing_symbol,False,False,,0,0,,,missing_symbol,False,False,,0,0,,,False,0,0,0,0,0,,False,,
HCG4P5,False,,missing_symbol,,,,,missing_symbol,,missing_symbol,False,,0,False,False,False,,,missing_symbol,False,False,,0,0,,,missing_symbol,False,False,,0,0,,,False,0,0,0,0,0,,False,,
HCG4P7,False,,missing_symbol,,,,,missing_symbol,,missing_symbol,False,,0,False,False,False,,,missing_symbol,False,False,,0,0,,,missing_symbol,False,False,,0,0,,,False,0,0,0,0,0,,False,,
HCG9,True,RGC,unique,2.0,3.0,False,RGC,unique,RGC,unique,True,3.0,2,True,True,True,RGC,RGC,unique,True,True,0.2236067977499789,4,4,Microglia,RGC,unique,True,False,-0.0445435403187374,3,4,0.23,0.1333333333333333,False,0,0,0,0,0,,False,,
HCP5B,True,RGC,unique,2.0,2.0,False,RGC,unique,RGC,unique,True,2.0,1,True,False,True,,RGC,missing_symbol,False,False,,0,0,,RGC,missing_symbol,False,False,,0,0,0.1066666666666666,0.04,False,0,0,0,0,0,,False,,
HECTD4,True,RGC,unique,3.0,3.0,True,RGC,unique,RGC,unique,True,861.0,3,False,True,True,RGC,RGC,unique,True,True,0.8999999999999998,4,4,RGC,RGC,unique,True,True,0.6785714285714287,4,4,0.67,0.4766666666666667,False,0,0,0,0,0,,False,,
HLA-A,True,Muller glia,unique,3.0,3.0,True,Muller glia,unique,Microglia,unique,True,2183.0,3,False,True,True,Muller glia,Muller glia,unique,True,True,1.0,4,4,Microglia,Microglia,unique,True,True,0.8928571428571429,4,4,0.85,1.0,False,0,0,0,0,0,,False,,
HLA-C,True,Muller glia,unique,3.0,3.0,True,Muller glia,unique,Microglia,unique,True,2470.0,3,False,True,True,Muller glia,Muller glia,unique,True,True,0.8999999999999998,4,4,Microglia,Microglia,unique,True,True,0.9642857142857144,4,4,0.9966666666666668,1.0,True,0,0,0,0,0,,False,,
HLA-F,True,Muller glia,unique,3.0,3.0,True,Muller glia,unique,Microglia,unique,True,62.0,3,False,True,True,RGC,Muller glia,unique,True,False,0.6,4,4,Microglia,Microglia,unique,True,True,0.7857142857142859,4,4,0.6033333333333334,0.9033333333333332,False,0,0,0,0,0,,False,,
HLA-F-AS1,False,,missing_symbol,,,,,missing_symbol,,missing_symbol,False,,0,False,True,False,RGC,,unique,False,False,,4,4,RGC,,unique,False,False,,4,4,,,False,0,0,0,0,0,,False,,
HLA-G,True,Bipolar,unique,3.0,3.0,True,Bipolar,unique,Microglia,unique,True,5.0,2,True,True,True,RGC,Bipolar,unique,True,False,-0.8944271909999157,4,4,RGC,Microglia,unique,True,False,-0.8946481190484872,4,4,0.0833333333333333,0.13,False,0,0,0,0,0,,False,,
HLA-H,False,,missing_symbol,,,,,missing_symbol,,missing_symbol,False,,0,False,False,False,,,missing_symbol,False,False,,0,0,,,missing_symbol,False,False,,0,0,,,False,0,0,0,0,0,,False,,
HLA-J,False,,missing_symbol,,,,,missing_symbol,,missing_symbol,False,,0,False,False,False,,,missing_symbol,False,False,,0,0,,,missing_symbol,False,False,,0,0,,,False,0,0,0,0,0,,False,,
HLA-L,False,,missing_symbol,,,,,missing_symbol,,missing_symbol,False,,0,False,False,False,,,missing_symbol,False,False,,0,0,,,missing_symbol,False,False,,0,0,,,False,0,0,0,0,0,,False,,
HLA-T,False,,missing_symbol,,,,,missing_symbol,,missing_symbol,False,,0,False,False,False,,,missing_symbol,False,False,,0,0,,,missing_symbol,False,False,,0,0,,,False,0,0,0,0,0,,False,,
HLA-U,False,,missing_symbol,,,,,missing_symbol,,missing_symbol,False,,0,False,False,False,,,missing_symbol,False,False,,0,0,,,missing_symbol,False,False,,0,0,,,False,0,0,0,0,0,,False,,
HLA-V,False,,missing_symbol,,,,,missing_symbol,,missing_symbol,False,,0,False,False,False,,,missing_symbol,False,False,,0,0,,,missing_symbol,False,False,,0,0,,,False,0,0,0,0,0,,False,,
HLA-W,False,,missing_symbol,,,,,missing_symbol,,missing_symbol,False,,0,False,False,False,,,missing_symbol,False,False,,0,0,,,missing_symbol,False,False,,0,0,,,False,0,0,0,0,0,,False,,
HSCB,True,Muller glia,unique,3.0,3.0,True,Muller glia,unique,Microglia,unique,True,605.0,3,False,True,True,Muller glia,Muller glia,unique,True,True,0.7,4,4,Muller glia,Microglia,unique,True,False,0.7500000000000002,3,4,0.58,0.5966666666666667,False,0,0,0,0,0,,True,Matrix,Metabolism > Metals and cofactors > Fe-S cluster biosynthesis
HTRA3,True,Muller glia,unique,2.0,2.0,False,Muller glia,unique,Muller glia,unique,True,3.0,1,True,True,True,Muller glia,Muller glia,unique,True,True,0.7254762501100117,4,4,Microglia,Muller glia,unique,True,False,0.4236592728681617,3,4,0.0566666666666666,0.0166666666666666,False,0,0,0,0,1,,False,,
IFITM4P,False,,missing_symbol,,,,,missing_symbol,,missing_symbol,False,,0,False,False,False,,,missing_symbol,False,False,,0,0,,,missing_symbol,False,False,,0,0,,,False,0,0,0,0,0,,False,,
IFT172,True,Rod,unique,2.0,3.0,False,Rod,unique,Rod,unique,True,1060.0,3,False,True,True,Rod,Rod,unique,True,True,0.7,4,4,Rod,Rod,unique,True,True,0.8571428571428573,4,4,0.2366666666666666,0.1933333333333333,False,0,0,0,0,0,,False,,
INPP5B,True,RGC,unique,3.0,3.0,True,RGC,unique,Horizontal,unique,True,267.0,3,False,True,True,RGC,RGC,unique,True,True,0.6,4,4,RGC,Horizontal,unique,True,False,0.6071428571428572,4,4,0.43,0.68,False,0,0,0,0,0,,False,,
ITGB3,True,,no_UMIs,0.0,0.0,False,,no_UMIs,Microglia,unique,False,4.0,2,True,True,True,Cone,,unique,False,False,,4,4,Cone,Microglia,unique,True,False,0.408248290463863,3,4,,0.1533333333333333,False,0,0,0,0,0,,False,,
KANSL1,True,RGC,unique,2.0,3.0,False,RGC,unique,RGC,unique,True,5097.0,3,False,True,True,RGC,RGC,unique,True,True,0.7999999999999999,3,4,RGC,RGC,unique,True,True,0.6785714285714287,3,4,0.4366666666666666,0.3033333333333333,False,0,0,0,0,0,,False,,
KANSL1-AS1,True,Rod,unique,1.0,3.0,False,Rod,unique,Rod,unique,True,926.0,3,False,True,True,Bipolar,Rod,unique,True,False,0.4999999999999999,3,4,Horizontal,Rod,unique,True,False,-0.2142857142857143,3,4,0.2066666666666666,0.13,False,0,0,0,0,0,,False,,
KHK,True,RGC,unique,3.0,3.0,True,RGC,unique,RGC,unique,True,220.0,3,False,True,True,RGC,RGC,unique,True,True,0.7,4,4,RGC,RGC,unique,True,True,0.7142857142857144,4,4,0.6166666666666667,0.3866666666666666,False,0,0,0,0,0,,False,,
KLF5,True,Rod,unique,2.0,3.0,False,Rod,unique,Horizontal,unique,True,6.0,3,True,True,True,RGC,Rod,unique,True,False,0.2236067977499789,3,4,Horizontal,Horizontal,unique,True,True,0.6304883249912806,4,4,0.0166666666666666,0.88,False,0,0,0,0,0,,False,,
KRT8P26,False,,missing_symbol,,,,,missing_symbol,,missing_symbol,False,,0,False,False,False,,,missing_symbol,False,False,,0,0,,,missing_symbol,False,False,,0,0,,,False,0,0,0,0,0,,False,,
LHPP,True,RGC,unique,3.0,3.0,True,RGC,unique,Horizontal,unique,True,563.0,3,False,True,True,RGC,RGC,unique,True,True,0.6,3,4,Horizontal,Horizontal,unique,True,True,0.7500000000000002,4,4,0.33,0.65,False,0,0,0,0,1,HALLMARK_GLYCOLYSIS,False,,
LINC01948,True,Bipolar,unique,3.0,3.0,True,Bipolar,unique,Bipolar,unique,True,3.0,2,True,True,True,RGC,Bipolar,unique,True,False,0.3535533905932737,4,4,RGC,Bipolar,unique,True,False,0.408248290463863,4,4,0.0533333333333333,0.0533333333333333,False,0,0,0,0,0,,False,,
LINC02052,False,,missing_symbol,,,,,missing_symbol,,missing_symbol,False,,0,False,True,False,,,no_UMIs,False,False,,0,0,,,no_UMIs,False,False,,0,0,,,False,0,0,0,0,0,,False,,
LINC02210,False,,missing_symbol,,,,,missing_symbol,,missing_symbol,False,,0,False,False,False,,,missing_symbol,False,False,,0,0,,,missing_symbol,False,False,,0,0,,,False,0,0,0,0,0,,False,,
LMO4,True,RGC,unique,3.0,3.0,True,RGC,unique,RGC,unique,True,2962.0,3,False,True,True,Bipolar,RGC,unique,True,False,0.4999999999999999,4,4,Bipolar,RGC,unique,True,False,0.2142857142857143,4,4,0.98,0.9066666666666666,False,0,0,0,0,0,,False,,
LMO7,True,Rod,unique,2.0,3.0,False,Rod,unique,Rod,unique,True,251.0,3,False,True,True,RGC,Rod,unique,True,False,-0.0999999999999999,4,4,RGC,Rod,unique,True,False,0.0357142857142857,4,4,0.2566666666666666,0.1633333333333333,False,0,0,0,0,0,,False,,
LOXL1,True,RGC,unique,3.0,3.0,True,RGC,unique,RGC,unique,True,44.0,3,True,True,True,Muller glia,RGC,unique,True,False,-0.0512989176042577,4,4,Muller glia,RGC,unique,True,False,-0.2594372608313854,4,4,0.6033333333333334,0.6533333333333333,False,1,0,1,0,0,,False,,
LOXL1-AS1,True,RGC,unique,3.0,3.0,True,RGC,unique,RGC,unique,True,16.0,3,True,True,True,Muller glia,RGC,unique,True,False,0.8720815992723809,4,4,Muller glia,RGC,unique,True,False,0.9265616458263766,4,4,0.7166666666666667,0.53,False,1,0,1,0,0,,False,,
LRRC37A,True,RGC,unique,3.0,3.0,True,RGC,unique,RGC,unique,True,134.0,3,False,True,True,Cone,RGC,unique,True,False,0.7,4,4,Cone,RGC,unique,True,False,0.592999453328881,4,4,0.4333333333333333,0.3566666666666667,False,0,0,0,0,0,,False,,
LRRC37A17P,False,,missing_symbol,,,,,missing_symbol,,missing_symbol,False,,0,False,False,False,,,missing_symbol,False,False,,0,0,,,missing_symbol,False,False,,0,0,,,False,0,0,0,0,0,,False,,
LRRC37A2,True,Bipolar,unique,2.0,3.0,False,Bipolar,unique,Bipolar,unique,True,380.0,3,False,True,True,Rod,Bipolar,unique,True,False,0.7,3,4,Rod,Bipolar,unique,True,False,0.6785714285714287,3,4,0.28,0.1966666666666666,False,0,0,0,0,0,,False,,
LRRC37A4P,False,,missing_symbol,,,,,missing_symbol,,missing_symbol,False,,0,False,False,False,,,missing_symbol,False,False,,0,0,,,missing_symbol,False,False,,0,0,,,False,0,0,0,0,0,,False,,
LRWD1,True,RGC,unique,2.0,3.0,False,RGC,unique,RGC,unique,True,596.0,3,False,True,True,RGC,RGC,unique,True,True,0.7,1,4,Horizontal,RGC,unique,True,False,0.5,2,4,0.2766666666666666,0.2566666666666666,False,0,0,0,0,0,,False,,
LTBP2,True,Bipolar,unique,3.0,3.0,True,Bipolar,unique,Bipolar,unique,True,22.0,3,True,True,True,RGC,Bipolar,unique,True,False,-0.3,3,4,RGC,Bipolar,unique,True,False,0.037062465833055,3,4,0.31,0.1466666666666666,False,1,0,0,1,0,,False,,
LTBP3,True,Muller glia,unique,3.0,3.0,True,Muller glia,unique,Muller glia,unique,True,340.0,3,False,True,True,Muller glia,Muller glia,unique,True,True,0.8999999999999998,4,4,Muller glia,Muller glia,unique,True,True,0.3571428571428572,4,4,0.7666666666666667,0.6,False,0,0,0,0,1,,False,,
MADD,True,Cone,unique,3.0,3.0,True,Cone,unique,Horizontal,unique,True,2032.0,3,False,True,True,Cone,Cone,unique,True,True,0.7,4,4,Cone,Horizontal,unique,True,False,0.8214285714285715,2,4,0.6233333333333333,0.47,False,0,0,0,0,0,,False,,
MAPK8IP1P1,False,,missing_symbol,,,,,missing_symbol,,missing_symbol,False,,0,False,False,False,,,missing_symbol,False,False,,0,0,,,missing_symbol,False,False,,0,0,,,False,0,0,0,0,0,,False,,
MAPK8IP1P2,False,,missing_symbol,,,,,missing_symbol,,missing_symbol,False,,0,False,False,False,,,missing_symbol,False,False,,0,0,,,missing_symbol,False,False,,0,0,,,False,0,0,0,0,0,,False,,
MAPT,True,Bipolar,unique,3.0,3.0,True,Bipolar,unique,Horizontal,unique,True,2473.0,3,False,True,True,RGC,Bipolar,unique,True,False,0.8999999999999998,4,4,Horizontal,Horizontal,unique,True,True,0.8571428571428573,4,4,0.7966666666666666,0.9166666666666666,False,0,0,0,0,0,,False,,
MAPT-AS1,True,Bipolar,unique,3.0,3.0,True,Bipolar,unique,Horizontal,unique,True,186.0,3,False,True,True,Bipolar,Bipolar,unique,True,True,1.0,4,4,Horizontal,Horizontal,unique,True,True,0.7857142857142859,4,4,0.7133333333333334,0.7566666666666667,False,0,0,0,0,0,,False,,
MAPT-IT1,False,,missing_symbol,,,,,missing_symbol,,missing_symbol,False,,0,False,True,False,Bipolar,,unique,False,False,,4,4,Horizontal,,unique,False,False,,4,4,,,False,0,0,0,0,0,,False,,
ME3,True,Bipolar,unique,3.0,3.0,True,Bipolar,unique,Bipolar,unique,True,244.0,3,False,True,True,Bipolar,Bipolar,unique,True,True,0.8999999999999998,4,4,Horizontal,Bipolar,unique,True,False,0.8571428571428573,3,4,0.9466666666666668,0.4266666666666667,True,0,0,0,0,0,,True,Matrix,Metabolism > Carbohydrate metabolism > TCA-associated
MICE,False,,missing_symbol,,,,,missing_symbol,,missing_symbol,False,,0,False,False,False,,,missing_symbol,False,False,,0,0,,,missing_symbol,False,False,,0,0,,,False,0,0,0,0,0,,False,,
MOV10,True,Muller glia,unique,3.0,3.0,True,Muller glia,unique,Muller glia,unique,True,60.0,3,False,True,True,Muller glia,Muller glia,unique,True,True,0.8999999999999998,4,4,Muller glia,Muller glia,unique,True,True,0.7142857142857144,4,4,0.8066666666666666,0.67,False,1,0,1,1,1,,False,,
MRPL33,True,Cone,unique,1.0,3.0,False,Cone,unique,Horizontal,unique,True,12696.0,3,False,True,True,Rod,Cone,unique,True,False,0.0999999999999999,4,4,Horizontal,Horizontal,unique,True,True,0.6071428571428572,4,4,0.4633333333333333,0.94,False,0,0,0,0,0,,True,Matrix,Mitochondrial central dogma > Translation > Mitochondrial ribosome
MTCH2,True,Cone,unique,3.0,3.0,True,Cone,unique,Cone,unique,True,3277.0,3,False,True,True,Rod,Cone,unique,True,False,0.7999999999999999,4,4,Rod,Cone,unique,True,False,0.8571428571428573,3,4,0.59,0.4866666666666667,False,0,0,0,0,0,,True,MOM,Small molecule transport > SLC25A family | Mitochondrial dynamics and surveillance > Fusion
MVB12B,True,RGC,unique,3.0,3.0,True,RGC,unique,RGC,unique,True,198.0,3,False,True,True,RGC,RGC,unique,True,True,0.7,4,4,Microglia,RGC,unique,True,False,0.2857142857142857,4,4,0.5066666666666667,0.37,False,0,0,0,0,0,,False,,
Metazoa_SRP,False,,missing_symbol,,,,,missing_symbol,,missing_symbol,False,,0,False,False,False,,,missing_symbol,False,False,,0,0,,,missing_symbol,False,False,,0,0,,,False,0,0,0,0,0,,False,,
NEAT1,True,Muller glia,unique,2.0,3.0,False,RGC,unique,Microglia,unique,False,6680.0,3,False,True,True,RGC,Muller glia,unique,True,False,0.7999999999999999,2,4,RGC,Microglia,unique,True,False,0.642857142857143,2,4,0.5933333333333334,0.9366666666666666,False,1,0,0,1,1,,False,,
NMT1,True,Cone,unique,2.0,3.0,False,Rod,unique,Cone,unique,False,5089.0,3,False,True,True,Rod,Cone,unique,True,False,0.8999999999999998,1,4,Rod,Cone,unique,True,False,0.7500000000000002,1,4,0.6933333333333334,0.5833333333333334,False,0,0,0,0,0,,False,,
NPEPPS,True,Cone,unique,2.0,3.0,False,Cone,unique,Cone,unique,True,3630.0,3,False,True,True,Bipolar,Cone,unique,True,False,0.7,3,4,Bipolar,Cone,unique,True,False,0.8214285714285715,3,4,0.4,0.3366666666666666,False,0,0,0,0,0,,False,,
NRBP1,True,RGC,unique,3.0,3.0,True,RGC,unique,RGC,unique,True,2161.0,3,False,True,True,Rod,RGC,unique,True,False,0.4999999999999999,4,4,Rod,RGC,unique,True,False,0.5357142857142858,4,4,0.4566666666666666,0.25,False,0,0,0,0,0,,False,,
NSF,True,Cone,unique,3.0,3.0,True,Cone,unique,Cone,unique,True,4477.0,3,False,True,True,Cone,Cone,unique,True,True,0.6,4,4,Cone,Cone,unique,True,True,0.8214285714285715,4,4,0.5866666666666667,0.55,False,0,0,0,0,0,,False,,
NUCB2,True,Rod,unique,3.0,3.0,True,Rod,unique,Rod,unique,True,6721.0,3,False,True,True,Cone,Rod,unique,True,False,0.3,4,4,Cone,Rod,unique,True,False,0.642857142857143,4,4,0.65,0.46,False,0,0,0,0,1,,False,,
NUDT7,True,Muller glia,unique,3.0,3.0,True,Muller glia,unique,Muller glia,unique,True,541.0,3,False,True,True,Muller glia,Muller glia,unique,True,True,0.7,4,4,Muller glia,Muller glia,unique,True,True,0.3928571428571429,4,4,0.98,0.9066666666666666,True,0,0,0,0,0,,False,,
PDE6C,True,Cone,unique,3.0,3.0,True,Cone,unique,Cone,unique,True,334.0,3,False,True,True,Cone,Cone,unique,True,True,0.7,4,4,Cone,Cone,unique,True,True,0.2594372608313854,4,4,1.0,1.0,True,0,0,0,0,0,,False,,
PGAM1P8,False,,missing_symbol,,,,,missing_symbol,,missing_symbol,False,,0,False,False,False,,,missing_symbol,False,False,,0,0,,,missing_symbol,False,False,,0,0,,,False,0,0,0,0,0,,False,,
PIBF1,True,Rod,unique,2.0,3.0,False,Rod,unique,Horizontal,unique,True,1091.0,3,False,True,True,Rod,Rod,unique,True,True,0.0,4,4,Rod,Horizontal,unique,True,False,-0.25,4,4,0.1566666666666666,0.3466666666666667,False,0,0,0,0,0,,False,,
PIGC,True,RGC,unique,3.0,3.0,True,RGC,unique,RGC,unique,True,1519.0,3,False,True,True,Rod,RGC,unique,True,False,0.4999999999999999,4,4,Rod,RGC,unique,True,False,0.0714285714285714,4,4,0.63,0.3266666666666666,False,0,0,0,0,0,,False,,
PKIB,True,Cone,unique,3.0,3.0,True,Cone,unique,Cone,unique,True,9076.0,3,False,True,True,RGC,Cone,unique,True,False,0.6,4,4,RGC,Cone,unique,True,False,0.7857142857142859,4,4,0.79,0.7666666666666667,False,0,0,0,0,0,,False,,
PLCE1,True,Muller glia,unique,3.0,3.0,True,Muller glia,unique,Muller glia,unique,True,695.0,3,False,True,True,Muller glia,Muller glia,unique,True,True,0.7,4,4,Muller glia,Muller glia,unique,True,True,0.3243374865704013,4,4,0.9933333333333332,0.9333333333333332,True,0,0,0,0,0,,False,,
PLCE1-AS1,False,,missing_symbol,,,,,missing_symbol,,missing_symbol,False,,0,False,True,False,Muller glia,,unique,False,False,,4,4,Muller glia,,unique,False,False,,4,4,,,False,0,0,0,0,0,,False,,
PLEKHA7,True,Cone,unique,3.0,3.0,True,Cone,unique,Cone,unique,True,376.0,3,False,True,True,Cone,Cone,unique,True,True,0.8999999999999998,4,4,Cone,Cone,unique,True,True,0.7567874686642696,4,4,0.8766666666666667,0.8733333333333333,False,1,0,1,1,1,,False,,
PLEKHM1,True,Muller glia,unique,2.0,3.0,False,Muller glia,unique,Microglia,unique,True,184.0,3,False,True,True,RGC,Muller glia,unique,True,False,0.7999999999999999,3,4,RGC,Microglia,unique,True,False,0.3928571428571429,3,4,0.2666666666666666,0.4366666666666666,False,0,0,0,0,0,,False,,
PPP1R18,True,Rod,unique,2.0,3.0,False,Cone,unique,Microglia,unique,False,242.0,3,False,True,True,Rod,Rod,unique,True,True,1.0,4,4,Microglia,Microglia,unique,True,True,0.7857142857142859,2,4,0.26,0.9366666666666666,False,0,0,0,0,0,,False,,
PRKCE,True,Bipolar,unique,3.0,3.0,True,Bipolar,unique,Bipolar,unique,True,647.0,3,False,True,True,Bipolar,Bipolar,unique,True,True,1.0,4,4,Bipolar,Bipolar,unique,True,True,0.4504687313477795,4,4,1.0,0.96,True,0,0,0,0,1,,False,,
PROX2,False,,missing_symbol,,,,,missing_symbol,,missing_symbol,False,,0,False,True,False,RGC,,unique,False,False,,3,4,RGC,,unique,False,False,,3,4,,,False,0,0,0,0,0,,False,,
PRSS23,True,Bipolar,unique,3.0,3.0,True,Bipolar,unique,Bipolar,unique,True,56.0,3,False,True,True,Cone,Bipolar,unique,True,False,0.0,4,4,Cone,Bipolar,unique,True,False,0.0890870806374748,3,4,0.8366666666666667,0.5566666666666666,False,0,0,0,0,0,,False,,
PSORS1C3,False,,missing_symbol,,,,,missing_symbol,,missing_symbol,False,,0,False,True,False,Rod,,unique,False,False,,4,4,Microglia,,unique,False,False,,3,4,,,False,0,0,0,0,0,,False,,
RAPSN,True,Muller glia,unique,2.0,2.0,False,Muller glia,unique,Muller glia,unique,True,2.0,1,True,True,True,Muller glia,Muller glia,unique,True,True,0.7071067811865475,3,4,Muller glia,Muller glia,unique,True,True,0.6179143806533246,3,4,0.1833333333333333,0.0766666666666666,False,0,0,0,0,0,,False,,
RERE,True,Bipolar,unique,2.0,3.0,False,Bipolar,unique,Bipolar,unique,True,3856.0,3,False,True,True,Cone,Bipolar,unique,True,False,0.0999999999999999,4,4,Cone,Bipolar,unique,True,False,0.2857142857142857,4,4,0.4066666666666667,0.3733333333333333,False,0,0,0,0,0,,False,,
RIC8B,True,Rod,unique,3.0,3.0,True,Rod,unique,Rod,unique,True,1602.0,3,False,True,True,Rod,Rod,unique,True,True,0.7,4,4,Rod,Rod,unique,True,True,0.3571428571428572,4,4,0.6233333333333333,0.4633333333333333,False,0,0,0,0,0,,False,,
RORA,True,Cone,unique,3.0,3.0,True,Cone,unique,Cone,unique,True,7462.0,3,False,True,True,Bipolar,Cone,unique,True,False,0.1999999999999999,4,4,Bipolar,Cone,unique,True,False,0.4642857142857144,4,4,1.0,0.9333333333333332,False,0,0,0,0,0,,False,,
RP11-123K19.1,False,,missing_symbol,,,,,missing_symbol,,missing_symbol,False,,0,False,False,False,,,missing_symbol,False,False,,0,0,,,missing_symbol,False,False,,0,0,,,False,0,0,0,0,0,,False,,
RP11-136H19.1,False,,missing_symbol,,,,,missing_symbol,,missing_symbol,False,,0,False,False,False,,,missing_symbol,False,False,,0,0,,,missing_symbol,False,False,,0,0,,,False,0,0,0,0,0,,False,,
RP11-149I2.4,False,,missing_symbol,,,,,missing_symbol,,missing_symbol,False,,0,False,False,False,,,missing_symbol,False,False,,0,0,,,missing_symbol,False,False,,0,0,,,False,0,0,0,0,0,,False,,
RP11-162I7.1,False,,missing_symbol,,,,,missing_symbol,,missing_symbol,False,,0,False,False,False,,,missing_symbol,False,False,,0,0,,,missing_symbol,False,False,,0,0,,,False,0,0,0,0,0,,False,,
RP11-17G12.2,False,,missing_symbol,,,,,missing_symbol,,missing_symbol,False,,0,False,False,False,,,missing_symbol,False,False,,0,0,,,missing_symbol,False,False,,0,0,,,False,0,0,0,0,0,,False,,
RP11-205K6.1,False,,missing_symbol,,,,,missing_symbol,,missing_symbol,False,,0,False,False,False,,,missing_symbol,False,False,,0,0,,,missing_symbol,False,False,,0,0,,,False,0,0,0,0,0,,False,,
RP11-217B7.2,True,Rod,unique,3.0,3.0,True,Rod,unique,Rod,unique,True,10.0,2,True,False,True,,Rod,missing_symbol,False,False,,0,0,,Rod,missing_symbol,False,False,,0,0,0.0433333333333333,0.0366666666666666,False,0,0,0,0,0,,False,,
RP11-259A24.1,False,,missing_symbol,,,,,missing_symbol,,missing_symbol,False,,0,False,False,False,,,missing_symbol,False,False,,0,0,,,missing_symbol,False,False,,0,0,,,False,0,0,0,0,0,,False,,
RP11-259G18.1,False,,missing_symbol,,,,,missing_symbol,,missing_symbol,False,,0,False,False,False,,,missing_symbol,False,False,,0,0,,,missing_symbol,False,False,,0,0,,,False,0,0,0,0,0,,False,,
RP11-259G18.3,False,,missing_symbol,,,,,missing_symbol,,missing_symbol,False,,0,False,False,False,,,missing_symbol,False,False,,0,0,,,missing_symbol,False,False,,0,0,,,False,0,0,0,0,0,,False,,
RP11-293E1.1,False,,missing_symbol,,,,,missing_symbol,,missing_symbol,False,,0,False,False,False,,,missing_symbol,False,False,,0,0,,,missing_symbol,False,False,,0,0,,,False,0,0,0,0,0,,False,,
RP11-293E1.2,False,,missing_symbol,,,,,missing_symbol,,missing_symbol,False,,0,False,False,False,,,missing_symbol,False,False,,0,0,,,missing_symbol,False,False,,0,0,,,False,0,0,0,0,0,,False,,
RP11-302L19.3,True,Cone,unique,2.0,2.0,False,Cone,unique,Cone,unique,True,2.0,1,True,False,True,,Cone,missing_symbol,False,False,,0,0,,Cone,missing_symbol,False,False,,0,0,0.12,0.06,False,0,0,0,0,0,,False,,
RP11-403A3.3,True,RGC,unique,2.0,2.0,False,,no_UMIs,RGC,unique,False,7.0,2,True,False,True,,RGC,missing_symbol,False,False,,0,0,,RGC,missing_symbol,False,False,,0,0,0.12,0.09,False,0,0,0,0,0,,False,,
RP11-412D9.4,True,Bipolar,unique,3.0,3.0,True,Bipolar,unique,Horizontal,unique,True,1316.0,3,False,False,True,,Bipolar,missing_symbol,False,False,,0,0,,Horizontal,missing_symbol,False,False,,0,0,0.4566666666666666,0.69,False,0,0,0,0,0,,False,,
RP11-507B12.1,False,,missing_symbol,,,,,missing_symbol,,missing_symbol,False,,0,False,False,False,,,missing_symbol,False,False,,0,0,,,missing_symbol,False,False,,0,0,,,False,0,0,0,0,0,,False,,
RP11-507B12.2,True,Muller glia,unique,2.0,2.0,False,Muller glia,unique,Muller glia,unique,True,1.0,1,True,False,True,,Muller glia,missing_symbol,False,False,,0,0,,Muller glia,missing_symbol,False,False,,0,0,0.1466666666666666,0.0866666666666666,False,0,0,0,0,0,,False,,
RP11-669E14.6,True,RGC,unique,3.0,3.0,True,RGC,unique,RGC,unique,True,25.0,3,True,False,True,,RGC,missing_symbol,False,False,,0,0,,RGC,missing_symbol,False,False,,0,0,0.3233333333333333,0.2166666666666666,False,0,0,0,0,0,,False,,
RP11-707O23.1,False,,missing_symbol,,,,,missing_symbol,,missing_symbol,False,,0,False,False,False,,,missing_symbol,False,False,,0,0,,,missing_symbol,False,False,,0,0,,,False,0,0,0,0,0,,False,,
RP11-750H9.5,False,,missing_symbol,,,,,missing_symbol,,missing_symbol,False,,0,False,False,False,,,missing_symbol,False,False,,0,0,,,missing_symbol,False,False,,0,0,,,False,0,0,0,0,0,,False,,
RP11-755F10.1,True,RGC,unique,2.0,3.0,False,RGC,unique,RGC,unique,True,8.0,2,True,False,True,,RGC,missing_symbol,False,False,,0,0,,RGC,missing_symbol,False,False,,0,0,0.1233333333333333,0.04,False,0,0,0,0,1,,False,,
RP11-762L8.6,False,,missing_symbol,,,,,missing_symbol,,missing_symbol,False,,0,False,False,False,,,missing_symbol,False,False,,0,0,,,missing_symbol,False,False,,0,0,,,False,0,0,0,0,0,,False,,
RP11-770G2.2,False,,missing_symbol,,,,,missing_symbol,,missing_symbol,False,,0,False,False,False,,,missing_symbol,False,False,,0,0,,,missing_symbol,False,False,,0,0,,,False,0,0,0,0,0,,False,,
RP11-798G7.6,True,Rod,unique,1.0,3.0,False,Rod,unique,Rod,unique,True,88.0,3,False,False,True,,Rod,missing_symbol,False,False,,0,0,,Rod,missing_symbol,False,False,,0,0,0.27,0.15,False,0,0,0,0,0,,False,,
RP11-798G7.8,False,,missing_symbol,,,,,missing_symbol,,missing_symbol,False,,0,False,False,False,,,missing_symbol,False,False,,0,0,,,missing_symbol,False,False,,0,0,,,False,0,0,0,0,0,,False,,
RP5-1115A15.1,True,Rod,unique,2.0,2.0,False,Rod,unique,Rod,unique,True,1.0,1,True,False,True,,Rod,missing_symbol,False,False,,0,0,,Rod,missing_symbol,False,False,,0,0,0.0066666666666666,0.0033333333333333,False,0,0,0,0,0,,False,,
RPS26P8,False,,missing_symbol,,,,,missing_symbol,,missing_symbol,False,,0,False,False,False,,,missing_symbol,False,False,,0,0,,,missing_symbol,False,False,,0,0,,,False,0,0,0,0,0,,False,,
SCRN2,True,Muller glia,unique,3.0,3.0,True,Muller glia,unique,Muller glia,unique,True,1034.0,3,False,True,True,RGC,Muller glia,unique,True,False,0.7,4,4,Horizontal,Muller glia,unique,True,False,0.7142857142857144,3,4,0.71,0.4333333333333333,False,0,0,0,0,0,,False,,
SEMA3E,True,Bipolar,unique,3.0,3.0,True,Bipolar,unique,Bipolar,unique,True,1014.0,3,False,True,True,Bipolar,Bipolar,unique,True,True,0.7999999999999999,4,4,Bipolar,Bipolar,unique,True,True,0.594618725379069,4,4,1.0,0.98,True,0,0,0,0,1,,False,,
SEPT7,True,RGC,unique,3.0,3.0,True,RGC,unique,Horizontal,unique,True,11658.0,3,False,False,True,,RGC,missing_symbol,False,False,,0,0,,Horizontal,missing_symbol,False,False,,0,0,0.9833333333333332,1.0,False,0,0,0,0,0,,False,,
SF3A3,True,Bipolar,unique,3.0,3.0,True,Bipolar,unique,Horizontal,unique,True,1944.0,3,False,True,True,RGC,Bipolar,unique,True,False,0.4999999999999999,4,4,RGC,Horizontal,unique,True,False,0.3928571428571429,2,4,0.4633333333333333,0.76,False,0,0,0,0,0,,False,,
SFTA1P,True,Muller glia,unique,2.0,2.0,False,Muller glia,unique,Muller glia,unique,True,2.0,1,True,True,True,Rod,Muller glia,unique,True,False,0.3627381250550058,2,4,Rod,Muller glia,unique,True,False,0.4504426164614508,2,4,0.3,0.1633333333333333,False,0,0,0,0,0,,False,,
SGSM2,True,Cone,unique,2.0,3.0,False,Bipolar,unique,Cone,unique,False,621.0,3,False,True,True,Cone,Cone,unique,True,True,0.7,4,4,Cone,Cone,unique,True,True,0.5,4,4,0.4133333333333333,0.3566666666666667,False,0,0,0,0,0,,False,,
SLC25A45,True,RGC,unique,2.0,3.0,False,RGC,unique,Microglia,unique,True,67.0,3,False,True,True,Bipolar,RGC,unique,True,False,0.4999999999999999,4,4,Microglia,Microglia,unique,True,True,0.4504687313477795,4,4,0.2433333333333333,0.8,False,0,0,0,0,1,,True,MIM,Small molecule transport > SLC25A family
SLC39A13,True,RGC,unique,1.0,3.0,False,Muller glia,unique,Horizontal,unique,False,464.0,3,False,True,True,RGC,RGC,unique,True,True,0.8999999999999998,4,4,Horizontal,Horizontal,unique,True,True,0.9642857142857144,4,4,0.2166666666666666,0.9333333333333332,False,0,0,0,0,0,,False,,
SMAD6,True,Muller glia,unique,3.0,3.0,True,Muller glia,unique,Muller glia,unique,True,17.0,2,True,True,True,Muller glia,Muller glia,unique,True,True,0.4103913408340616,4,4,Muller glia,Muller glia,unique,True,True,0.3349469226516178,4,4,0.7066666666666667,0.42,False,1,0,0,0,1,,False,,
SNORD14A,False,,missing_symbol,,,,,missing_symbol,,missing_symbol,False,,0,False,False,False,,,missing_symbol,False,False,,0,0,,,missing_symbol,False,False,,0,0,,,False,0,0,0,0,0,,False,,
SSSCA1-AS1,False,,missing_symbol,,,,,missing_symbol,,missing_symbol,False,,0,False,True,False,Rod,,unique,False,False,,4,4,Rod,,unique,False,False,,4,4,,,False,1,0,0,0,0,,False,,
TARID,True,Cone,unique,2.0,3.0,False,Bipolar,unique,Cone,unique,False,2.0,2,True,True,True,RGC,Cone,unique,True,False,0.3354101966249684,4,4,RGC,Cone,unique,True,False,0.4899789435061114,4,4,0.22,0.33,False,0,0,0,0,0,,False,,
TBC1D31,True,RGC,unique,2.0,3.0,False,RGC,unique,RGC,unique,True,251.0,3,False,True,True,RGC,RGC,unique,True,True,1.0,4,4,Horizontal,RGC,unique,True,False,0.0357142857142857,4,4,0.1533333333333333,0.1833333333333333,False,0,0,0,0,1,,False,,
TBKBP1,True,Bipolar,unique,1.0,3.0,False,Bipolar,unique,Bipolar,unique,True,201.0,3,False,True,True,Bipolar,Bipolar,unique,True,True,0.7,4,4,Horizontal,Bipolar,unique,True,False,0.3571428571428572,4,4,0.3133333333333333,0.1966666666666666,False,0,0,0,0,0,,False,,
TBPL1,True,RGC,unique,1.0,3.0,False,RGC,unique,RGC,unique,True,1844.0,3,False,True,True,Bipolar,RGC,unique,True,False,0.7999999999999999,4,4,Bipolar,RGC,unique,True,False,0.5714285714285715,4,4,0.39,0.34,False,0,0,0,0,0,,False,,
TGFB3,True,Muller glia,unique,3.0,3.0,True,Muller glia,unique,Muller glia,unique,True,39.0,3,True,True,True,Rod,Muller glia,unique,True,False,0.8720815992723809,2,4,Rod,Muller glia,unique,True,False,0.7684076460831233,2,4,0.45,0.24,False,0,0,0,0,0,,False,,
THCAT158,True,Muller glia,unique,2.0,3.0,False,Muller glia,unique,Muller glia,unique,True,3.0,2,True,False,True,,Muller glia,missing_symbol,False,False,,0,0,,Muller glia,missing_symbol,False,False,,0,0,0.2166666666666666,0.1133333333333333,False,0,0,0,0,0,,False,,
THSD7A,True,Bipolar,unique,3.0,3.0,True,Bipolar,unique,Horizontal,unique,True,1328.0,3,False,True,True,Bipolar,Bipolar,unique,True,True,0.8999999999999998,4,4,Horizontal,Horizontal,unique,True,True,0.8571428571428573,4,4,0.93,0.8333333333333334,True,0,0,0,0,0,,False,,
TIGD3,True,Bipolar,unique,2.0,3.0,False,Bipolar,unique,Bipolar,unique,True,176.0,3,False,True,True,Bipolar,Bipolar,unique,True,True,1.0,4,4,Bipolar,Bipolar,unique,True,True,0.8571428571428573,4,4,0.5133333333333333,0.31,False,0,0,0,0,1,,False,,
TMEM116,True,Rod,unique,3.0,3.0,True,Rod,unique,Rod,unique,True,825.0,3,False,True,True,RGC,Rod,unique,True,False,-0.0999999999999999,3,4,RGC,Rod,unique,True,False,0.2857142857142857,3,4,0.3033333333333333,0.2633333333333333,False,0,0,0,0,0,,False,,
TMEM136,True,Rod,unique,3.0,3.0,True,Rod,unique,Rod,unique,True,6443.0,3,False,False,True,,Rod,missing_symbol,False,False,,0,0,,Rod,missing_symbol,False,False,,0,0,0.93,0.7333333333333333,False,0,0,0,0,1,,False,,
TMEM181,True,RGC,unique,1.0,3.0,False,RGC,unique,Horizontal,unique,True,438.0,3,False,True,True,RGC,RGC,unique,True,True,0.3,4,4,RGC,Horizontal,unique,True,False,0.4285714285714286,3,4,0.2266666666666666,0.67,False,0,0,0,0,0,,False,,
TMEM263,True,Muller glia,unique,3.0,3.0,True,Muller glia,unique,Muller glia,unique,True,1075.0,3,False,True,True,Bipolar,Muller glia,unique,True,False,-0.0999999999999999,4,4,Horizontal,Muller glia,unique,True,False,-0.1428571428571428,2,4,0.6966666666666667,0.49,False,0,0,0,0,0,,False,,
TRIM26,True,Rod,unique,3.0,3.0,True,Rod,unique,Horizontal,unique,True,785.0,3,False,True,True,Rod,Rod,unique,True,True,0.7999999999999999,4,4,Rod,Horizontal,unique,True,False,0.1071428571428571,4,4,0.2366666666666666,0.5066666666666667,False,0,0,0,0,0,,False,,
TRIOBP,True,Bipolar,unique,1.0,3.0,False,Bipolar,unique,Bipolar,unique,True,226.0,3,False,True,True,RGC,Bipolar,unique,True,False,0.7,4,4,RGC,Bipolar,unique,True,False,0.6071428571428572,4,4,0.4133333333333333,0.23,False,0,0,0,0,0,,False,,
TSC22D2,True,Muller glia,unique,3.0,3.0,True,Muller glia,unique,Muller glia,unique,True,772.0,3,False,True,True,Muller glia,Muller glia,unique,True,True,0.8999999999999998,4,4,Muller glia,Muller glia,unique,True,True,0.0714285714285714,4,4,0.7,0.4433333333333333,False,0,0,0,0,1,,False,,
TTC28,True,Bipolar,unique,2.0,3.0,False,Bipolar,unique,Bipolar,unique,True,809.0,3,False,True,True,Bipolar,Bipolar,unique,True,True,0.4999999999999999,4,4,Bipolar,Bipolar,unique,True,True,0.3571428571428572,4,4,0.48,0.3966666666666666,False,0,0,0,0,1,,False,,
TTLL5,True,Rod,unique,3.0,3.0,True,Rod,unique,Rod,unique,True,1418.0,3,False,True,True,Rod,Rod,unique,True,True,0.8999999999999998,4,4,Rod,Rod,unique,True,True,0.3928571428571429,4,4,0.3966666666666666,0.23,False,0,0,0,0,0,,False,,
TXNDC8,False,,missing_symbol,,,,,missing_symbol,,missing_symbol,False,,0,False,True,False,RGC,,unique,False,False,,4,4,RGC,,unique,False,False,,4,4,,,False,0,0,0,0,0,,False,,
TXNRD2,True,Bipolar,unique,3.0,3.0,True,Bipolar,unique,Bipolar,unique,True,608.0,3,False,True,True,Bipolar,Bipolar,unique,True,True,0.3,4,4,Bipolar,Bipolar,unique,True,True,0.4642857142857144,3,4,0.5266666666666666,0.38,False,0,0,0,0,0,HALLMARK_REACTIVE_OXYGEN_SPECIES_PATHWAY,True,Matrix,Metabolism > Detoxification > ROS and glutathione metabolism | Metabolism > Detoxification > Selenoproteins
UTP11,True,RGC,unique,1.0,3.0,False,RGC,unique,Horizontal,unique,True,1142.0,3,False,True,True,RGC,RGC,unique,True,True,1.0,2,4,Horizontal,Horizontal,unique,True,True,0.7857142857142859,3,4,0.1933333333333333,0.7333333333333333,False,0,0,0,0,0,,False,,
VARS2,True,Muller glia,unique,3.0,3.0,True,Muller glia,unique,Muller glia,unique,True,192.0,3,False,True,True,Bipolar,Muller glia,unique,True,False,0.8999999999999998,4,4,Microglia,Muller glia,unique,True,False,0.4285714285714286,3,4,0.46,0.28,False,0,0,0,0,0,,True,Matrix,Mitochondrial central dogma > Translation > mt-tRNA synthetases
VCAM1,True,Muller glia,unique,3.0,3.0,True,Muller glia,unique,Muller glia,unique,True,9.0,3,True,True,True,Muller glia,Muller glia,unique,True,True,0.7254762501100117,4,4,Muller glia,Muller glia,unique,True,True,0.6179143806533246,4,4,0.6166666666666667,0.37,False,0,0,0,0,0,,False,,
WLS,True,Rod,unique,2.0,3.0,False,Cone,unique,Rod,unique,False,5293.0,3,False,True,True,Rod,Rod,unique,True,True,1.0,4,4,Rod,Rod,unique,True,True,0.9642857142857144,4,4,0.5333333333333333,0.4866666666666667,False,0,0,0,0,0,,False,,
WNT2B,True,Muller glia,unique,2.0,3.0,False,Muller glia,unique,Muller glia,unique,True,942.0,3,False,True,True,Rod,Muller glia,unique,True,False,0.7,4,4,Microglia,Muller glia,unique,True,False,0.1428571428571428,3,4,0.5133333333333333,0.4133333333333333,False,1,1,0,0,1,,False,,
XRCC6P1,False,,missing_symbol,,,,,missing_symbol,,missing_symbol,False,,0,False,False,False,,,missing_symbol,False,False,,0,0,,,missing_symbol,False,False,,0,0,,,False,0,0,0,0,0,,False,,
XXbac-BPG170G13.32,True,Muller glia,unique,2.0,2.0,False,Muller glia,unique,Microglia,unique,True,2.0,1,True,False,True,,Muller glia,missing_symbol,False,False,,0,0,,Microglia,missing_symbol,False,False,,0,0,0.11,0.07,False,0,0,0,0,0,,False,,
XXbac-BPG283O16.9,False,,missing_symbol,,,,,missing_symbol,,missing_symbol,False,,0,False,False,False,,,missing_symbol,False,False,,0,0,,,missing_symbol,False,False,,0,0,,,False,0,0,0,0,0,,False,,
YAP1,True,Muller glia,unique,3.0,3.0,True,Muller glia,unique,Muller glia,unique,True,82.0,3,False,True,True,Muller glia,Muller glia,unique,True,True,0.0,4,4,Muller glia,Muller glia,unique,True,True,-0.1853123291652753,4,4,0.9866666666666668,0.9066666666666666,True,0,0,0,0,0,,False,,
YIF1A,True,Muller glia,unique,3.0,3.0,True,Muller glia,unique,Muller glia,unique,True,2802.0,3,False,True,True,RGC,Muller glia,unique,True,False,-0.3,4,4,RGC,Muller glia,unique,True,False,-0.642857142857143,2,4,0.7366666666666667,0.5233333333333333,False,0,0,0,0,1,HALLMARK_UNFOLDED_PROTEIN_RESPONSE,False,,
ZNF280D,True,Bipolar,unique,2.0,3.0,False,Bipolar,unique,Horizontal,unique,True,2364.0,3,False,True,True,Bipolar,Bipolar,unique,True,True,0.8999999999999998,4,4,Bipolar,Horizontal,unique,True,False,0.8928571428571429,4,4,0.4733333333333333,0.67,False,0,0,0,0,0,,False,,
ZNF638,True,RGC,unique,1.0,3.0,False,RGC,unique,RGC,unique,True,5450.0,3,False,True,True,Muller glia,RGC,unique,True,False,-0.3,4,4,Muller glia,RGC,unique,True,False,-0.4285714285714286,4,4,0.45,0.41,False,0,0,0,0,0,,False,,
ZNF638-IT1,False,,missing_symbol,,,,,missing_symbol,,missing_symbol,False,,0,False,False,False,,,missing_symbol,False,False,,0,0,,,missing_symbol,False,False,,0,0,,,False,0,0,0,0,0,,False,,
