study,program,comparison,relative_top_type,LODO_agree,LODO_folds,comparison_types,score_Rod,score_Cone,score_Bipolar,score_RGC,score_Muller glia,score_Horizontal,score_Microglia
Lukowski2019,HALLMARK_OXIDATIVE_PHOSPHORYLATION,primary,Cone,3,3,Rod;Cone;Bipolar;RGC;Muller glia,0.11951532821209165,0.28920342079352107,0.123544519307146,0.14444130029419608,0.003762006649315043,,
Lukowski2019,HALLMARK_OXIDATIVE_PHOSPHORYLATION,extended,Microglia,3,3,Rod;Cone;Bipolar;Horizontal;RGC;Muller glia;Microglia,0.11951532821209165,0.28920342079352107,0.123544519307146,0.14444130029419608,0.003762006649315043,0.29566245268915065,0.4380893895999099
Wang2022,HALLMARK_OXIDATIVE_PHOSPHORYLATION,primary,RGC,4,4,Rod;Cone;Bipolar;RGC;Muller glia,-0.3978606621581481,-0.28225221853877264,-0.34021625393183985,-0.07565161396146382,-0.44407880584614007,,
Wang2022,HALLMARK_OXIDATIVE_PHOSPHORYLATION,extended,RGC,4,4,Rod;Cone;Bipolar;Horizontal;RGC;Muller glia;Microglia,-0.3978606621581481,-0.28225221853877264,-0.34021625393183985,-0.07565161396146382,-0.44407880584614007,-0.14618045636593738,-0.39507754924265276
Lukowski2019,HALLMARK_CHOLESTEROL_HOMEOSTASIS,primary,Muller glia,3,3,Rod;Cone;Bipolar;RGC;Muller glia,-0.09013803841699936,-0.28452133078759323,-0.2313879397582371,0.30313609729316054,0.444337890506308,,
Lukowski2019,HALLMARK_CHOLESTEROL_HOMEOSTASIS,extended,Microglia,3,3,Rod;Cone;Bipolar;Horizontal;RGC;Muller glia;Microglia,-0.09013803841699936,-0.28452133078759323,-0.2313879397582371,0.30313609729316054,0.444337890506308,0.1952367287927105,0.6902761882295544
Wang2022,HALLMARK_CHOLESTEROL_HOMEOSTASIS,primary,RGC,4,4,Rod;Cone;Bipolar;RGC;Muller glia,-0.34836861537300556,-0.43083996822287207,-0.4235396835667242,0.27943192411692475,0.090812647678126,,
Wang2022,HALLMARK_CHOLESTEROL_HOMEOSTASIS,extended,RGC,4,4,Rod;Cone;Bipolar;Horizontal;RGC;Muller glia;Microglia,-0.34836861537300556,-0.43083996822287207,-0.4235396835667242,0.27943192411692475,0.090812647678126,-0.047906370225892364,0.16911515796727344
Lukowski2019,HALLMARK_GLYCOLYSIS,primary,Muller glia,3,3,Rod;Cone;Bipolar;RGC;Muller glia,-0.047314596313296535,-0.06594107381012482,-0.014744379912046026,0.030031899796065364,0.2536429308767585,,
Lukowski2019,HALLMARK_GLYCOLYSIS,extended,Microglia,3,3,Rod;Cone;Bipolar;Horizontal;RGC;Muller glia;Microglia,-0.047314596313296535,-0.06594107381012482,-0.014744379912046026,0.030031899796065364,0.2536429308767585,0.06759728396352396,0.2988927537370854
Wang2022,HALLMARK_GLYCOLYSIS,primary,Muller glia,4,4,Rod;Cone;Bipolar;RGC;Muller glia,-0.056260107009861074,-0.10760976807704511,-0.07340469934627926,0.022298239149136024,0.1510962608606664,,
Wang2022,HALLMARK_GLYCOLYSIS,extended,Muller glia,4,4,Rod;Cone;Bipolar;Horizontal;RGC;Muller glia;Microglia,-0.056260107009861074,-0.10760976807704511,-0.07340469934627926,0.022298239149136024,0.1510962608606664,0.009221239635298625,0.07377310737722867
Lukowski2019,HALLMARK_FATTY_ACID_METABOLISM,primary,Muller glia,3,3,Rod;Cone;Bipolar;RGC;Muller glia,-0.02403173478997681,-0.12107863576000803,-0.08067375433058567,-0.04472152170798164,0.23754886857966076,,
Lukowski2019,HALLMARK_FATTY_ACID_METABOLISM,extended,Microglia,3,3,Rod;Cone;Bipolar;Horizontal;RGC;Muller glia;Microglia,-0.02403173478997681,-0.12107863576000803,-0.08067375433058567,-0.04472152170798164,0.23754886857966076,-0.055607933303291834,0.43235024505097885
Wang2022,HALLMARK_FATTY_ACID_METABOLISM,primary,RGC,4,4,Rod;Cone;Bipolar;RGC;Muller glia,-0.31934105487613673,-0.34378421446025964,-0.3724978418932682,-0.17172116947530297,-0.24387518028404345,,
Wang2022,HALLMARK_FATTY_ACID_METABOLISM,extended,RGC,4,4,Rod;Cone;Bipolar;Horizontal;RGC;Muller glia;Microglia,-0.31934105487613673,-0.34378421446025964,-0.3724978418932682,-0.17172116947530297,-0.24387518028404345,-0.2797988368873124,-0.2585291218144248
Lukowski2019,HALLMARK_UNFOLDED_PROTEIN_RESPONSE,primary,Muller glia,3,3,Rod;Cone;Bipolar;RGC;Muller glia,0.0033705238493551178,-0.08196003370388986,-0.023729190769254577,0.003261003779433686,0.07146929267532039,,
Lukowski2019,HALLMARK_UNFOLDED_PROTEIN_RESPONSE,extended,Microglia,3,3,Rod;Cone;Bipolar;Horizontal;RGC;Muller glia;Microglia,0.0033705238493551178,-0.08196003370388986,-0.023729190769254577,0.003261003779433686,0.07146929267532039,0.06979514814151849,0.586802876911069
Wang2022,HALLMARK_UNFOLDED_PROTEIN_RESPONSE,primary,Muller glia,4,4,Rod;Cone;Bipolar;RGC;Muller glia,-0.35357852198811446,-0.45677487733339067,-0.3283518645213232,-0.27272710074051276,-0.19108888961478543,,
Wang2022,HALLMARK_UNFOLDED_PROTEIN_RESPONSE,extended,Microglia,2,4,Rod;Cone;Bipolar;Horizontal;RGC;Muller glia;Microglia,-0.35357852198811446,-0.45677487733339067,-0.3283518645213232,-0.27272710074051276,-0.19108888961478543,-0.20544210401962365,-0.16956155769870182
Lukowski2019,HALLMARK_REACTIVE_OXYGEN_SPECIES_PATHWAY,primary,Muller glia,1,3,Rod;Cone;Bipolar;RGC;Muller glia,0.09460447575138115,0.16472051919970496,0.10266213736457348,0.09505765985714805,0.17270229170940174,,
Lukowski2019,HALLMARK_REACTIVE_OXYGEN_SPECIES_PATHWAY,extended,Microglia,3,3,Rod;Cone;Bipolar;Horizontal;RGC;Muller glia;Microglia,0.09460447575138115,0.16472051919970496,0.10266213736457348,0.09505765985714805,0.17270229170940174,-0.06446171706361066,0.7784872058544406
Wang2022,HALLMARK_REACTIVE_OXYGEN_SPECIES_PATHWAY,primary,Muller glia,4,4,Rod;Cone;Bipolar;RGC;Muller glia,-0.3057648385039663,-0.2505808836707967,-0.270415387093424,-0.21037705570138607,-0.13317663545321587,,
Wang2022,HALLMARK_REACTIVE_OXYGEN_SPECIES_PATHWAY,extended,Microglia,4,4,Rod;Cone;Bipolar;Horizontal;RGC;Muller glia;Microglia,-0.3057648385039663,-0.2505808836707967,-0.270415387093424,-0.21037705570138607,-0.13317663545321587,-0.18773940074661874,0.0014556479813591233
