gene_id,gene,exact_symbol_in_matrix,external_exact_symbol,external_symbol,external_symbol_agrees,mapping_policy
ENSG00000058866,DGKG,True,True,DGKG,True,Exact gene symbol in the original GEO features; unique symbols; no inferred aliases or genomic proximity. Curated Ensembl IDs are used separately for count alignment checks.
ENSG00000146411,SLC2A12,True,True,SLC2A12,True,Exact gene symbol in the original GEO features; unique symbols; no inferred aliases or genomic proximity. Curated Ensembl IDs are used separately for count alignment checks.
ENSG00000171812,COL8A2,True,True,COL8A2,True,Exact gene symbol in the original GEO features; unique symbols; no inferred aliases or genomic proximity. Curated Ensembl IDs are used separately for count alignment checks.
ENSG00000119655,NPC2,True,True,NPC2,True,Exact gene symbol in the original GEO features; unique symbols; no inferred aliases or genomic proximity. Curated Ensembl IDs are used separately for count alignment checks.
ENSG00000165916,PSMC3,True,True,PSMC3,True,Exact gene symbol in the original GEO features; unique symbols; no inferred aliases or genomic proximity. Curated Ensembl IDs are used separately for count alignment checks.
ENSG00000224358,RP11-466F5.8,True,False,,False,Exact gene symbol in the original GEO features; unique symbols; no inferred aliases or genomic proximity. Curated Ensembl IDs are used separately for count alignment checks.
ENSG00000145012,LPP,True,True,LPP,True,Exact gene symbol in the original GEO features; unique symbols; no inferred aliases or genomic proximity. Curated Ensembl IDs are used separately for count alignment checks.
ENSG00000175773,RP11-121M22.1,True,False,,False,Exact gene symbol in the original GEO features; unique symbols; no inferred aliases or genomic proximity. Curated Ensembl IDs are used separately for count alignment checks.
ENSG00000175164,ABO,True,True,ABO,True,Exact gene symbol in the original GEO features; unique symbols; no inferred aliases or genomic proximity. Curated Ensembl IDs are used separately for count alignment checks.
ENSG00000134917,ADAMTS8,True,True,ADAMTS8,True,Exact gene symbol in the original GEO features; unique symbols; no inferred aliases or genomic proximity. Curated Ensembl IDs are used separately for count alignment checks.
ENSG00000122786,CALD1,True,True,CALD1,True,Exact gene symbol in the original GEO features; unique symbols; no inferred aliases or genomic proximity. Curated Ensembl IDs are used separately for count alignment checks.
ENSG00000183765,CHEK2,True,True,CHEK2,True,Exact gene symbol in the original GEO features; unique symbols; no inferred aliases or genomic proximity. Curated Ensembl IDs are used separately for count alignment checks.
ENSG00000007237,GAS7,True,True,GAS7,True,Exact gene symbol in the original GEO features; unique symbols; no inferred aliases or genomic proximity. Curated Ensembl IDs are used separately for count alignment checks.
ENSG00000136944,LMX1B,False,True,LMX1B,True,Exact gene symbol in the original GEO features; unique symbols; no inferred aliases or genomic proximity. Curated Ensembl IDs are used separately for count alignment checks.
ENSG00000140262,TCF12,True,True,TCF12,True,Exact gene symbol in the original GEO features; unique symbols; no inferred aliases or genomic proximity. Curated Ensembl IDs are used separately for count alignment checks.
ENSG00000143183,TMCO1,True,True,TMCO1,True,Exact gene symbol in the original GEO features; unique symbols; no inferred aliases or genomic proximity. Curated Ensembl IDs are used separately for count alignment checks.
ENSG00000071575,TRIB2,True,True,TRIB2,True,Exact gene symbol in the original GEO features; unique symbols; no inferred aliases or genomic proximity. Curated Ensembl IDs are used separately for count alignment checks.
ENSG00000232926,AC000078.5,False,False,,False,Exact gene symbol in the original GEO features; unique symbols; no inferred aliases or genomic proximity. Curated Ensembl IDs are used separately for count alignment checks.
ENSG00000237813,AC002066.1,False,True,AC002066.1,True,Exact gene symbol in the original GEO features; unique symbols; no inferred aliases or genomic proximity. Curated Ensembl IDs are used separately for count alignment checks.
ENSG00000213197,AC012066.1,False,False,,False,Exact gene symbol in the original GEO features; unique symbols; no inferred aliases or genomic proximity. Curated Ensembl IDs are used separately for count alignment checks.
ENSG00000236234,AC091132.1,False,True,AC091132.1,True,Exact gene symbol in the original GEO features; unique symbols; no inferred aliases or genomic proximity. Curated Ensembl IDs are used separately for count alignment checks.
ENSG00000181513,ACBD4,True,True,ACBD4,True,Exact gene symbol in the original GEO features; unique symbols; no inferred aliases or genomic proximity. Curated Ensembl IDs are used separately for count alignment checks.
ENSG00000196526,AFAP1,True,True,AFAP1,True,Exact gene symbol in the original GEO features; unique symbols; no inferred aliases or genomic proximity. Curated Ensembl IDs are used separately for count alignment checks.
ENSG00000111275,ALDH2,True,True,ALDH2,True,Exact gene symbol in the original GEO features; unique symbols; no inferred aliases or genomic proximity. Curated Ensembl IDs are used separately for count alignment checks.
ENSG00000254614,AP003068.23,True,False,,False,Exact gene symbol in the original GEO features; unique symbols; no inferred aliases or genomic proximity. Curated Ensembl IDs are used separately for count alignment checks.
ENSG00000254470,AP5B1,True,True,AP5B1,True,Exact gene symbol in the original GEO features; unique symbols; no inferred aliases or genomic proximity. Curated Ensembl IDs are used separately for count alignment checks.
ENSG00000119682,AREL1,True,True,AREL1,True,Exact gene symbol in the original GEO features; unique symbols; no inferred aliases or genomic proximity. Curated Ensembl IDs are used separately for count alignment checks.
ENSG00000159314,ARHGAP27,True,True,ARHGAP27,True,Exact gene symbol in the original GEO features; unique symbols; no inferred aliases or genomic proximity. Curated Ensembl IDs are used separately for count alignment checks.
ENSG00000196914,ARHGEF12,True,True,ARHGEF12,True,Exact gene symbol in the original GEO features; unique symbols; no inferred aliases or genomic proximity. Curated Ensembl IDs are used separately for count alignment checks.
ENSG00000185829,ARL17A,True,True,ARL17A,True,Exact gene symbol in the original GEO features; unique symbols; no inferred aliases or genomic proximity. Curated Ensembl IDs are used separately for count alignment checks.
ENSG00000154723,ATP5J,True,False,,False,Exact gene symbol in the original GEO features; unique symbols; no inferred aliases or genomic proximity. Curated Ensembl IDs are used separately for count alignment checks.
ENSG00000122870,BICC1,True,True,BICC1,True,Exact gene symbol in the original GEO features; unique symbols; no inferred aliases or genomic proximity. Curated Ensembl IDs are used separately for count alignment checks.
ENSG00000136122,BORA,True,True,BORA,True,Exact gene symbol in the original GEO features; unique symbols; no inferred aliases or genomic proximity. Curated Ensembl IDs are used separately for count alignment checks.
ENSG00000116922,C1orf109,True,True,C1orf109,True,Exact gene symbol in the original GEO features; unique symbols; no inferred aliases or genomic proximity. Curated Ensembl IDs are used separately for count alignment checks.
ENSG00000197982,C1orf122,True,True,C1orf122,True,Exact gene symbol in the original GEO features; unique symbols; no inferred aliases or genomic proximity. Curated Ensembl IDs are used separately for count alignment checks.
ENSG00000215012,C22orf29,True,False,,False,Exact gene symbol in the original GEO features; unique symbols; no inferred aliases or genomic proximity. Curated Ensembl IDs are used separately for count alignment checks.
ENSG00000204542,C6orf15,False,True,C6orf15,True,Exact gene symbol in the original GEO features; unique symbols; no inferred aliases or genomic proximity. Curated Ensembl IDs are used separately for count alignment checks.
ENSG00000182985,CADM1,True,True,CADM1,True,Exact gene symbol in the original GEO features; unique symbols; no inferred aliases or genomic proximity. Curated Ensembl IDs are used separately for count alignment checks.
ENSG00000175161,CADM2,True,True,CADM2,True,Exact gene symbol in the original GEO features; unique symbols; no inferred aliases or genomic proximity. Curated Ensembl IDs are used separately for count alignment checks.
ENSG00000105971,CAV2,True,True,CAV2,True,Exact gene symbol in the original GEO features; unique symbols; no inferred aliases or genomic proximity. Curated Ensembl IDs are used separately for count alignment checks.
ENSG00000159873,CCDC117,True,True,CCDC117,True,Exact gene symbol in the original GEO features; unique symbols; no inferred aliases or genomic proximity. Curated Ensembl IDs are used separately for count alignment checks.
ENSG00000079335,CDC14A,True,True,CDC14A,True,Exact gene symbol in the original GEO features; unique symbols; no inferred aliases or genomic proximity. Curated Ensembl IDs are used separately for count alignment checks.
ENSG00000147889,CDKN2A,True,True,CDKN2A,True,Exact gene symbol in the original GEO features; unique symbols; no inferred aliases or genomic proximity. Curated Ensembl IDs are used separately for count alignment checks.
ENSG00000240498,CDKN2B-AS1,True,True,CDKN2B-AS1,True,Exact gene symbol in the original GEO features; unique symbols; no inferred aliases or genomic proximity. Curated Ensembl IDs are used separately for count alignment checks.
ENSG00000149187,CELF1,True,True,CELF1,True,Exact gene symbol in the original GEO features; unique symbols; no inferred aliases or genomic proximity. Curated Ensembl IDs are used separately for count alignment checks.
ENSG00000112782,CLIC5,True,True,CLIC5,True,Exact gene symbol in the original GEO features; unique symbols; no inferred aliases or genomic proximity. Curated Ensembl IDs are used separately for count alignment checks.
ENSG00000173727,CMB9-22P13.1,False,False,,False,Exact gene symbol in the original GEO features; unique symbols; no inferred aliases or genomic proximity. Curated Ensembl IDs are used separately for count alignment checks.
ENSG00000060718,COL11A1,True,True,COL11A1,True,Exact gene symbol in the original GEO features; unique symbols; no inferred aliases or genomic proximity. Curated Ensembl IDs are used separately for count alignment checks.
ENSG00000120088,CRHR1,True,True,CRHR1,True,Exact gene symbol in the original GEO features; unique symbols; no inferred aliases or genomic proximity. Curated Ensembl IDs are used separately for count alignment checks.
ENSG00000226471,CTA-292E10.6,True,False,,False,Exact gene symbol in the original GEO features; unique symbols; no inferred aliases or genomic proximity. Curated Ensembl IDs are used separately for count alignment checks.
ENSG00000267344,CTB-39G8.3,False,False,,False,Exact gene symbol in the original GEO features; unique symbols; no inferred aliases or genomic proximity. Curated Ensembl IDs are used separately for count alignment checks.
ENSG00000254731,CTD-2005H7.1,True,False,,False,Exact gene symbol in the original GEO features; unique symbols; no inferred aliases or genomic proximity. Curated Ensembl IDs are used separately for count alignment checks.
ENSG00000267121,CTD-2020K17.1,True,False,,False,Exact gene symbol in the original GEO features; unique symbols; no inferred aliases or genomic proximity. Curated Ensembl IDs are used separately for count alignment checks.
ENSG00000233175,CTD-2020K17.3,True,False,,False,Exact gene symbol in the original GEO features; unique symbols; no inferred aliases or genomic proximity. Curated Ensembl IDs are used separately for count alignment checks.
ENSG00000077063,CTTNBP2,True,True,CTTNBP2,True,Exact gene symbol in the original GEO features; unique symbols; no inferred aliases or genomic proximity. Curated Ensembl IDs are used separately for count alignment checks.
ENSG00000238024,DDX39BP2,False,False,,False,Exact gene symbol in the original GEO features; unique symbols; no inferred aliases or genomic proximity. Curated Ensembl IDs are used separately for count alignment checks.
ENSG00000211452,DIO1,False,True,DIO1,True,Exact gene symbol in the original GEO features; unique symbols; no inferred aliases or genomic proximity. Curated Ensembl IDs are used separately for count alignment checks.
ENSG00000264070,DND1P1,False,False,,False,Exact gene symbol in the original GEO features; unique symbols; no inferred aliases or genomic proximity. Curated Ensembl IDs are used separately for count alignment checks.
ENSG00000135636,DYSF,True,True,DYSF,True,Exact gene symbol in the original GEO features; unique symbols; no inferred aliases or genomic proximity. Curated Ensembl IDs are used separately for count alignment checks.
ENSG00000178852,EFCAB13,True,True,EFCAB13,True,Exact gene symbol in the original GEO features; unique symbols; no inferred aliases or genomic proximity. Curated Ensembl IDs are used separately for count alignment checks.
ENSG00000115380,EFEMP1,True,True,EFEMP1,True,Exact gene symbol in the original GEO features; unique symbols; no inferred aliases or genomic proximity. Curated Ensembl IDs are used separately for count alignment checks.
ENSG00000173442,EHBP1L1,True,True,EHBP1L1,True,Exact gene symbol in the original GEO features; unique symbols; no inferred aliases or genomic proximity. Curated Ensembl IDs are used separately for count alignment checks.
ENSG00000232300,FAM215B,True,True,FAM215B,True,Exact gene symbol in the original GEO features; unique symbols; no inferred aliases or genomic proximity. Curated Ensembl IDs are used separately for count alignment checks.
ENSG00000147689,FAM83A,False,True,FAM83A,True,Exact gene symbol in the original GEO features; unique symbols; no inferred aliases or genomic proximity. Curated Ensembl IDs are used separately for count alignment checks.
ENSG00000204949,FAM83A-AS1,False,True,FAM83A-AS1,True,Exact gene symbol in the original GEO features; unique symbols; no inferred aliases or genomic proximity. Curated Ensembl IDs are used separately for count alignment checks.
ENSG00000176973,FAM89B,True,True,FAM89B,True,Exact gene symbol in the original GEO features; unique symbols; no inferred aliases or genomic proximity. Curated Ensembl IDs are used separately for count alignment checks.
ENSG00000183386,FHL3,True,True,FHL3,True,Exact gene symbol in the original GEO features; unique symbols; no inferred aliases or genomic proximity. Curated Ensembl IDs are used separately for count alignment checks.
ENSG00000137312,FLOT1,True,True,FLOT1,True,Exact gene symbol in the original GEO features; unique symbols; no inferred aliases or genomic proximity. Curated Ensembl IDs are used separately for count alignment checks.
ENSG00000119686,FLVCR2,True,True,FLVCR2,True,Exact gene symbol in the original GEO features; unique symbols; no inferred aliases or genomic proximity. Curated Ensembl IDs are used separately for count alignment checks.
ENSG00000184922,FMNL1,True,True,FMNL1,True,Exact gene symbol in the original GEO features; unique symbols; no inferred aliases or genomic proximity. Curated Ensembl IDs are used separately for count alignment checks.
ENSG00000115226,FNDC4,True,True,FNDC4,True,Exact gene symbol in the original GEO features; unique symbols; no inferred aliases or genomic proximity. Curated Ensembl IDs are used separately for count alignment checks.
ENSG00000128310,GALR3,False,True,GALR3,True,Exact gene symbol in the original GEO features; unique symbols; no inferred aliases or genomic proximity. Curated Ensembl IDs are used separately for count alignment checks.
ENSG00000100116,GCAT,True,True,GCAT,True,Exact gene symbol in the original GEO features; unique symbols; no inferred aliases or genomic proximity. Curated Ensembl IDs are used separately for count alignment checks.
ENSG00000174332,GLIS1,True,True,GLIS1,True,Exact gene symbol in the original GEO features; unique symbols; no inferred aliases or genomic proximity. Curated Ensembl IDs are used separately for count alignment checks.
ENSG00000189060,H1F0,True,True,H1F0,True,Exact gene symbol in the original GEO features; unique symbols; no inferred aliases or genomic proximity. Curated Ensembl IDs are used separately for count alignment checks.
ENSG00000176998,HCG4,False,False,,False,Exact gene symbol in the original GEO features; unique symbols; no inferred aliases or genomic proximity. Curated Ensembl IDs are used separately for count alignment checks.
ENSG00000227262,HCG4B,False,False,,False,Exact gene symbol in the original GEO features; unique symbols; no inferred aliases or genomic proximity. Curated Ensembl IDs are used separately for count alignment checks.
ENSG00000227766,HCG4P5,False,False,,False,Exact gene symbol in the original GEO features; unique symbols; no inferred aliases or genomic proximity. Curated Ensembl IDs are used separately for count alignment checks.
ENSG00000230521,HCG4P7,False,False,,False,Exact gene symbol in the original GEO features; unique symbols; no inferred aliases or genomic proximity. Curated Ensembl IDs are used separately for count alignment checks.
ENSG00000204625,HCG9,True,True,HCG9,True,Exact gene symbol in the original GEO features; unique symbols; no inferred aliases or genomic proximity. Curated Ensembl IDs are used separately for count alignment checks.
ENSG00000281831,HCP5B,True,False,,False,Exact gene symbol in the original GEO features; unique symbols; no inferred aliases or genomic proximity. Curated Ensembl IDs are used separately for count alignment checks.
ENSG00000173064,HECTD4,True,True,HECTD4,True,Exact gene symbol in the original GEO features; unique symbols; no inferred aliases or genomic proximity. Curated Ensembl IDs are used separately for count alignment checks.
ENSG00000206503,HLA-A,True,True,HLA-A,True,Exact gene symbol in the original GEO features; unique symbols; no inferred aliases or genomic proximity. Curated Ensembl IDs are used separately for count alignment checks.
ENSG00000204525,HLA-C,True,True,HLA-C,True,Exact gene symbol in the original GEO features; unique symbols; no inferred aliases or genomic proximity. Curated Ensembl IDs are used separately for count alignment checks.
ENSG00000204642,HLA-F,True,True,HLA-F,True,Exact gene symbol in the original GEO features; unique symbols; no inferred aliases or genomic proximity. Curated Ensembl IDs are used separately for count alignment checks.
ENSG00000214922,HLA-F-AS1,False,True,HLA-F-AS1,True,Exact gene symbol in the original GEO features; unique symbols; no inferred aliases or genomic proximity. Curated Ensembl IDs are used separately for count alignment checks.
ENSG00000204632,HLA-G,True,True,HLA-G,True,Exact gene symbol in the original GEO features; unique symbols; no inferred aliases or genomic proximity. Curated Ensembl IDs are used separately for count alignment checks.
ENSG00000206341,HLA-H,False,False,,False,Exact gene symbol in the original GEO features; unique symbols; no inferred aliases or genomic proximity. Curated Ensembl IDs are used separately for count alignment checks.
ENSG00000204622,HLA-J,False,False,,False,Exact gene symbol in the original GEO features; unique symbols; no inferred aliases or genomic proximity. Curated Ensembl IDs are used separately for count alignment checks.
ENSG00000243753,HLA-L,False,False,,False,Exact gene symbol in the original GEO features; unique symbols; no inferred aliases or genomic proximity. Curated Ensembl IDs are used separately for count alignment checks.
ENSG00000231130,HLA-T,False,False,,False,Exact gene symbol in the original GEO features; unique symbols; no inferred aliases or genomic proximity. Curated Ensembl IDs are used separately for count alignment checks.
ENSG00000228078,HLA-U,False,False,,False,Exact gene symbol in the original GEO features; unique symbols; no inferred aliases or genomic proximity. Curated Ensembl IDs are used separately for count alignment checks.
ENSG00000181126,HLA-V,False,False,,False,Exact gene symbol in the original GEO features; unique symbols; no inferred aliases or genomic proximity. Curated Ensembl IDs are used separately for count alignment checks.
ENSG00000235290,HLA-W,False,False,,False,Exact gene symbol in the original GEO features; unique symbols; no inferred aliases or genomic proximity. Curated Ensembl IDs are used separately for count alignment checks.
ENSG00000100209,HSCB,True,True,HSCB,True,Exact gene symbol in the original GEO features; unique symbols; no inferred aliases or genomic proximity. Curated Ensembl IDs are used separately for count alignment checks.
ENSG00000170801,HTRA3,True,True,HTRA3,True,Exact gene symbol in the original GEO features; unique symbols; no inferred aliases or genomic proximity. Curated Ensembl IDs are used separately for count alignment checks.
ENSG00000235821,IFITM4P,False,False,,False,Exact gene symbol in the original GEO features; unique symbols; no inferred aliases or genomic proximity. Curated Ensembl IDs are used separately for count alignment checks.
ENSG00000138002,IFT172,True,True,IFT172,True,Exact gene symbol in the original GEO features; unique symbols; no inferred aliases or genomic proximity. Curated Ensembl IDs are used separately for count alignment checks.
ENSG00000204084,INPP5B,True,True,INPP5B,True,Exact gene symbol in the original GEO features; unique symbols; no inferred aliases or genomic proximity. Curated Ensembl IDs are used separately for count alignment checks.
ENSG00000259207,ITGB3,True,True,ITGB3,True,Exact gene symbol in the original GEO features; unique symbols; no inferred aliases or genomic proximity. Curated Ensembl IDs are used separately for count alignment checks.
ENSG00000120071,KANSL1,True,True,KANSL1,True,Exact gene symbol in the original GEO features; unique symbols; no inferred aliases or genomic proximity. Curated Ensembl IDs are used separately for count alignment checks.
ENSG00000214401,KANSL1-AS1,True,True,KANSL1-AS1,True,Exact gene symbol in the original GEO features; unique symbols; no inferred aliases or genomic proximity. Curated Ensembl IDs are used separately for count alignment checks.
ENSG00000138030,KHK,True,True,KHK,True,Exact gene symbol in the original GEO features; unique symbols; no inferred aliases or genomic proximity. Curated Ensembl IDs are used separately for count alignment checks.
ENSG00000102554,KLF5,True,True,KLF5,True,Exact gene symbol in the original GEO features; unique symbols; no inferred aliases or genomic proximity. Curated Ensembl IDs are used separately for count alignment checks.
ENSG00000214659,KRT8P26,False,False,,False,Exact gene symbol in the original GEO features; unique symbols; no inferred aliases or genomic proximity. Curated Ensembl IDs are used separately for count alignment checks.
ENSG00000107902,LHPP,True,True,LHPP,True,Exact gene symbol in the original GEO features; unique symbols; no inferred aliases or genomic proximity. Curated Ensembl IDs are used separately for count alignment checks.
ENSG00000248727,LINC01948,True,True,LINC01948,True,Exact gene symbol in the original GEO features; unique symbols; no inferred aliases or genomic proximity. Curated Ensembl IDs are used separately for count alignment checks.
ENSG00000224406,LINC02052,False,True,LINC02052,True,Exact gene symbol in the original GEO features; unique symbols; no inferred aliases or genomic proximity. Curated Ensembl IDs are used separately for count alignment checks.
ENSG00000204650,LINC02210,False,False,,False,Exact gene symbol in the original GEO features; unique symbols; no inferred aliases or genomic proximity. Curated Ensembl IDs are used separately for count alignment checks.
ENSG00000143013,LMO4,True,True,LMO4,True,Exact gene symbol in the original GEO features; unique symbols; no inferred aliases or genomic proximity. Curated Ensembl IDs are used separately for count alignment checks.
ENSG00000136153,LMO7,True,True,LMO7,True,Exact gene symbol in the original GEO features; unique symbols; no inferred aliases or genomic proximity. Curated Ensembl IDs are used separately for count alignment checks.
ENSG00000129038,LOXL1,True,True,LOXL1,True,Exact gene symbol in the original GEO features; unique symbols; no inferred aliases or genomic proximity. Curated Ensembl IDs are used separately for count alignment checks.
ENSG00000261801,LOXL1-AS1,True,True,LOXL1-AS1,True,Exact gene symbol in the original GEO features; unique symbols; no inferred aliases or genomic proximity. Curated Ensembl IDs are used separately for count alignment checks.
ENSG00000176681,LRRC37A,True,True,LRRC37A,True,Exact gene symbol in the original GEO features; unique symbols; no inferred aliases or genomic proximity. Curated Ensembl IDs are used separately for count alignment checks.
ENSG00000263142,LRRC37A17P,False,False,,False,Exact gene symbol in the original GEO features; unique symbols; no inferred aliases or genomic proximity. Curated Ensembl IDs are used separately for count alignment checks.
ENSG00000238083,LRRC37A2,True,True,LRRC37A2,True,Exact gene symbol in the original GEO features; unique symbols; no inferred aliases or genomic proximity. Curated Ensembl IDs are used separately for count alignment checks.
ENSG00000214425,LRRC37A4P,False,False,,False,Exact gene symbol in the original GEO features; unique symbols; no inferred aliases or genomic proximity. Curated Ensembl IDs are used separately for count alignment checks.
ENSG00000161036,LRWD1,True,True,LRWD1,True,Exact gene symbol in the original GEO features; unique symbols; no inferred aliases or genomic proximity. Curated Ensembl IDs are used separately for count alignment checks.
ENSG00000119681,LTBP2,True,True,LTBP2,True,Exact gene symbol in the original GEO features; unique symbols; no inferred aliases or genomic proximity. Curated Ensembl IDs are used separately for count alignment checks.
ENSG00000168056,LTBP3,True,True,LTBP3,True,Exact gene symbol in the original GEO features; unique symbols; no inferred aliases or genomic proximity. Curated Ensembl IDs are used separately for count alignment checks.
ENSG00000110514,MADD,True,True,MADD,True,Exact gene symbol in the original GEO features; unique symbols; no inferred aliases or genomic proximity. Curated Ensembl IDs are used separately for count alignment checks.
ENSG00000262500,MAPK8IP1P1,False,False,,False,Exact gene symbol in the original GEO features; unique symbols; no inferred aliases or genomic proximity. Curated Ensembl IDs are used separately for count alignment checks.
ENSG00000263503,MAPK8IP1P2,False,False,,False,Exact gene symbol in the original GEO features; unique symbols; no inferred aliases or genomic proximity. Curated Ensembl IDs are used separately for count alignment checks.
ENSG00000186868,MAPT,True,True,MAPT,True,Exact gene symbol in the original GEO features; unique symbols; no inferred aliases or genomic proximity. Curated Ensembl IDs are used separately for count alignment checks.
ENSG00000264589,MAPT-AS1,True,True,MAPT-AS1,True,Exact gene symbol in the original GEO features; unique symbols; no inferred aliases or genomic proximity. Curated Ensembl IDs are used separately for count alignment checks.
ENSG00000279685,MAPT-IT1,False,True,MAPT-IT1,True,Exact gene symbol in the original GEO features; unique symbols; no inferred aliases or genomic proximity. Curated Ensembl IDs are used separately for count alignment checks.
ENSG00000151376,ME3,True,True,ME3,True,Exact gene symbol in the original GEO features; unique symbols; no inferred aliases or genomic proximity. Curated Ensembl IDs are used separately for count alignment checks.
ENSG00000273340,MICE,False,False,,False,Exact gene symbol in the original GEO features; unique symbols; no inferred aliases or genomic proximity. Curated Ensembl IDs are used separately for count alignment checks.
ENSG00000155363,MOV10,True,True,MOV10,True,Exact gene symbol in the original GEO features; unique symbols; no inferred aliases or genomic proximity. Curated Ensembl IDs are used separately for count alignment checks.
ENSG00000243147,MRPL33,True,True,MRPL33,True,Exact gene symbol in the original GEO features; unique symbols; no inferred aliases or genomic proximity. Curated Ensembl IDs are used separately for count alignment checks.
ENSG00000109919,MTCH2,True,True,MTCH2,True,Exact gene symbol in the original GEO features; unique symbols; no inferred aliases or genomic proximity. Curated Ensembl IDs are used separately for count alignment checks.
ENSG00000196814,MVB12B,True,True,MVB12B,True,Exact gene symbol in the original GEO features; unique symbols; no inferred aliases or genomic proximity. Curated Ensembl IDs are used separately for count alignment checks.
ENSG00000274883,Metazoa_SRP,False,False,,False,Exact gene symbol in the original GEO features; unique symbols; no inferred aliases or genomic proximity. Curated Ensembl IDs are used separately for count alignment checks.
ENSG00000245532,NEAT1,True,True,NEAT1,True,Exact gene symbol in the original GEO features; unique symbols; no inferred aliases or genomic proximity. Curated Ensembl IDs are used separately for count alignment checks.
ENSG00000136448,NMT1,True,True,NMT1,True,Exact gene symbol in the original GEO features; unique symbols; no inferred aliases or genomic proximity. Curated Ensembl IDs are used separately for count alignment checks.
ENSG00000141279,NPEPPS,True,True,NPEPPS,True,Exact gene symbol in the original GEO features; unique symbols; no inferred aliases or genomic proximity. Curated Ensembl IDs are used separately for count alignment checks.
ENSG00000115216,NRBP1,True,True,NRBP1,True,Exact gene symbol in the original GEO features; unique symbols; no inferred aliases or genomic proximity. Curated Ensembl IDs are used separately for count alignment checks.
ENSG00000073969,NSF,True,True,NSF,True,Exact gene symbol in the original GEO features; unique symbols; no inferred aliases or genomic proximity. Curated Ensembl IDs are used separately for count alignment checks.
ENSG00000070081,NUCB2,True,True,NUCB2,True,Exact gene symbol in the original GEO features; unique symbols; no inferred aliases or genomic proximity. Curated Ensembl IDs are used separately for count alignment checks.
ENSG00000140876,NUDT7,True,True,NUDT7,True,Exact gene symbol in the original GEO features; unique symbols; no inferred aliases or genomic proximity. Curated Ensembl IDs are used separately for count alignment checks.
ENSG00000095464,PDE6C,True,True,PDE6C,True,Exact gene symbol in the original GEO features; unique symbols; no inferred aliases or genomic proximity. Curated Ensembl IDs are used separately for count alignment checks.
ENSG00000255200,PGAM1P8,False,False,,False,Exact gene symbol in the original GEO features; unique symbols; no inferred aliases or genomic proximity. Curated Ensembl IDs are used separately for count alignment checks.
ENSG00000083535,PIBF1,True,True,PIBF1,True,Exact gene symbol in the original GEO features; unique symbols; no inferred aliases or genomic proximity. Curated Ensembl IDs are used separately for count alignment checks.
ENSG00000135845,PIGC,True,True,PIGC,True,Exact gene symbol in the original GEO features; unique symbols; no inferred aliases or genomic proximity. Curated Ensembl IDs are used separately for count alignment checks.
ENSG00000135549,PKIB,True,True,PKIB,True,Exact gene symbol in the original GEO features; unique symbols; no inferred aliases or genomic proximity. Curated Ensembl IDs are used separately for count alignment checks.
ENSG00000138193,PLCE1,True,True,PLCE1,True,Exact gene symbol in the original GEO features; unique symbols; no inferred aliases or genomic proximity. Curated Ensembl IDs are used separately for count alignment checks.
ENSG00000268894,PLCE1-AS1,False,True,PLCE1-AS1,True,Exact gene symbol in the original GEO features; unique symbols; no inferred aliases or genomic proximity. Curated Ensembl IDs are used separately for count alignment checks.
ENSG00000166689,PLEKHA7,True,True,PLEKHA7,True,Exact gene symbol in the original GEO features; unique symbols; no inferred aliases or genomic proximity. Curated Ensembl IDs are used separately for count alignment checks.
ENSG00000225190,PLEKHM1,True,True,PLEKHM1,True,Exact gene symbol in the original GEO features; unique symbols; no inferred aliases or genomic proximity. Curated Ensembl IDs are used separately for count alignment checks.
ENSG00000146112,PPP1R18,True,True,PPP1R18,True,Exact gene symbol in the original GEO features; unique symbols; no inferred aliases or genomic proximity. Curated Ensembl IDs are used separately for count alignment checks.
ENSG00000171132,PRKCE,True,True,PRKCE,True,Exact gene symbol in the original GEO features; unique symbols; no inferred aliases or genomic proximity. Curated Ensembl IDs are used separately for count alignment checks.
ENSG00000119608,PROX2,False,True,PROX2,True,Exact gene symbol in the original GEO features; unique symbols; no inferred aliases or genomic proximity. Curated Ensembl IDs are used separately for count alignment checks.
ENSG00000150687,PRSS23,True,True,PRSS23,True,Exact gene symbol in the original GEO features; unique symbols; no inferred aliases or genomic proximity. Curated Ensembl IDs are used separately for count alignment checks.
ENSG00000204528,PSORS1C3,False,True,PSORS1C3,True,Exact gene symbol in the original GEO features; unique symbols; no inferred aliases or genomic proximity. Curated Ensembl IDs are used separately for count alignment checks.
ENSG00000165917,RAPSN,True,True,RAPSN,True,Exact gene symbol in the original GEO features; unique symbols; no inferred aliases or genomic proximity. Curated Ensembl IDs are used separately for count alignment checks.
ENSG00000142599,RERE,True,True,RERE,True,Exact gene symbol in the original GEO features; unique symbols; no inferred aliases or genomic proximity. Curated Ensembl IDs are used separately for count alignment checks.
ENSG00000111785,RIC8B,True,True,RIC8B,True,Exact gene symbol in the original GEO features; unique symbols; no inferred aliases or genomic proximity. Curated Ensembl IDs are used separately for count alignment checks.
ENSG00000069667,RORA,True,True,RORA,True,Exact gene symbol in the original GEO features; unique symbols; no inferred aliases or genomic proximity. Curated Ensembl IDs are used separately for count alignment checks.
ENSG00000224842,RP11-123K19.1,False,False,,False,Exact gene symbol in the original GEO features; unique symbols; no inferred aliases or genomic proximity. Curated Ensembl IDs are used separately for count alignment checks.
ENSG00000267667,RP11-136H19.1,False,False,,False,Exact gene symbol in the original GEO features; unique symbols; no inferred aliases or genomic proximity. Curated Ensembl IDs are used separately for count alignment checks.
ENSG00000266446,RP11-149I2.4,False,False,,False,Exact gene symbol in the original GEO features; unique symbols; no inferred aliases or genomic proximity. Curated Ensembl IDs are used separately for count alignment checks.
ENSG00000259284,RP11-162I7.1,False,False,,False,Exact gene symbol in the original GEO features; unique symbols; no inferred aliases or genomic proximity. Curated Ensembl IDs are used separately for count alignment checks.
ENSG00000256897,RP11-17G12.2,False,False,,False,Exact gene symbol in the original GEO features; unique symbols; no inferred aliases or genomic proximity. Curated Ensembl IDs are used separately for count alignment checks.
ENSG00000233721,RP11-205K6.1,False,False,,False,Exact gene symbol in the original GEO features; unique symbols; no inferred aliases or genomic proximity. Curated Ensembl IDs are used separately for count alignment checks.
ENSG00000226334,RP11-217B7.2,True,False,,False,Exact gene symbol in the original GEO features; unique symbols; no inferred aliases or genomic proximity. Curated Ensembl IDs are used separately for count alignment checks.
ENSG00000259530,RP11-259A24.1,False,False,,False,Exact gene symbol in the original GEO features; unique symbols; no inferred aliases or genomic proximity. Curated Ensembl IDs are used separately for count alignment checks.
ENSG00000261575,RP11-259G18.1,False,False,,False,Exact gene symbol in the original GEO features; unique symbols; no inferred aliases or genomic proximity. Curated Ensembl IDs are used separately for count alignment checks.
ENSG00000262539,RP11-259G18.3,False,False,,False,Exact gene symbol in the original GEO features; unique symbols; no inferred aliases or genomic proximity. Curated Ensembl IDs are used separately for count alignment checks.
ENSG00000265964,RP11-293E1.1,False,False,,False,Exact gene symbol in the original GEO features; unique symbols; no inferred aliases or genomic proximity. Curated Ensembl IDs are used separately for count alignment checks.
ENSG00000265547,RP11-293E1.2,False,False,,False,Exact gene symbol in the original GEO features; unique symbols; no inferred aliases or genomic proximity. Curated Ensembl IDs are used separately for count alignment checks.
ENSG00000273100,RP11-302L19.3,True,False,,False,Exact gene symbol in the original GEO features; unique symbols; no inferred aliases or genomic proximity. Curated Ensembl IDs are used separately for count alignment checks.
ENSG00000275830,RP11-403A3.3,True,False,,False,Exact gene symbol in the original GEO features; unique symbols; no inferred aliases or genomic proximity. Curated Ensembl IDs are used separately for count alignment checks.
ENSG00000260329,RP11-412D9.4,True,False,,False,Exact gene symbol in the original GEO features; unique symbols; no inferred aliases or genomic proximity. Curated Ensembl IDs are used separately for count alignment checks.
ENSG00000259675,RP11-507B12.1,False,False,,False,Exact gene symbol in the original GEO features; unique symbols; no inferred aliases or genomic proximity. Curated Ensembl IDs are used separately for count alignment checks.
ENSG00000259616,RP11-507B12.2,True,False,,False,Exact gene symbol in the original GEO features; unique symbols; no inferred aliases or genomic proximity. Curated Ensembl IDs are used separately for count alignment checks.
ENSG00000262372,RP11-669E14.6,True,False,,False,Exact gene symbol in the original GEO features; unique symbols; no inferred aliases or genomic proximity. Curated Ensembl IDs are used separately for count alignment checks.
ENSG00000280022,RP11-707O23.1,False,False,,False,Exact gene symbol in the original GEO features; unique symbols; no inferred aliases or genomic proximity. Curated Ensembl IDs are used separately for count alignment checks.
ENSG00000255197,RP11-750H9.5,False,False,,False,Exact gene symbol in the original GEO features; unique symbols; no inferred aliases or genomic proximity. Curated Ensembl IDs are used separately for count alignment checks.
ENSG00000255320,RP11-755F10.1,True,False,,False,Exact gene symbol in the original GEO features; unique symbols; no inferred aliases or genomic proximity. Curated Ensembl IDs are used separately for count alignment checks.
ENSG00000278989,RP11-762L8.6,False,False,,False,Exact gene symbol in the original GEO features; unique symbols; no inferred aliases or genomic proximity. Curated Ensembl IDs are used separately for count alignment checks.
ENSG00000255557,RP11-770G2.2,False,False,,False,Exact gene symbol in the original GEO features; unique symbols; no inferred aliases or genomic proximity. Curated Ensembl IDs are used separately for count alignment checks.
ENSG00000267198,RP11-798G7.6,True,False,,False,Exact gene symbol in the original GEO features; unique symbols; no inferred aliases or genomic proximity. Curated Ensembl IDs are used separately for count alignment checks.
ENSG00000266918,RP11-798G7.8,False,False,,False,Exact gene symbol in the original GEO features; unique symbols; no inferred aliases or genomic proximity. Curated Ensembl IDs are used separately for count alignment checks.
ENSG00000232912,RP5-1115A15.1,True,False,,False,Exact gene symbol in the original GEO features; unique symbols; no inferred aliases or genomic proximity. Curated Ensembl IDs are used separately for count alignment checks.
ENSG00000204652,RPS26P8,False,False,,False,Exact gene symbol in the original GEO features; unique symbols; no inferred aliases or genomic proximity. Curated Ensembl IDs are used separately for count alignment checks.
ENSG00000141295,SCRN2,True,True,SCRN2,True,Exact gene symbol in the original GEO features; unique symbols; no inferred aliases or genomic proximity. Curated Ensembl IDs are used separately for count alignment checks.
ENSG00000170381,SEMA3E,True,True,SEMA3E,True,Exact gene symbol in the original GEO features; unique symbols; no inferred aliases or genomic proximity. Curated Ensembl IDs are used separately for count alignment checks.
ENSG00000122545,SEPT7,True,False,,False,Exact gene symbol in the original GEO features; unique symbols; no inferred aliases or genomic proximity. Curated Ensembl IDs are used separately for count alignment checks.
ENSG00000183431,SF3A3,True,True,SF3A3,True,Exact gene symbol in the original GEO features; unique symbols; no inferred aliases or genomic proximity. Curated Ensembl IDs are used separately for count alignment checks.
ENSG00000225383,SFTA1P,True,True,SFTA1P,True,Exact gene symbol in the original GEO features; unique symbols; no inferred aliases or genomic proximity. Curated Ensembl IDs are used separately for count alignment checks.
ENSG00000141258,SGSM2,True,True,SGSM2,True,Exact gene symbol in the original GEO features; unique symbols; no inferred aliases or genomic proximity. Curated Ensembl IDs are used separately for count alignment checks.
ENSG00000162241,SLC25A45,True,True,SLC25A45,True,Exact gene symbol in the original GEO features; unique symbols; no inferred aliases or genomic proximity. Curated Ensembl IDs are used separately for count alignment checks.
ENSG00000165915,SLC39A13,True,True,SLC39A13,True,Exact gene symbol in the original GEO features; unique symbols; no inferred aliases or genomic proximity. Curated Ensembl IDs are used separately for count alignment checks.
ENSG00000137834,SMAD6,True,True,SMAD6,True,Exact gene symbol in the original GEO features; unique symbols; no inferred aliases or genomic proximity. Curated Ensembl IDs are used separately for count alignment checks.
ENSG00000272034,SNORD14A,False,False,,False,Exact gene symbol in the original GEO features; unique symbols; no inferred aliases or genomic proximity. Curated Ensembl IDs are used separately for count alignment checks.
ENSG00000260233,SSSCA1-AS1,False,True,SSSCA1-AS1,True,Exact gene symbol in the original GEO features; unique symbols; no inferred aliases or genomic proximity. Curated Ensembl IDs are used separately for count alignment checks.
ENSG00000227954,TARID,True,True,TARID,True,Exact gene symbol in the original GEO features; unique symbols; no inferred aliases or genomic proximity. Curated Ensembl IDs are used separately for count alignment checks.
ENSG00000156787,TBC1D31,True,True,TBC1D31,True,Exact gene symbol in the original GEO features; unique symbols; no inferred aliases or genomic proximity. Curated Ensembl IDs are used separately for count alignment checks.
ENSG00000198933,TBKBP1,True,True,TBKBP1,True,Exact gene symbol in the original GEO features; unique symbols; no inferred aliases or genomic proximity. Curated Ensembl IDs are used separately for count alignment checks.
ENSG00000028839,TBPL1,True,True,TBPL1,True,Exact gene symbol in the original GEO features; unique symbols; no inferred aliases or genomic proximity. Curated Ensembl IDs are used separately for count alignment checks.
ENSG00000119699,TGFB3,True,True,TGFB3,True,Exact gene symbol in the original GEO features; unique symbols; no inferred aliases or genomic proximity. Curated Ensembl IDs are used separately for count alignment checks.
ENSG00000263293,THCAT158,True,False,,False,Exact gene symbol in the original GEO features; unique symbols; no inferred aliases or genomic proximity. Curated Ensembl IDs are used separately for count alignment checks.
ENSG00000005108,THSD7A,True,True,THSD7A,True,Exact gene symbol in the original GEO features; unique symbols; no inferred aliases or genomic proximity. Curated Ensembl IDs are used separately for count alignment checks.
ENSG00000173825,TIGD3,True,True,TIGD3,True,Exact gene symbol in the original GEO features; unique symbols; no inferred aliases or genomic proximity. Curated Ensembl IDs are used separately for count alignment checks.
ENSG00000198270,TMEM116,True,True,TMEM116,True,Exact gene symbol in the original GEO features; unique symbols; no inferred aliases or genomic proximity. Curated Ensembl IDs are used separately for count alignment checks.
ENSG00000181264,TMEM136,True,False,,False,Exact gene symbol in the original GEO features; unique symbols; no inferred aliases or genomic proximity. Curated Ensembl IDs are used separately for count alignment checks.
ENSG00000146433,TMEM181,True,True,TMEM181,True,Exact gene symbol in the original GEO features; unique symbols; no inferred aliases or genomic proximity. Curated Ensembl IDs are used separately for count alignment checks.
ENSG00000151135,TMEM263,True,True,TMEM263,True,Exact gene symbol in the original GEO features; unique symbols; no inferred aliases or genomic proximity. Curated Ensembl IDs are used separately for count alignment checks.
ENSG00000234127,TRIM26,True,True,TRIM26,True,Exact gene symbol in the original GEO features; unique symbols; no inferred aliases or genomic proximity. Curated Ensembl IDs are used separately for count alignment checks.
ENSG00000100106,TRIOBP,True,True,TRIOBP,True,Exact gene symbol in the original GEO features; unique symbols; no inferred aliases or genomic proximity. Curated Ensembl IDs are used separately for count alignment checks.
ENSG00000196428,TSC22D2,True,True,TSC22D2,True,Exact gene symbol in the original GEO features; unique symbols; no inferred aliases or genomic proximity. Curated Ensembl IDs are used separately for count alignment checks.
ENSG00000100154,TTC28,True,True,TTC28,True,Exact gene symbol in the original GEO features; unique symbols; no inferred aliases or genomic proximity. Curated Ensembl IDs are used separately for count alignment checks.
ENSG00000119685,TTLL5,True,True,TTLL5,True,Exact gene symbol in the original GEO features; unique symbols; no inferred aliases or genomic proximity. Curated Ensembl IDs are used separately for count alignment checks.
ENSG00000204193,TXNDC8,False,True,TXNDC8,True,Exact gene symbol in the original GEO features; unique symbols; no inferred aliases or genomic proximity. Curated Ensembl IDs are used separately for count alignment checks.
ENSG00000184470,TXNRD2,True,True,TXNRD2,True,Exact gene symbol in the original GEO features; unique symbols; no inferred aliases or genomic proximity. Curated Ensembl IDs are used separately for count alignment checks.
ENSG00000183520,UTP11,True,True,UTP11,True,Exact gene symbol in the original GEO features; unique symbols; no inferred aliases or genomic proximity. Curated Ensembl IDs are used separately for count alignment checks.
ENSG00000137411,VARS2,True,True,VARS2,True,Exact gene symbol in the original GEO features; unique symbols; no inferred aliases or genomic proximity. Curated Ensembl IDs are used separately for count alignment checks.
ENSG00000162692,VCAM1,True,True,VCAM1,True,Exact gene symbol in the original GEO features; unique symbols; no inferred aliases or genomic proximity. Curated Ensembl IDs are used separately for count alignment checks.
ENSG00000116729,WLS,True,True,WLS,True,Exact gene symbol in the original GEO features; unique symbols; no inferred aliases or genomic proximity. Curated Ensembl IDs are used separately for count alignment checks.
ENSG00000134245,WNT2B,True,True,WNT2B,True,Exact gene symbol in the original GEO features; unique symbols; no inferred aliases or genomic proximity. Curated Ensembl IDs are used separately for count alignment checks.
ENSG00000237417,XRCC6P1,False,False,,False,Exact gene symbol in the original GEO features; unique symbols; no inferred aliases or genomic proximity. Curated Ensembl IDs are used separately for count alignment checks.
ENSG00000272236,XXbac-BPG170G13.32,True,False,,False,Exact gene symbol in the original GEO features; unique symbols; no inferred aliases or genomic proximity. Curated Ensembl IDs are used separately for count alignment checks.
ENSG00000280128,XXbac-BPG283O16.9,False,False,,False,Exact gene symbol in the original GEO features; unique symbols; no inferred aliases or genomic proximity. Curated Ensembl IDs are used separately for count alignment checks.
ENSG00000137693,YAP1,True,True,YAP1,True,Exact gene symbol in the original GEO features; unique symbols; no inferred aliases or genomic proximity. Curated Ensembl IDs are used separately for count alignment checks.
ENSG00000174851,YIF1A,True,True,YIF1A,True,Exact gene symbol in the original GEO features; unique symbols; no inferred aliases or genomic proximity. Curated Ensembl IDs are used separately for count alignment checks.
ENSG00000137871,ZNF280D,True,True,ZNF280D,True,Exact gene symbol in the original GEO features; unique symbols; no inferred aliases or genomic proximity. Curated Ensembl IDs are used separately for count alignment checks.
ENSG00000075292,ZNF638,True,True,ZNF638,True,Exact gene symbol in the original GEO features; unique symbols; no inferred aliases or genomic proximity. Curated Ensembl IDs are used separately for count alignment checks.
ENSG00000281195,ZNF638-IT1,False,False,,False,Exact gene symbol in the original GEO features; unique symbols; no inferred aliases or genomic proximity. Curated Ensembl IDs are used separately for count alignment checks.
