study,program,qc,donor,cell_type,n_cells,score
Lukowski2019,HALLMARK_OXIDATIVE_PHOSPHORYLATION,primary,Retina 1,Rod,1341,0.09996330957167804
Lukowski2019,HALLMARK_OXIDATIVE_PHOSPHORYLATION,primary,Retina 1,Cone,30,0.2977438705855899
Lukowski2019,HALLMARK_OXIDATIVE_PHOSPHORYLATION,primary,Retina 1,Bipolar,295,0.16891969971458015
Lukowski2019,HALLMARK_OXIDATIVE_PHOSPHORYLATION,primary,Retina 1,Amacrine,2,0.4321286984176463
Lukowski2019,HALLMARK_OXIDATIVE_PHOSPHORYLATION,primary,Retina 1,Horizontal,11,0.4170993343280169
Lukowski2019,HALLMARK_OXIDATIVE_PHOSPHORYLATION,primary,Retina 1,RGC,54,0.159628913400679
Lukowski2019,HALLMARK_OXIDATIVE_PHOSPHORYLATION,primary,Retina 1,Muller glia,106,-0.001046587718830822
Lukowski2019,HALLMARK_OXIDATIVE_PHOSPHORYLATION,primary,Retina 1,Astrocyte,5,0.4217161772512262
Lukowski2019,HALLMARK_OXIDATIVE_PHOSPHORYLATION,primary,Retina 1,Microglia,18,0.5709345273834967
Lukowski2019,HALLMARK_OXIDATIVE_PHOSPHORYLATION,primary,Retina 2,Rod,7403,0.15189393350718203
Lukowski2019,HALLMARK_OXIDATIVE_PHOSPHORYLATION,primary,Retina 2,Cone,159,0.32399326243127197
Lukowski2019,HALLMARK_OXIDATIVE_PHOSPHORYLATION,primary,Retina 2,Bipolar,674,0.196054366487311
Lukowski2019,HALLMARK_OXIDATIVE_PHOSPHORYLATION,primary,Retina 2,Amacrine,34,0.2810098932598127
Lukowski2019,HALLMARK_OXIDATIVE_PHOSPHORYLATION,primary,Retina 2,Horizontal,16,0.3245299225137667
Lukowski2019,HALLMARK_OXIDATIVE_PHOSPHORYLATION,primary,Retina 2,RGC,70,0.05214813737802396
Lukowski2019,HALLMARK_OXIDATIVE_PHOSPHORYLATION,primary,Retina 2,Muller glia,373,0.03764053125251163
Lukowski2019,HALLMARK_OXIDATIVE_PHOSPHORYLATION,primary,Retina 2,Astrocyte,19,0.49445364348337634
Lukowski2019,HALLMARK_OXIDATIVE_PHOSPHORYLATION,primary,Retina 2,Microglia,60,0.4213193622622876
Lukowski2019,HALLMARK_OXIDATIVE_PHOSPHORYLATION,primary,Retina 3,Rod,5957,0.10668874155741492
Lukowski2019,HALLMARK_OXIDATIVE_PHOSPHORYLATION,primary,Retina 3,Cone,348,0.24587312936370137
Lukowski2019,HALLMARK_OXIDATIVE_PHOSPHORYLATION,primary,Retina 3,Bipolar,1097,0.00565949171954683
Lukowski2019,HALLMARK_OXIDATIVE_PHOSPHORYLATION,primary,Retina 3,Amacrine,5,0.22262200363510073
Lukowski2019,HALLMARK_OXIDATIVE_PHOSPHORYLATION,primary,Retina 3,Horizontal,19,0.1453581012256683
Lukowski2019,HALLMARK_OXIDATIVE_PHOSPHORYLATION,primary,Retina 3,RGC,180,0.22154685010388528
Lukowski2019,HALLMARK_OXIDATIVE_PHOSPHORYLATION,primary,Retina 3,Muller glia,179,-0.025307923585735675
Lukowski2019,HALLMARK_OXIDATIVE_PHOSPHORYLATION,primary,Retina 3,Astrocyte,18,0.5595195794001093
Lukowski2019,HALLMARK_OXIDATIVE_PHOSPHORYLATION,primary,Retina 3,Microglia,107,0.32201427915394537
Lukowski2019,HALLMARK_OXIDATIVE_PHOSPHORYLATION,strict,Retina 1,Rod,931,0.10326174122098518
Lukowski2019,HALLMARK_OXIDATIVE_PHOSPHORYLATION,strict,Retina 1,Cone,21,0.3563774537472272
Lukowski2019,HALLMARK_OXIDATIVE_PHOSPHORYLATION,strict,Retina 1,Bipolar,277,0.1696632618722707
Lukowski2019,HALLMARK_OXIDATIVE_PHOSPHORYLATION,strict,Retina 1,Amacrine,2,0.4321286984176463
Lukowski2019,HALLMARK_OXIDATIVE_PHOSPHORYLATION,strict,Retina 1,Horizontal,10,0.43146959305756494
Lukowski2019,HALLMARK_OXIDATIVE_PHOSPHORYLATION,strict,Retina 1,RGC,35,0.11774353133966978
Lukowski2019,HALLMARK_OXIDATIVE_PHOSPHORYLATION,strict,Retina 1,Muller glia,99,-0.0109147917255928
Lukowski2019,HALLMARK_OXIDATIVE_PHOSPHORYLATION,strict,Retina 1,Astrocyte,5,0.4217161772512262
Lukowski2019,HALLMARK_OXIDATIVE_PHOSPHORYLATION,strict,Retina 1,Microglia,10,0.6143819675659291
Lukowski2019,HALLMARK_OXIDATIVE_PHOSPHORYLATION,strict,Retina 2,Rod,7338,0.1521151809180876
Lukowski2019,HALLMARK_OXIDATIVE_PHOSPHORYLATION,strict,Retina 2,Cone,28,0.43780780228102095
Lukowski2019,HALLMARK_OXIDATIVE_PHOSPHORYLATION,strict,Retina 2,Bipolar,479,0.17216154251838164
Lukowski2019,HALLMARK_OXIDATIVE_PHOSPHORYLATION,strict,Retina 2,Amacrine,34,0.2810098932598127
Lukowski2019,HALLMARK_OXIDATIVE_PHOSPHORYLATION,strict,Retina 2,Horizontal,14,0.35291277314950736
Lukowski2019,HALLMARK_OXIDATIVE_PHOSPHORYLATION,strict,Retina 2,RGC,68,0.05156231892415915
Lukowski2019,HALLMARK_OXIDATIVE_PHOSPHORYLATION,strict,Retina 2,Muller glia,372,0.0388863997965024
Lukowski2019,HALLMARK_OXIDATIVE_PHOSPHORYLATION,strict,Retina 2,Astrocyte,18,0.48304122140982075
Lukowski2019,HALLMARK_OXIDATIVE_PHOSPHORYLATION,strict,Retina 2,Microglia,59,0.4198140677877342
Lukowski2019,HALLMARK_OXIDATIVE_PHOSPHORYLATION,strict,Retina 3,Rod,3002,0.07154754559791715
Lukowski2019,HALLMARK_OXIDATIVE_PHOSPHORYLATION,strict,Retina 3,Cone,248,0.2367620026918283
Lukowski2019,HALLMARK_OXIDATIVE_PHOSPHORYLATION,strict,Retina 3,Bipolar,910,0.004891254917673883
Lukowski2019,HALLMARK_OXIDATIVE_PHOSPHORYLATION,strict,Retina 3,Amacrine,5,0.22262200363510073
Lukowski2019,HALLMARK_OXIDATIVE_PHOSPHORYLATION,strict,Retina 3,Horizontal,12,0.14994916981238016
Lukowski2019,HALLMARK_OXIDATIVE_PHOSPHORYLATION,strict,Retina 3,RGC,122,0.21444922574373593
Lukowski2019,HALLMARK_OXIDATIVE_PHOSPHORYLATION,strict,Retina 3,Muller glia,161,-0.027851882324949496
Lukowski2019,HALLMARK_OXIDATIVE_PHOSPHORYLATION,strict,Retina 3,Astrocyte,11,0.708284681712112
Lukowski2019,HALLMARK_OXIDATIVE_PHOSPHORYLATION,strict,Retina 3,Microglia,62,0.3198123209049572
Wang2022,HALLMARK_OXIDATIVE_PHOSPHORYLATION,primary,LGS1,Rod,12909,-0.43855809617769226
Wang2022,HALLMARK_OXIDATIVE_PHOSPHORYLATION,primary,LGS1,Cone,721,-0.23660361804068492
Wang2022,HALLMARK_OXIDATIVE_PHOSPHORYLATION,primary,LGS1,Bipolar,2252,-0.3842364864424044
Wang2022,HALLMARK_OXIDATIVE_PHOSPHORYLATION,primary,LGS1,Amacrine,932,-0.2820069973341895
Wang2022,HALLMARK_OXIDATIVE_PHOSPHORYLATION,primary,LGS1,Horizontal,243,-0.1729507580817992
Wang2022,HALLMARK_OXIDATIVE_PHOSPHORYLATION,primary,LGS1,RGC,46,-0.01923116389218875
Wang2022,HALLMARK_OXIDATIVE_PHOSPHORYLATION,primary,LGS1,Muller glia,944,-0.5153745564933174
Wang2022,HALLMARK_OXIDATIVE_PHOSPHORYLATION,primary,LGS1,Astrocyte,12,-0.3686511903511274
Wang2022,HALLMARK_OXIDATIVE_PHOSPHORYLATION,primary,LGS1,Microglia,55,-0.4046022293281689
Wang2022,HALLMARK_OXIDATIVE_PHOSPHORYLATION,primary,LGS2,Rod,6599,-0.5048083219824597
Wang2022,HALLMARK_OXIDATIVE_PHOSPHORYLATION,primary,LGS2,Cone,690,-0.44177114782761556
Wang2022,HALLMARK_OXIDATIVE_PHOSPHORYLATION,primary,LGS2,Bipolar,2673,-0.41543199227045047
Wang2022,HALLMARK_OXIDATIVE_PHOSPHORYLATION,primary,LGS2,Amacrine,716,-0.32662970051071316
Wang2022,HALLMARK_OXIDATIVE_PHOSPHORYLATION,primary,LGS2,Horizontal,318,-0.2641176548526327
Wang2022,HALLMARK_OXIDATIVE_PHOSPHORYLATION,primary,LGS2,RGC,169,-0.13630722641419613
Wang2022,HALLMARK_OXIDATIVE_PHOSPHORYLATION,primary,LGS2,Muller glia,1167,-0.5329095272591764
Wang2022,HALLMARK_OXIDATIVE_PHOSPHORYLATION,primary,LGS2,Astrocyte,50,-0.535911375513447
Wang2022,HALLMARK_OXIDATIVE_PHOSPHORYLATION,primary,LGS2,Microglia,90,-0.4898200461451389
Wang2022,HALLMARK_OXIDATIVE_PHOSPHORYLATION,primary,LGS3,Rod,6339,-0.37066244793067976
Wang2022,HALLMARK_OXIDATIVE_PHOSPHORYLATION,primary,LGS3,Cone,451,-0.3785277057114748
Wang2022,HALLMARK_OXIDATIVE_PHOSPHORYLATION,primary,LGS3,Bipolar,2289,-0.3595339367553295
Wang2022,HALLMARK_OXIDATIVE_PHOSPHORYLATION,primary,LGS3,Amacrine,503,-0.31397150829175796
Wang2022,HALLMARK_OXIDATIVE_PHOSPHORYLATION,primary,LGS3,Horizontal,351,-0.15361557970788425
Wang2022,HALLMARK_OXIDATIVE_PHOSPHORYLATION,primary,LGS3,RGC,126,-0.2503706189126338
Wang2022,HALLMARK_OXIDATIVE_PHOSPHORYLATION,primary,LGS3,Muller glia,803,-0.4528220972046075
Wang2022,HALLMARK_OXIDATIVE_PHOSPHORYLATION,primary,LGS3,Astrocyte,95,-0.33320882724424045
Wang2022,HALLMARK_OXIDATIVE_PHOSPHORYLATION,primary,LGS3,Microglia,59,-0.432826075168885
Wang2022,HALLMARK_OXIDATIVE_PHOSPHORYLATION,primary,LVG1,Rod,6212,-0.27741378254176047
Wang2022,HALLMARK_OXIDATIVE_PHOSPHORYLATION,primary,LVG1,Cone,361,-0.0721064025753153
Wang2022,HALLMARK_OXIDATIVE_PHOSPHORYLATION,primary,LVG1,Bipolar,1663,-0.20166260025917507
Wang2022,HALLMARK_OXIDATIVE_PHOSPHORYLATION,primary,LVG1,Amacrine,573,-0.09465929764997191
Wang2022,HALLMARK_OXIDATIVE_PHOSPHORYLATION,primary,LVG1,Horizontal,223,0.005962167178566651
Wang2022,HALLMARK_OXIDATIVE_PHOSPHORYLATION,primary,LVG1,RGC,152,0.1033025533731634
Wang2022,HALLMARK_OXIDATIVE_PHOSPHORYLATION,primary,LVG1,Muller glia,756,-0.2752090424274589
Wang2022,HALLMARK_OXIDATIVE_PHOSPHORYLATION,primary,LVG1,Astrocyte,75,-0.02420480797371276
Wang2022,HALLMARK_OXIDATIVE_PHOSPHORYLATION,primary,LVG1,Microglia,28,-0.25306184632841827
Lukowski2019,HALLMARK_CHOLESTEROL_HOMEOSTASIS,primary,Retina 1,Rod,1341,-0.09296469088372555
Lukowski2019,HALLMARK_CHOLESTEROL_HOMEOSTASIS,primary,Retina 1,Cone,30,-0.49572243277276723
Lukowski2019,HALLMARK_CHOLESTEROL_HOMEOSTASIS,primary,Retina 1,Bipolar,295,-0.1739437145235615
Lukowski2019,HALLMARK_CHOLESTEROL_HOMEOSTASIS,primary,Retina 1,Amacrine,2,0.4709367412590595
Lukowski2019,HALLMARK_CHOLESTEROL_HOMEOSTASIS,primary,Retina 1,Horizontal,11,0.3389840259535932
Lukowski2019,HALLMARK_CHOLESTEROL_HOMEOSTASIS,primary,Retina 1,RGC,54,0.3763808387461221
Lukowski2019,HALLMARK_CHOLESTEROL_HOMEOSTASIS,primary,Retina 1,Muller glia,106,0.45684852065619186
Lukowski2019,HALLMARK_CHOLESTEROL_HOMEOSTASIS,primary,Retina 1,Astrocyte,5,0.7032212730619177
Lukowski2019,HALLMARK_CHOLESTEROL_HOMEOSTASIS,primary,Retina 1,Microglia,18,0.738265283780934
Lukowski2019,HALLMARK_CHOLESTEROL_HOMEOSTASIS,primary,Retina 2,Rod,7403,-0.14429713464752958
Lukowski2019,HALLMARK_CHOLESTEROL_HOMEOSTASIS,primary,Retina 2,Cone,159,-0.20364341538707864
Lukowski2019,HALLMARK_CHOLESTEROL_HOMEOSTASIS,primary,Retina 2,Bipolar,674,-0.23557019512124397
Lukowski2019,HALLMARK_CHOLESTEROL_HOMEOSTASIS,primary,Retina 2,Amacrine,34,-0.01292350305109409
Lukowski2019,HALLMARK_CHOLESTEROL_HOMEOSTASIS,primary,Retina 2,Horizontal,16,0.2121706725271187
Lukowski2019,HALLMARK_CHOLESTEROL_HOMEOSTASIS,primary,Retina 2,RGC,70,0.25779129181670724
Lukowski2019,HALLMARK_CHOLESTEROL_HOMEOSTASIS,primary,Retina 2,Muller glia,373,0.5354390558103781
Lukowski2019,HALLMARK_CHOLESTEROL_HOMEOSTASIS,primary,Retina 2,Astrocyte,19,0.9951894844928345
Lukowski2019,HALLMARK_CHOLESTEROL_HOMEOSTASIS,primary,Retina 2,Microglia,60,0.6677984547024354
Lukowski2019,HALLMARK_CHOLESTEROL_HOMEOSTASIS,primary,Retina 3,Rod,5957,-0.03315228971974293
Lukowski2019,HALLMARK_CHOLESTEROL_HOMEOSTASIS,primary,Retina 3,Cone,348,-0.15419814420293385
Lukowski2019,HALLMARK_CHOLESTEROL_HOMEOSTASIS,primary,Retina 3,Bipolar,1097,-0.2846499096299058
Lukowski2019,HALLMARK_CHOLESTEROL_HOMEOSTASIS,primary,Retina 3,Amacrine,5,0.021655049660716765
Lukowski2019,HALLMARK_CHOLESTEROL_HOMEOSTASIS,primary,Retina 3,Horizontal,19,0.03455548789741969
Lukowski2019,HALLMARK_CHOLESTEROL_HOMEOSTASIS,primary,Retina 3,RGC,180,0.2752361613166523
Lukowski2019,HALLMARK_CHOLESTEROL_HOMEOSTASIS,primary,Retina 3,Muller glia,179,0.340726095052354
Lukowski2019,HALLMARK_CHOLESTEROL_HOMEOSTASIS,primary,Retina 3,Astrocyte,18,0.6601483716672988
Lukowski2019,HALLMARK_CHOLESTEROL_HOMEOSTASIS,primary,Retina 3,Microglia,107,0.6647648262052935
Lukowski2019,HALLMARK_CHOLESTEROL_HOMEOSTASIS,strict,Retina 1,Rod,931,-0.08158623163360142
Lukowski2019,HALLMARK_CHOLESTEROL_HOMEOSTASIS,strict,Retina 1,Cone,21,-0.5048768343896952
Lukowski2019,HALLMARK_CHOLESTEROL_HOMEOSTASIS,strict,Retina 1,Bipolar,277,-0.1776877972809955
Lukowski2019,HALLMARK_CHOLESTEROL_HOMEOSTASIS,strict,Retina 1,Amacrine,2,0.4709367412590595
Lukowski2019,HALLMARK_CHOLESTEROL_HOMEOSTASIS,strict,Retina 1,Horizontal,10,0.27113887465697245
Lukowski2019,HALLMARK_CHOLESTEROL_HOMEOSTASIS,strict,Retina 1,RGC,35,0.408282614515078
Lukowski2019,HALLMARK_CHOLESTEROL_HOMEOSTASIS,strict,Retina 1,Muller glia,99,0.4646518629782923
Lukowski2019,HALLMARK_CHOLESTEROL_HOMEOSTASIS,strict,Retina 1,Astrocyte,5,0.7032212730619177
Lukowski2019,HALLMARK_CHOLESTEROL_HOMEOSTASIS,strict,Retina 1,Microglia,10,0.7088301657905542
Lukowski2019,HALLMARK_CHOLESTEROL_HOMEOSTASIS,strict,Retina 2,Rod,7338,-0.1460296591640352
Lukowski2019,HALLMARK_CHOLESTEROL_HOMEOSTASIS,strict,Retina 2,Cone,28,-0.05493760005516108
Lukowski2019,HALLMARK_CHOLESTEROL_HOMEOSTASIS,strict,Retina 2,Bipolar,479,-0.24029203093217286
Lukowski2019,HALLMARK_CHOLESTEROL_HOMEOSTASIS,strict,Retina 2,Amacrine,34,-0.01292350305109409
Lukowski2019,HALLMARK_CHOLESTEROL_HOMEOSTASIS,strict,Retina 2,Horizontal,14,0.2718881321330145
Lukowski2019,HALLMARK_CHOLESTEROL_HOMEOSTASIS,strict,Retina 2,RGC,68,0.26904151417612204
Lukowski2019,HALLMARK_CHOLESTEROL_HOMEOSTASIS,strict,Retina 2,Muller glia,372,0.5296769058574207
Lukowski2019,HALLMARK_CHOLESTEROL_HOMEOSTASIS,strict,Retina 2,Astrocyte,18,1.0074508943243283
Lukowski2019,HALLMARK_CHOLESTEROL_HOMEOSTASIS,strict,Retina 2,Microglia,59,0.6602125504663972
Lukowski2019,HALLMARK_CHOLESTEROL_HOMEOSTASIS,strict,Retina 3,Rod,3002,-0.04329604112081967
Lukowski2019,HALLMARK_CHOLESTEROL_HOMEOSTASIS,strict,Retina 3,Cone,248,-0.15755731216782937
Lukowski2019,HALLMARK_CHOLESTEROL_HOMEOSTASIS,strict,Retina 3,Bipolar,910,-0.30498947392845666
Lukowski2019,HALLMARK_CHOLESTEROL_HOMEOSTASIS,strict,Retina 3,Amacrine,5,0.021655049660716765
Lukowski2019,HALLMARK_CHOLESTEROL_HOMEOSTASIS,strict,Retina 3,Horizontal,12,0.19406769086900194
Lukowski2019,HALLMARK_CHOLESTEROL_HOMEOSTASIS,strict,Retina 3,RGC,122,0.2722172621139226
Lukowski2019,HALLMARK_CHOLESTEROL_HOMEOSTASIS,strict,Retina 3,Muller glia,161,0.3381082820794033
Lukowski2019,HALLMARK_CHOLESTEROL_HOMEOSTASIS,strict,Retina 3,Astrocyte,11,0.6609102826810026
Lukowski2019,HALLMARK_CHOLESTEROL_HOMEOSTASIS,strict,Retina 3,Microglia,62,0.6707902180110008
Wang2022,HALLMARK_CHOLESTEROL_HOMEOSTASIS,primary,LGS1,Rod,12909,-0.2877330539525537
Wang2022,HALLMARK_CHOLESTEROL_HOMEOSTASIS,primary,LGS1,Cone,721,-0.3119387889645091
Wang2022,HALLMARK_CHOLESTEROL_HOMEOSTASIS,primary,LGS1,Bipolar,2252,-0.3823342663363556
Wang2022,HALLMARK_CHOLESTEROL_HOMEOSTASIS,primary,LGS1,Amacrine,932,-0.03587502604760665
Wang2022,HALLMARK_CHOLESTEROL_HOMEOSTASIS,primary,LGS1,Horizontal,243,0.10682284826769532
Wang2022,HALLMARK_CHOLESTEROL_HOMEOSTASIS,primary,LGS1,RGC,46,0.14973815838578403
Wang2022,HALLMARK_CHOLESTEROL_HOMEOSTASIS,primary,LGS1,Muller glia,944,0.11677760108531195
Wang2022,HALLMARK_CHOLESTEROL_HOMEOSTASIS,primary,LGS1,Astrocyte,12,0.1271783798890822
Wang2022,HALLMARK_CHOLESTEROL_HOMEOSTASIS,primary,LGS1,Microglia,55,0.21020853909890821
Wang2022,HALLMARK_CHOLESTEROL_HOMEOSTASIS,primary,LGS2,Rod,6599,-0.4012285287229671
Wang2022,HALLMARK_CHOLESTEROL_HOMEOSTASIS,primary,LGS2,Cone,690,-0.4823399950544428
Wang2022,HALLMARK_CHOLESTEROL_HOMEOSTASIS,primary,LGS2,Bipolar,2673,-0.396138359791644
Wang2022,HALLMARK_CHOLESTEROL_HOMEOSTASIS,primary,LGS2,Amacrine,716,0.020997166052951804
Wang2022,HALLMARK_CHOLESTEROL_HOMEOSTASIS,primary,LGS2,Horizontal,318,-0.14253741171686565
Wang2022,HALLMARK_CHOLESTEROL_HOMEOSTASIS,primary,LGS2,RGC,169,0.5010045445572151
Wang2022,HALLMARK_CHOLESTEROL_HOMEOSTASIS,primary,LGS2,Muller glia,1167,0.2391743251860085
Wang2022,HALLMARK_CHOLESTEROL_HOMEOSTASIS,primary,LGS2,Astrocyte,50,0.22178230655494063
Wang2022,HALLMARK_CHOLESTEROL_HOMEOSTASIS,primary,LGS2,Microglia,90,0.27311730882531243
Wang2022,HALLMARK_CHOLESTEROL_HOMEOSTASIS,primary,LGS3,Rod,6339,-0.3769068238192143
Wang2022,HALLMARK_CHOLESTEROL_HOMEOSTASIS,primary,LGS3,Cone,451,-0.49267552245422475
Wang2022,HALLMARK_CHOLESTEROL_HOMEOSTASIS,primary,LGS3,Bipolar,2289,-0.4605717681574481
Wang2022,HALLMARK_CHOLESTEROL_HOMEOSTASIS,primary,LGS3,Amacrine,503,-0.03974221055828521
Wang2022,HALLMARK_CHOLESTEROL_HOMEOSTASIS,primary,LGS3,Horizontal,351,-0.15524222892849274
Wang2022,HALLMARK_CHOLESTEROL_HOMEOSTASIS,primary,LGS3,RGC,126,0.31213577022092887
Wang2022,HALLMARK_CHOLESTEROL_HOMEOSTASIS,primary,LGS3,Muller glia,803,-0.11553024925080563
Wang2022,HALLMARK_CHOLESTEROL_HOMEOSTASIS,primary,LGS3,Astrocyte,95,-0.0717768587370043
Wang2022,HALLMARK_CHOLESTEROL_HOMEOSTASIS,primary,LGS3,Microglia,59,-0.10206333852163935
Wang2022,HALLMARK_CHOLESTEROL_HOMEOSTASIS,primary,LVG1,Rod,6212,-0.3276060549972872
Wang2022,HALLMARK_CHOLESTEROL_HOMEOSTASIS,primary,LVG1,Cone,361,-0.4364055664183115
Wang2022,HALLMARK_CHOLESTEROL_HOMEOSTASIS,primary,LVG1,Bipolar,1663,-0.45511433998144923
Wang2022,HALLMARK_CHOLESTEROL_HOMEOSTASIS,primary,LVG1,Amacrine,573,0.08961866970804024
Wang2022,HALLMARK_CHOLESTEROL_HOMEOSTASIS,primary,LVG1,Horizontal,223,-0.0006686885259063777
Wang2022,HALLMARK_CHOLESTEROL_HOMEOSTASIS,primary,LVG1,RGC,152,0.15484922330377093
Wang2022,HALLMARK_CHOLESTEROL_HOMEOSTASIS,primary,LVG1,Muller glia,756,0.12282891369198919
Wang2022,HALLMARK_CHOLESTEROL_HOMEOSTASIS,primary,LVG1,Astrocyte,75,0.4689389530595977
Wang2022,HALLMARK_CHOLESTEROL_HOMEOSTASIS,primary,LVG1,Microglia,28,0.2951981224665124
Lukowski2019,HALLMARK_GLYCOLYSIS,primary,Retina 1,Rod,1341,-0.027447390570553426
Lukowski2019,HALLMARK_GLYCOLYSIS,primary,Retina 1,Cone,30,-0.03374290358701472
Lukowski2019,HALLMARK_GLYCOLYSIS,primary,Retina 1,Bipolar,295,0.022807196510302045
Lukowski2019,HALLMARK_GLYCOLYSIS,primary,Retina 1,Amacrine,2,0.021039835320958926
Lukowski2019,HALLMARK_GLYCOLYSIS,primary,Retina 1,Horizontal,11,0.25724974821415664
Lukowski2019,HALLMARK_GLYCOLYSIS,primary,Retina 1,RGC,54,0.05725418123647159
Lukowski2019,HALLMARK_GLYCOLYSIS,primary,Retina 1,Muller glia,106,0.30442268566819236
Lukowski2019,HALLMARK_GLYCOLYSIS,primary,Retina 1,Astrocyte,5,0.191537326964915
Lukowski2019,HALLMARK_GLYCOLYSIS,primary,Retina 1,Microglia,18,0.3625110267119661
Lukowski2019,HALLMARK_GLYCOLYSIS,primary,Retina 2,Rod,7403,-0.06004859996905833
Lukowski2019,HALLMARK_GLYCOLYSIS,primary,Retina 2,Cone,159,-0.06554150719692914
Lukowski2019,HALLMARK_GLYCOLYSIS,primary,Retina 2,Bipolar,674,-0.007372736494523696
Lukowski2019,HALLMARK_GLYCOLYSIS,primary,Retina 2,Amacrine,34,-0.1718526133112642
Lukowski2019,HALLMARK_GLYCOLYSIS,primary,Retina 2,Horizontal,16,0.01459282817070618
Lukowski2019,HALLMARK_GLYCOLYSIS,primary,Retina 2,RGC,70,0.020746820311423934
Lukowski2019,HALLMARK_GLYCOLYSIS,primary,Retina 2,Muller glia,373,0.23053522682891428
Lukowski2019,HALLMARK_GLYCOLYSIS,primary,Retina 2,Astrocyte,19,0.26819364386399175
Lukowski2019,HALLMARK_GLYCOLYSIS,primary,Retina 2,Microglia,60,0.2259898520203495
Lukowski2019,HALLMARK_GLYCOLYSIS,primary,Retina 3,Rod,5957,-0.054447798400277844
Lukowski2019,HALLMARK_GLYCOLYSIS,primary,Retina 3,Cone,348,-0.09853881064643061
Lukowski2019,HALLMARK_GLYCOLYSIS,primary,Retina 3,Bipolar,1097,-0.05966759975191643
Lukowski2019,HALLMARK_GLYCOLYSIS,primary,Retina 3,Amacrine,5,0.25441023543431796
Lukowski2019,HALLMARK_GLYCOLYSIS,primary,Retina 3,Horizontal,19,-0.06905072449429092
Lukowski2019,HALLMARK_GLYCOLYSIS,primary,Retina 3,RGC,180,0.012094697840300562
Lukowski2019,HALLMARK_GLYCOLYSIS,primary,Retina 3,Muller glia,179,0.22597088013316877
Lukowski2019,HALLMARK_GLYCOLYSIS,primary,Retina 3,Astrocyte,18,0.6209701692282743
Lukowski2019,HALLMARK_GLYCOLYSIS,primary,Retina 3,Microglia,107,0.30817738247894066
Lukowski2019,HALLMARK_GLYCOLYSIS,strict,Retina 1,Rod,931,-0.023501346983793008
Lukowski2019,HALLMARK_GLYCOLYSIS,strict,Retina 1,Cone,21,-0.06230712459584683
Lukowski2019,HALLMARK_GLYCOLYSIS,strict,Retina 1,Bipolar,277,0.025487424198998677
Lukowski2019,HALLMARK_GLYCOLYSIS,strict,Retina 1,Amacrine,2,0.021039835320958926
Lukowski2019,HALLMARK_GLYCOLYSIS,strict,Retina 1,Horizontal,10,0.2601158803678725
Lukowski2019,HALLMARK_GLYCOLYSIS,strict,Retina 1,RGC,35,0.07416067322175257
Lukowski2019,HALLMARK_GLYCOLYSIS,strict,Retina 1,Muller glia,99,0.30702784462107796
Lukowski2019,HALLMARK_GLYCOLYSIS,strict,Retina 1,Astrocyte,5,0.191537326964915
Lukowski2019,HALLMARK_GLYCOLYSIS,strict,Retina 1,Microglia,10,0.3471985571536115
Lukowski2019,HALLMARK_GLYCOLYSIS,strict,Retina 2,Rod,7338,-0.06045821505803894
Lukowski2019,HALLMARK_GLYCOLYSIS,strict,Retina 2,Cone,28,0.03930766528606285
Lukowski2019,HALLMARK_GLYCOLYSIS,strict,Retina 2,Bipolar,479,-0.01414095939198714
Lukowski2019,HALLMARK_GLYCOLYSIS,strict,Retina 2,Amacrine,34,-0.1718526133112642
Lukowski2019,HALLMARK_GLYCOLYSIS,strict,Retina 2,Horizontal,14,0.0718070062482678
Lukowski2019,HALLMARK_GLYCOLYSIS,strict,Retina 2,RGC,68,0.024687973664146864
Lukowski2019,HALLMARK_GLYCOLYSIS,strict,Retina 2,Muller glia,372,0.23236429853590637
Lukowski2019,HALLMARK_GLYCOLYSIS,strict,Retina 2,Astrocyte,18,0.29934152415809884
Lukowski2019,HALLMARK_GLYCOLYSIS,strict,Retina 2,Microglia,59,0.2295959458473448
Lukowski2019,HALLMARK_GLYCOLYSIS,strict,Retina 3,Rod,3002,-0.05330104500317891
Lukowski2019,HALLMARK_GLYCOLYSIS,strict,Retina 3,Cone,248,-0.09633220094548835
Lukowski2019,HALLMARK_GLYCOLYSIS,strict,Retina 3,Bipolar,910,-0.05650158896298397
Lukowski2019,HALLMARK_GLYCOLYSIS,strict,Retina 3,Amacrine,5,0.25441023543431796
Lukowski2019,HALLMARK_GLYCOLYSIS,strict,Retina 3,Horizontal,12,-0.08217058710773648
Lukowski2019,HALLMARK_GLYCOLYSIS,strict,Retina 3,RGC,122,-0.01058231545650081
Lukowski2019,HALLMARK_GLYCOLYSIS,strict,Retina 3,Muller glia,161,0.2306834808675163
Lukowski2019,HALLMARK_GLYCOLYSIS,strict,Retina 3,Astrocyte,11,0.6133443834246246
Lukowski2019,HALLMARK_GLYCOLYSIS,strict,Retina 3,Microglia,62,0.30278776096330423
Wang2022,HALLMARK_GLYCOLYSIS,primary,LGS1,Rod,12909,0.04471995826834025
Wang2022,HALLMARK_GLYCOLYSIS,primary,LGS1,Cone,721,-0.003241733848654202
Wang2022,HALLMARK_GLYCOLYSIS,primary,LGS1,Bipolar,2252,-0.013951035967134305
Wang2022,HALLMARK_GLYCOLYSIS,primary,LGS1,Amacrine,932,0.005091965305525893
Wang2022,HALLMARK_GLYCOLYSIS,primary,LGS1,Horizontal,243,0.12480628646439051
Wang2022,HALLMARK_GLYCOLYSIS,primary,LGS1,RGC,46,0.04154308814456177
Wang2022,HALLMARK_GLYCOLYSIS,primary,LGS1,Muller glia,944,0.15758275149824108
Wang2022,HALLMARK_GLYCOLYSIS,primary,LGS1,Astrocyte,12,0.20660627076674398
Wang2022,HALLMARK_GLYCOLYSIS,primary,LGS1,Microglia,55,0.1768656258047746
Wang2022,HALLMARK_GLYCOLYSIS,primary,LGS2,Rod,6599,0.0038945064749702288
Wang2022,HALLMARK_GLYCOLYSIS,primary,LGS2,Cone,690,-0.08406992319111375
Wang2022,HALLMARK_GLYCOLYSIS,primary,LGS2,Bipolar,2673,0.007381682346459157
Wang2022,HALLMARK_GLYCOLYSIS,primary,LGS2,Amacrine,716,-0.00033824659319418323
Wang2022,HALLMARK_GLYCOLYSIS,primary,LGS2,Horizontal,318,0.044408768092580944
Wang2022,HALLMARK_GLYCOLYSIS,primary,LGS2,RGC,169,0.07170588253385757
Wang2022,HALLMARK_GLYCOLYSIS,primary,LGS2,Muller glia,1167,0.22047459338855313
Wang2022,HALLMARK_GLYCOLYSIS,primary,LGS2,Astrocyte,50,0.1381700102465499
Wang2022,HALLMARK_GLYCOLYSIS,primary,LGS2,Microglia,90,0.16878911952751088
Wang2022,HALLMARK_GLYCOLYSIS,primary,LGS3,Rod,6339,-0.09688961762897245
Wang2022,HALLMARK_GLYCOLYSIS,primary,LGS3,Cone,451,-0.14687843878755344
Wang2022,HALLMARK_GLYCOLYSIS,primary,LGS3,Bipolar,2289,-0.11909413200770318
Wang2022,HALLMARK_GLYCOLYSIS,primary,LGS3,Amacrine,503,-0.05756922100438152
Wang2022,HALLMARK_GLYCOLYSIS,primary,LGS3,Horizontal,351,-0.039760226399364156
Wang2022,HALLMARK_GLYCOLYSIS,primary,LGS3,RGC,126,0.005706198193080089
Wang2022,HALLMARK_GLYCOLYSIS,primary,LGS3,Muller glia,803,0.0868510328224713
Wang2022,HALLMARK_GLYCOLYSIS,primary,LGS3,Astrocyte,95,0.07359399727335283
Wang2022,HALLMARK_GLYCOLYSIS,primary,LGS3,Microglia,59,-0.02690200066379028
Wang2022,HALLMARK_GLYCOLYSIS,primary,LVG1,Rod,6212,-0.17676527515378232
Wang2022,HALLMARK_GLYCOLYSIS,primary,LVG1,Cone,361,-0.19624897648085907
Wang2022,HALLMARK_GLYCOLYSIS,primary,LVG1,Bipolar,1663,-0.1679553117567387
Wang2022,HALLMARK_GLYCOLYSIS,primary,LVG1,Amacrine,573,-0.08927961135313037
Wang2022,HALLMARK_GLYCOLYSIS,primary,LVG1,Horizontal,223,-0.09256986961641281
Wang2022,HALLMARK_GLYCOLYSIS,primary,LVG1,RGC,152,-0.029762212274955336
Wang2022,HALLMARK_GLYCOLYSIS,primary,LVG1,Muller glia,756,0.13947666573340006
Wang2022,HALLMARK_GLYCOLYSIS,primary,LVG1,Astrocyte,75,0.05171830903088866
Wang2022,HALLMARK_GLYCOLYSIS,primary,LVG1,Microglia,28,-0.02366031515958055
Lukowski2019,HALLMARK_FATTY_ACID_METABOLISM,primary,Retina 1,Rod,1341,0.010981940292722722
Lukowski2019,HALLMARK_FATTY_ACID_METABOLISM,primary,Retina 1,Cone,30,-0.06769595408983031
Lukowski2019,HALLMARK_FATTY_ACID_METABOLISM,primary,Retina 1,Bipolar,295,-0.042248446598056336
Lukowski2019,HALLMARK_FATTY_ACID_METABOLISM,primary,Retina 1,Amacrine,2,0.03479008843987105
Lukowski2019,HALLMARK_FATTY_ACID_METABOLISM,primary,Retina 1,Horizontal,11,0.02224626055967615
Lukowski2019,HALLMARK_FATTY_ACID_METABOLISM,primary,Retina 1,RGC,54,-0.03236392980551047
Lukowski2019,HALLMARK_FATTY_ACID_METABOLISM,primary,Retina 1,Muller glia,106,0.3050463366571606
Lukowski2019,HALLMARK_FATTY_ACID_METABOLISM,primary,Retina 1,Astrocyte,5,0.5475308140101783
Lukowski2019,HALLMARK_FATTY_ACID_METABOLISM,primary,Retina 1,Microglia,18,0.530578684782818
Lukowski2019,HALLMARK_FATTY_ACID_METABOLISM,primary,Retina 2,Rod,7403,-0.05873432229760329
Lukowski2019,HALLMARK_FATTY_ACID_METABOLISM,primary,Retina 2,Cone,159,-0.16781497891296074
Lukowski2019,HALLMARK_FATTY_ACID_METABOLISM,primary,Retina 2,Bipolar,674,-0.07120019138728056
Lukowski2019,HALLMARK_FATTY_ACID_METABOLISM,primary,Retina 2,Amacrine,34,-0.14764571392686252
Lukowski2019,HALLMARK_FATTY_ACID_METABOLISM,primary,Retina 2,Horizontal,16,-0.043797936112318726
Lukowski2019,HALLMARK_FATTY_ACID_METABOLISM,primary,Retina 2,RGC,70,-0.17101625557792494
Lukowski2019,HALLMARK_FATTY_ACID_METABOLISM,primary,Retina 2,Muller glia,373,0.2119037926714878
Lukowski2019,HALLMARK_FATTY_ACID_METABOLISM,primary,Retina 2,Astrocyte,19,0.5192090692856012
Lukowski2019,HALLMARK_FATTY_ACID_METABOLISM,primary,Retina 2,Microglia,60,0.3457491212588206
Lukowski2019,HALLMARK_FATTY_ACID_METABOLISM,primary,Retina 3,Rod,5957,-0.02434282236504987
Lukowski2019,HALLMARK_FATTY_ACID_METABOLISM,primary,Retina 3,Cone,348,-0.12772497427723303
Lukowski2019,HALLMARK_FATTY_ACID_METABOLISM,primary,Retina 3,Bipolar,1097,-0.12857262500642014
Lukowski2019,HALLMARK_FATTY_ACID_METABOLISM,primary,Retina 3,Amacrine,5,-0.1686199267562025
Lukowski2019,HALLMARK_FATTY_ACID_METABOLISM,primary,Retina 3,Horizontal,19,-0.1452721243572329
Lukowski2019,HALLMARK_FATTY_ACID_METABOLISM,primary,Retina 3,RGC,180,0.06921562025949048
Lukowski2019,HALLMARK_FATTY_ACID_METABOLISM,primary,Retina 3,Muller glia,179,0.19569647641033397
Lukowski2019,HALLMARK_FATTY_ACID_METABOLISM,primary,Retina 3,Astrocyte,18,0.711385749417313
Lukowski2019,HALLMARK_FATTY_ACID_METABOLISM,primary,Retina 3,Microglia,107,0.42072292911129794
Lukowski2019,HALLMARK_FATTY_ACID_METABOLISM,strict,Retina 1,Rod,931,0.0280519406750734
Lukowski2019,HALLMARK_FATTY_ACID_METABOLISM,strict,Retina 1,Cone,21,-0.032410364615767975
Lukowski2019,HALLMARK_FATTY_ACID_METABOLISM,strict,Retina 1,Bipolar,277,-0.0372540086355946
Lukowski2019,HALLMARK_FATTY_ACID_METABOLISM,strict,Retina 1,Amacrine,2,0.03479008843987105
Lukowski2019,HALLMARK_FATTY_ACID_METABOLISM,strict,Retina 1,Horizontal,10,-0.00862950858302932
Lukowski2019,HALLMARK_FATTY_ACID_METABOLISM,strict,Retina 1,RGC,35,-0.06110523813530981
Lukowski2019,HALLMARK_FATTY_ACID_METABOLISM,strict,Retina 1,Muller glia,99,0.2966371299470966
Lukowski2019,HALLMARK_FATTY_ACID_METABOLISM,strict,Retina 1,Astrocyte,5,0.5475308140101783
Lukowski2019,HALLMARK_FATTY_ACID_METABOLISM,strict,Retina 1,Microglia,10,0.5355002436124832
Lukowski2019,HALLMARK_FATTY_ACID_METABOLISM,strict,Retina 2,Rod,7338,-0.05858804738321252
Lukowski2019,HALLMARK_FATTY_ACID_METABOLISM,strict,Retina 2,Cone,28,-0.0404254617476613
Lukowski2019,HALLMARK_FATTY_ACID_METABOLISM,strict,Retina 2,Bipolar,479,-0.06852053508665495
Lukowski2019,HALLMARK_FATTY_ACID_METABOLISM,strict,Retina 2,Amacrine,34,-0.14764571392686252
Lukowski2019,HALLMARK_FATTY_ACID_METABOLISM,strict,Retina 2,Horizontal,14,-0.024293928314831806
Lukowski2019,HALLMARK_FATTY_ACID_METABOLISM,strict,Retina 2,RGC,68,-0.17474849084392532
Lukowski2019,HALLMARK_FATTY_ACID_METABOLISM,strict,Retina 2,Muller glia,372,0.21302594398350322
Lukowski2019,HALLMARK_FATTY_ACID_METABOLISM,strict,Retina 2,Astrocyte,18,0.5173844554945873
Lukowski2019,HALLMARK_FATTY_ACID_METABOLISM,strict,Retina 2,Microglia,59,0.34263423042790003
Lukowski2019,HALLMARK_FATTY_ACID_METABOLISM,strict,Retina 3,Rod,3002,-0.026190159416001554
Lukowski2019,HALLMARK_FATTY_ACID_METABOLISM,strict,Retina 3,Cone,248,-0.11993468721838761
Lukowski2019,HALLMARK_FATTY_ACID_METABOLISM,strict,Retina 3,Bipolar,910,-0.13155274672621295
Lukowski2019,HALLMARK_FATTY_ACID_METABOLISM,strict,Retina 3,Amacrine,5,-0.1686199267562025
Lukowski2019,HALLMARK_FATTY_ACID_METABOLISM,strict,Retina 3,Horizontal,12,-0.058466147191435655
Lukowski2019,HALLMARK_FATTY_ACID_METABOLISM,strict,Retina 3,RGC,122,0.08212223468369237
Lukowski2019,HALLMARK_FATTY_ACID_METABOLISM,strict,Retina 3,Muller glia,161,0.20134806136325012
Lukowski2019,HALLMARK_FATTY_ACID_METABOLISM,strict,Retina 3,Astrocyte,11,0.6347307830021613
Lukowski2019,HALLMARK_FATTY_ACID_METABOLISM,strict,Retina 3,Microglia,62,0.38404921315867807
Wang2022,HALLMARK_FATTY_ACID_METABOLISM,primary,LGS1,Rod,12909,-0.2907811341669558
Wang2022,HALLMARK_FATTY_ACID_METABOLISM,primary,LGS1,Cone,721,-0.2656270921309325
Wang2022,HALLMARK_FATTY_ACID_METABOLISM,primary,LGS1,Bipolar,2252,-0.36746213626931373
Wang2022,HALLMARK_FATTY_ACID_METABOLISM,primary,LGS1,Amacrine,932,-0.2746997709408762
Wang2022,HALLMARK_FATTY_ACID_METABOLISM,primary,LGS1,Horizontal,243,-0.29180174156586214
Wang2022,HALLMARK_FATTY_ACID_METABOLISM,primary,LGS1,RGC,46,-0.15952728674438577
Wang2022,HALLMARK_FATTY_ACID_METABOLISM,primary,LGS1,Muller glia,944,-0.2851977485585103
Wang2022,HALLMARK_FATTY_ACID_METABOLISM,primary,LGS1,Astrocyte,12,0.011243503119659782
Wang2022,HALLMARK_FATTY_ACID_METABOLISM,primary,LGS1,Microglia,55,-0.23134640788089175
Wang2022,HALLMARK_FATTY_ACID_METABOLISM,primary,LGS2,Rod,6599,-0.38824765198959194
Wang2022,HALLMARK_FATTY_ACID_METABOLISM,primary,LGS2,Cone,690,-0.41541367874935464
Wang2022,HALLMARK_FATTY_ACID_METABOLISM,primary,LGS2,Bipolar,2673,-0.41070311842279156
Wang2022,HALLMARK_FATTY_ACID_METABOLISM,primary,LGS2,Amacrine,716,-0.37380930170407567
Wang2022,HALLMARK_FATTY_ACID_METABOLISM,primary,LGS2,Horizontal,318,-0.3629776119711877
Wang2022,HALLMARK_FATTY_ACID_METABOLISM,primary,LGS2,RGC,169,-0.21937567725603507
Wang2022,HALLMARK_FATTY_ACID_METABOLISM,primary,LGS2,Muller glia,1167,-0.3094654070804486
Wang2022,HALLMARK_FATTY_ACID_METABOLISM,primary,LGS2,Astrocyte,50,-0.3065576018469136
Wang2022,HALLMARK_FATTY_ACID_METABOLISM,primary,LGS2,Microglia,90,-0.32037615575194717
Wang2022,HALLMARK_FATTY_ACID_METABOLISM,primary,LGS3,Rod,6339,-0.29912573820828775
Wang2022,HALLMARK_FATTY_ACID_METABOLISM,primary,LGS3,Cone,451,-0.3796259186403495
Wang2022,HALLMARK_FATTY_ACID_METABOLISM,primary,LGS3,Bipolar,2289,-0.3779225762761601
Wang2022,HALLMARK_FATTY_ACID_METABOLISM,primary,LGS3,Amacrine,503,-0.29611438291533293
Wang2022,HALLMARK_FATTY_ACID_METABOLISM,primary,LGS3,Horizontal,351,-0.25808730540168356
Wang2022,HALLMARK_FATTY_ACID_METABOLISM,primary,LGS3,RGC,126,-0.2050040603517816
Wang2022,HALLMARK_FATTY_ACID_METABOLISM,primary,LGS3,Muller glia,803,-0.2816503152843685
Wang2022,HALLMARK_FATTY_ACID_METABOLISM,primary,LGS3,Astrocyte,95,-0.20286982897878078
Wang2022,HALLMARK_FATTY_ACID_METABOLISM,primary,LGS3,Microglia,59,-0.267907945835914
Wang2022,HALLMARK_FATTY_ACID_METABOLISM,primary,LVG1,Rod,6212,-0.29920969513971135
Wang2022,HALLMARK_FATTY_ACID_METABOLISM,primary,LVG1,Cone,361,-0.314470168320402
Wang2022,HALLMARK_FATTY_ACID_METABOLISM,primary,LVG1,Bipolar,1663,-0.3339035366048074
Wang2022,HALLMARK_FATTY_ACID_METABOLISM,primary,LVG1,Amacrine,573,-0.23250966409648152
Wang2022,HALLMARK_FATTY_ACID_METABOLISM,primary,LVG1,Horizontal,223,-0.20632868861051615
Wang2022,HALLMARK_FATTY_ACID_METABOLISM,primary,LVG1,RGC,152,-0.10297765354900941
Wang2022,HALLMARK_FATTY_ACID_METABOLISM,primary,LVG1,Muller glia,756,-0.09918725021284637
Wang2022,HALLMARK_FATTY_ACID_METABOLISM,primary,LVG1,Astrocyte,75,0.03349321727612668
Wang2022,HALLMARK_FATTY_ACID_METABOLISM,primary,LVG1,Microglia,28,-0.2144859777889461
Lukowski2019,HALLMARK_UNFOLDED_PROTEIN_RESPONSE,primary,Retina 1,Rod,1341,-0.01341905725038411
Lukowski2019,HALLMARK_UNFOLDED_PROTEIN_RESPONSE,primary,Retina 1,Cone,30,-0.054664324607343225
Lukowski2019,HALLMARK_UNFOLDED_PROTEIN_RESPONSE,primary,Retina 1,Bipolar,295,-0.01659016099725391
Lukowski2019,HALLMARK_UNFOLDED_PROTEIN_RESPONSE,primary,Retina 1,Amacrine,2,0.20772489193857951
Lukowski2019,HALLMARK_UNFOLDED_PROTEIN_RESPONSE,primary,Retina 1,Horizontal,11,0.029605809247028377
Lukowski2019,HALLMARK_UNFOLDED_PROTEIN_RESPONSE,primary,Retina 1,RGC,54,-0.09542079101971106
Lukowski2019,HALLMARK_UNFOLDED_PROTEIN_RESPONSE,primary,Retina 1,Muller glia,106,0.07226101766203706
Lukowski2019,HALLMARK_UNFOLDED_PROTEIN_RESPONSE,primary,Retina 1,Astrocyte,5,0.5231098342726159
Lukowski2019,HALLMARK_UNFOLDED_PROTEIN_RESPONSE,primary,Retina 1,Microglia,18,0.6128047512101065
Lukowski2019,HALLMARK_UNFOLDED_PROTEIN_RESPONSE,primary,Retina 2,Rod,7403,0.02166360444961746
Lukowski2019,HALLMARK_UNFOLDED_PROTEIN_RESPONSE,primary,Retina 2,Cone,159,-0.09342997670125239
Lukowski2019,HALLMARK_UNFOLDED_PROTEIN_RESPONSE,primary,Retina 2,Bipolar,674,0.0489556659798438
Lukowski2019,HALLMARK_UNFOLDED_PROTEIN_RESPONSE,primary,Retina 2,Amacrine,34,0.07050120418473659
Lukowski2019,HALLMARK_UNFOLDED_PROTEIN_RESPONSE,primary,Retina 2,Horizontal,16,0.04839073921131158
Lukowski2019,HALLMARK_UNFOLDED_PROTEIN_RESPONSE,primary,Retina 2,RGC,70,0.1258407908285511
Lukowski2019,HALLMARK_UNFOLDED_PROTEIN_RESPONSE,primary,Retina 2,Muller glia,373,0.11465068125580545
Lukowski2019,HALLMARK_UNFOLDED_PROTEIN_RESPONSE,primary,Retina 2,Astrocyte,19,0.5841318953862215
Lukowski2019,HALLMARK_UNFOLDED_PROTEIN_RESPONSE,primary,Retina 2,Microglia,60,0.6241104063574304
Lukowski2019,HALLMARK_UNFOLDED_PROTEIN_RESPONSE,primary,Retina 3,Rod,5957,0.0018670243488320022
Lukowski2019,HALLMARK_UNFOLDED_PROTEIN_RESPONSE,primary,Retina 3,Cone,348,-0.09778579980307396
Lukowski2019,HALLMARK_UNFOLDED_PROTEIN_RESPONSE,primary,Retina 3,Bipolar,1097,-0.10355307729035362
Lukowski2019,HALLMARK_UNFOLDED_PROTEIN_RESPONSE,primary,Retina 3,Amacrine,5,-0.3183910536417249
Lukowski2019,HALLMARK_UNFOLDED_PROTEIN_RESPONSE,primary,Retina 3,Horizontal,19,0.13138889596621553
Lukowski2019,HALLMARK_UNFOLDED_PROTEIN_RESPONSE,primary,Retina 3,RGC,180,-0.02063698847053898
Lukowski2019,HALLMARK_UNFOLDED_PROTEIN_RESPONSE,primary,Retina 3,Muller glia,179,0.027496179108118662
Lukowski2019,HALLMARK_UNFOLDED_PROTEIN_RESPONSE,primary,Retina 3,Astrocyte,18,0.19994073331383364
Lukowski2019,HALLMARK_UNFOLDED_PROTEIN_RESPONSE,primary,Retina 3,Microglia,107,0.5234934731656703
Lukowski2019,HALLMARK_UNFOLDED_PROTEIN_RESPONSE,strict,Retina 1,Rod,931,-0.008760860824487389
Lukowski2019,HALLMARK_UNFOLDED_PROTEIN_RESPONSE,strict,Retina 1,Cone,21,-0.007496001026489646
Lukowski2019,HALLMARK_UNFOLDED_PROTEIN_RESPONSE,strict,Retina 1,Bipolar,277,-0.016243041962172723
Lukowski2019,HALLMARK_UNFOLDED_PROTEIN_RESPONSE,strict,Retina 1,Amacrine,2,0.20772489193857951
Lukowski2019,HALLMARK_UNFOLDED_PROTEIN_RESPONSE,strict,Retina 1,Horizontal,10,0.03627033643989189
Lukowski2019,HALLMARK_UNFOLDED_PROTEIN_RESPONSE,strict,Retina 1,RGC,35,-0.06693808890241049
Lukowski2019,HALLMARK_UNFOLDED_PROTEIN_RESPONSE,strict,Retina 1,Muller glia,99,0.06643748034697569
Lukowski2019,HALLMARK_UNFOLDED_PROTEIN_RESPONSE,strict,Retina 1,Astrocyte,5,0.5231098342726159
Lukowski2019,HALLMARK_UNFOLDED_PROTEIN_RESPONSE,strict,Retina 1,Microglia,10,0.6019297781465222
Lukowski2019,HALLMARK_UNFOLDED_PROTEIN_RESPONSE,strict,Retina 2,Rod,7338,0.022560547575311233
Lukowski2019,HALLMARK_UNFOLDED_PROTEIN_RESPONSE,strict,Retina 2,Cone,28,-0.01517635773907362
Lukowski2019,HALLMARK_UNFOLDED_PROTEIN_RESPONSE,strict,Retina 2,Bipolar,479,0.0560656494716621
Lukowski2019,HALLMARK_UNFOLDED_PROTEIN_RESPONSE,strict,Retina 2,Amacrine,34,0.07050120418473659
Lukowski2019,HALLMARK_UNFOLDED_PROTEIN_RESPONSE,strict,Retina 2,Horizontal,14,0.10240505785218122
Lukowski2019,HALLMARK_UNFOLDED_PROTEIN_RESPONSE,strict,Retina 2,RGC,68,0.12309729131981784
Lukowski2019,HALLMARK_UNFOLDED_PROTEIN_RESPONSE,strict,Retina 2,Muller glia,372,0.1161900208412779
Lukowski2019,HALLMARK_UNFOLDED_PROTEIN_RESPONSE,strict,Retina 2,Astrocyte,18,0.5722654604457913
Lukowski2019,HALLMARK_UNFOLDED_PROTEIN_RESPONSE,strict,Retina 2,Microglia,59,0.6251192565530796
Lukowski2019,HALLMARK_UNFOLDED_PROTEIN_RESPONSE,strict,Retina 3,Rod,3002,0.0003219516741145528
Lukowski2019,HALLMARK_UNFOLDED_PROTEIN_RESPONSE,strict,Retina 3,Cone,248,-0.09854528894145285
Lukowski2019,HALLMARK_UNFOLDED_PROTEIN_RESPONSE,strict,Retina 3,Bipolar,910,-0.09548357869672758
Lukowski2019,HALLMARK_UNFOLDED_PROTEIN_RESPONSE,strict,Retina 3,Amacrine,5,-0.3183910536417249
Lukowski2019,HALLMARK_UNFOLDED_PROTEIN_RESPONSE,strict,Retina 3,Horizontal,12,0.054072398759853736
Lukowski2019,HALLMARK_UNFOLDED_PROTEIN_RESPONSE,strict,Retina 3,RGC,122,-0.02182316407996482
Lukowski2019,HALLMARK_UNFOLDED_PROTEIN_RESPONSE,strict,Retina 3,Muller glia,161,0.018855700976323806
Lukowski2019,HALLMARK_UNFOLDED_PROTEIN_RESPONSE,strict,Retina 3,Astrocyte,11,0.3135509980888372
Lukowski2019,HALLMARK_UNFOLDED_PROTEIN_RESPONSE,strict,Retina 3,Microglia,62,0.5372560653691293
Wang2022,HALLMARK_UNFOLDED_PROTEIN_RESPONSE,primary,LGS1,Rod,12909,-0.3380264472421942
Wang2022,HALLMARK_UNFOLDED_PROTEIN_RESPONSE,primary,LGS1,Cone,721,-0.4387309671334431
Wang2022,HALLMARK_UNFOLDED_PROTEIN_RESPONSE,primary,LGS1,Bipolar,2252,-0.3196453235920108
Wang2022,HALLMARK_UNFOLDED_PROTEIN_RESPONSE,primary,LGS1,Amacrine,932,-0.2554466804982358
Wang2022,HALLMARK_UNFOLDED_PROTEIN_RESPONSE,primary,LGS1,Horizontal,243,-0.12148051120385957
Wang2022,HALLMARK_UNFOLDED_PROTEIN_RESPONSE,primary,LGS1,RGC,46,-0.1932808462468978
Wang2022,HALLMARK_UNFOLDED_PROTEIN_RESPONSE,primary,LGS1,Muller glia,944,-0.1290292802916308
Wang2022,HALLMARK_UNFOLDED_PROTEIN_RESPONSE,primary,LGS1,Astrocyte,12,-0.2174354725332216
Wang2022,HALLMARK_UNFOLDED_PROTEIN_RESPONSE,primary,LGS1,Microglia,55,-0.14548529220799736
Wang2022,HALLMARK_UNFOLDED_PROTEIN_RESPONSE,primary,LGS2,Rod,6599,-0.3473433560996051
Wang2022,HALLMARK_UNFOLDED_PROTEIN_RESPONSE,primary,LGS2,Cone,690,-0.4843429707689503
Wang2022,HALLMARK_UNFOLDED_PROTEIN_RESPONSE,primary,LGS2,Bipolar,2673,-0.32728086093687186
Wang2022,HALLMARK_UNFOLDED_PROTEIN_RESPONSE,primary,LGS2,Amacrine,716,-0.3171868695642765
Wang2022,HALLMARK_UNFOLDED_PROTEIN_RESPONSE,primary,LGS2,Horizontal,318,-0.26681669230805827
Wang2022,HALLMARK_UNFOLDED_PROTEIN_RESPONSE,primary,LGS2,RGC,169,-0.21019451113145107
Wang2022,HALLMARK_UNFOLDED_PROTEIN_RESPONSE,primary,LGS2,Muller glia,1167,-0.1077110559098219
Wang2022,HALLMARK_UNFOLDED_PROTEIN_RESPONSE,primary,LGS2,Astrocyte,50,-0.030238451516630516
Wang2022,HALLMARK_UNFOLDED_PROTEIN_RESPONSE,primary,LGS2,Microglia,90,-0.08781638033051554
Wang2022,HALLMARK_UNFOLDED_PROTEIN_RESPONSE,primary,LGS3,Rod,6339,-0.39189285020027
Wang2022,HALLMARK_UNFOLDED_PROTEIN_RESPONSE,primary,LGS3,Cone,451,-0.4967488770800722
Wang2022,HALLMARK_UNFOLDED_PROTEIN_RESPONSE,primary,LGS3,Bipolar,2289,-0.3805278223387683
Wang2022,HALLMARK_UNFOLDED_PROTEIN_RESPONSE,primary,LGS3,Amacrine,503,-0.36622628157169307
Wang2022,HALLMARK_UNFOLDED_PROTEIN_RESPONSE,primary,LGS3,Horizontal,351,-0.2872259341053975
Wang2022,HALLMARK_UNFOLDED_PROTEIN_RESPONSE,primary,LGS3,RGC,126,-0.41126797785580455
Wang2022,HALLMARK_UNFOLDED_PROTEIN_RESPONSE,primary,LGS3,Muller glia,803,-0.3307289323819651
Wang2022,HALLMARK_UNFOLDED_PROTEIN_RESPONSE,primary,LGS3,Astrocyte,95,-0.28751631345010803
Wang2022,HALLMARK_UNFOLDED_PROTEIN_RESPONSE,primary,LGS3,Microglia,59,-0.3431702082257274
Wang2022,HALLMARK_UNFOLDED_PROTEIN_RESPONSE,primary,LVG1,Rod,6212,-0.33705143441038865
Wang2022,HALLMARK_UNFOLDED_PROTEIN_RESPONSE,primary,LVG1,Cone,361,-0.40727669435109703
Wang2022,HALLMARK_UNFOLDED_PROTEIN_RESPONSE,primary,LVG1,Bipolar,1663,-0.2859534512176418
Wang2022,HALLMARK_UNFOLDED_PROTEIN_RESPONSE,primary,LVG1,Amacrine,573,-0.22239566569417543
Wang2022,HALLMARK_UNFOLDED_PROTEIN_RESPONSE,primary,LVG1,Horizontal,223,-0.14624527846117924
Wang2022,HALLMARK_UNFOLDED_PROTEIN_RESPONSE,primary,LVG1,RGC,152,-0.27616506772789773
Wang2022,HALLMARK_UNFOLDED_PROTEIN_RESPONSE,primary,LVG1,Muller glia,756,-0.1968862898757239
Wang2022,HALLMARK_UNFOLDED_PROTEIN_RESPONSE,primary,LVG1,Astrocyte,75,-0.21098861401108218
Wang2022,HALLMARK_UNFOLDED_PROTEIN_RESPONSE,primary,LVG1,Microglia,28,-0.10177435003056695
Lukowski2019,HALLMARK_REACTIVE_OXYGEN_SPECIES_PATHWAY,primary,Retina 1,Rod,1341,0.08517825846488578
Lukowski2019,HALLMARK_REACTIVE_OXYGEN_SPECIES_PATHWAY,primary,Retina 1,Cone,30,0.17291966749115129
Lukowski2019,HALLMARK_REACTIVE_OXYGEN_SPECIES_PATHWAY,primary,Retina 1,Bipolar,295,0.11407779025290991
Lukowski2019,HALLMARK_REACTIVE_OXYGEN_SPECIES_PATHWAY,primary,Retina 1,Amacrine,2,-0.049855365701417964
Lukowski2019,HALLMARK_REACTIVE_OXYGEN_SPECIES_PATHWAY,primary,Retina 1,Horizontal,11,0.03466549834799745
Lukowski2019,HALLMARK_REACTIVE_OXYGEN_SPECIES_PATHWAY,primary,Retina 1,RGC,54,0.21197437124841215
Lukowski2019,HALLMARK_REACTIVE_OXYGEN_SPECIES_PATHWAY,primary,Retina 1,Muller glia,106,0.24689865460652163
Lukowski2019,HALLMARK_REACTIVE_OXYGEN_SPECIES_PATHWAY,primary,Retina 1,Astrocyte,5,0.6546881841202176
Lukowski2019,HALLMARK_REACTIVE_OXYGEN_SPECIES_PATHWAY,primary,Retina 1,Microglia,18,0.6405173754553027
Lukowski2019,HALLMARK_REACTIVE_OXYGEN_SPECIES_PATHWAY,primary,Retina 2,Rod,7403,0.04171271286980633
Lukowski2019,HALLMARK_REACTIVE_OXYGEN_SPECIES_PATHWAY,primary,Retina 2,Cone,159,0.1672130424475141
Lukowski2019,HALLMARK_REACTIVE_OXYGEN_SPECIES_PATHWAY,primary,Retina 2,Bipolar,674,0.07656116556281169
Lukowski2019,HALLMARK_REACTIVE_OXYGEN_SPECIES_PATHWAY,primary,Retina 2,Amacrine,34,0.057859954787185384
Lukowski2019,HALLMARK_REACTIVE_OXYGEN_SPECIES_PATHWAY,primary,Retina 2,Horizontal,16,-0.10808444727973145
Lukowski2019,HALLMARK_REACTIVE_OXYGEN_SPECIES_PATHWAY,primary,Retina 2,RGC,70,-0.10604973833838097
Lukowski2019,HALLMARK_REACTIVE_OXYGEN_SPECIES_PATHWAY,primary,Retina 2,Muller glia,373,0.1308514292096177
Lukowski2019,HALLMARK_REACTIVE_OXYGEN_SPECIES_PATHWAY,primary,Retina 2,Astrocyte,19,0.7230808283621315
Lukowski2019,HALLMARK_REACTIVE_OXYGEN_SPECIES_PATHWAY,primary,Retina 2,Microglia,60,0.8536078817839169
Lukowski2019,HALLMARK_REACTIVE_OXYGEN_SPECIES_PATHWAY,primary,Retina 3,Rod,5957,0.15692245591945134
Lukowski2019,HALLMARK_REACTIVE_OXYGEN_SPECIES_PATHWAY,primary,Retina 3,Cone,348,0.15402884766044952
Lukowski2019,HALLMARK_REACTIVE_OXYGEN_SPECIES_PATHWAY,primary,Retina 3,Bipolar,1097,0.11734745627799889
Lukowski2019,HALLMARK_REACTIVE_OXYGEN_SPECIES_PATHWAY,primary,Retina 3,Amacrine,5,-0.20834244173202948
Lukowski2019,HALLMARK_REACTIVE_OXYGEN_SPECIES_PATHWAY,primary,Retina 3,Horizontal,19,-0.11996620225909797
Lukowski2019,HALLMARK_REACTIVE_OXYGEN_SPECIES_PATHWAY,primary,Retina 3,RGC,180,0.17924834666141298
Lukowski2019,HALLMARK_REACTIVE_OXYGEN_SPECIES_PATHWAY,primary,Retina 3,Muller glia,179,0.1403567913120658
Lukowski2019,HALLMARK_REACTIVE_OXYGEN_SPECIES_PATHWAY,primary,Retina 3,Astrocyte,18,0.5766615715143667
Lukowski2019,HALLMARK_REACTIVE_OXYGEN_SPECIES_PATHWAY,primary,Retina 3,Microglia,107,0.8413363603241022
Lukowski2019,HALLMARK_REACTIVE_OXYGEN_SPECIES_PATHWAY,strict,Retina 1,Rod,931,0.08634299459812647
Lukowski2019,HALLMARK_REACTIVE_OXYGEN_SPECIES_PATHWAY,strict,Retina 1,Cone,21,0.23943106871929215
Lukowski2019,HALLMARK_REACTIVE_OXYGEN_SPECIES_PATHWAY,strict,Retina 1,Bipolar,277,0.11906508589574322
Lukowski2019,HALLMARK_REACTIVE_OXYGEN_SPECIES_PATHWAY,strict,Retina 1,Amacrine,2,-0.049855365701417964
Lukowski2019,HALLMARK_REACTIVE_OXYGEN_SPECIES_PATHWAY,strict,Retina 1,Horizontal,10,0.050616326534615716
Lukowski2019,HALLMARK_REACTIVE_OXYGEN_SPECIES_PATHWAY,strict,Retina 1,RGC,35,0.2448660439797654
Lukowski2019,HALLMARK_REACTIVE_OXYGEN_SPECIES_PATHWAY,strict,Retina 1,Muller glia,99,0.24733424782082206
Lukowski2019,HALLMARK_REACTIVE_OXYGEN_SPECIES_PATHWAY,strict,Retina 1,Astrocyte,5,0.6546881841202176
Lukowski2019,HALLMARK_REACTIVE_OXYGEN_SPECIES_PATHWAY,strict,Retina 1,Microglia,10,0.7142069897400498
Lukowski2019,HALLMARK_REACTIVE_OXYGEN_SPECIES_PATHWAY,strict,Retina 2,Rod,7338,0.04215993559241853
Lukowski2019,HALLMARK_REACTIVE_OXYGEN_SPECIES_PATHWAY,strict,Retina 2,Cone,28,0.10987243402844703
Lukowski2019,HALLMARK_REACTIVE_OXYGEN_SPECIES_PATHWAY,strict,Retina 2,Bipolar,479,0.06989345344558126
Lukowski2019,HALLMARK_REACTIVE_OXYGEN_SPECIES_PATHWAY,strict,Retina 2,Amacrine,34,0.057859954787185384
Lukowski2019,HALLMARK_REACTIVE_OXYGEN_SPECIES_PATHWAY,strict,Retina 2,Horizontal,14,-0.19296427597099908
Lukowski2019,HALLMARK_REACTIVE_OXYGEN_SPECIES_PATHWAY,strict,Retina 2,RGC,68,-0.09475910306284141
Lukowski2019,HALLMARK_REACTIVE_OXYGEN_SPECIES_PATHWAY,strict,Retina 2,Muller glia,372,0.13233124470579777
Lukowski2019,HALLMARK_REACTIVE_OXYGEN_SPECIES_PATHWAY,strict,Retina 2,Astrocyte,18,0.7422879394809188
Lukowski2019,HALLMARK_REACTIVE_OXYGEN_SPECIES_PATHWAY,strict,Retina 2,Microglia,59,0.8567074424538701
Lukowski2019,HALLMARK_REACTIVE_OXYGEN_SPECIES_PATHWAY,strict,Retina 3,Rod,3002,0.14015328528264795
Lukowski2019,HALLMARK_REACTIVE_OXYGEN_SPECIES_PATHWAY,strict,Retina 3,Cone,248,0.15239804341648397
Lukowski2019,HALLMARK_REACTIVE_OXYGEN_SPECIES_PATHWAY,strict,Retina 3,Bipolar,910,0.1364850771820823
Lukowski2019,HALLMARK_REACTIVE_OXYGEN_SPECIES_PATHWAY,strict,Retina 3,Amacrine,5,-0.20834244173202948
Lukowski2019,HALLMARK_REACTIVE_OXYGEN_SPECIES_PATHWAY,strict,Retina 3,Horizontal,12,0.041299409049255366
Lukowski2019,HALLMARK_REACTIVE_OXYGEN_SPECIES_PATHWAY,strict,Retina 3,RGC,122,0.15163119219481921
Lukowski2019,HALLMARK_REACTIVE_OXYGEN_SPECIES_PATHWAY,strict,Retina 3,Muller glia,161,0.1196960210582617
Lukowski2019,HALLMARK_REACTIVE_OXYGEN_SPECIES_PATHWAY,strict,Retina 3,Astrocyte,11,0.6620157516653263
Lukowski2019,HALLMARK_REACTIVE_OXYGEN_SPECIES_PATHWAY,strict,Retina 3,Microglia,62,0.818568392306843
Wang2022,HALLMARK_REACTIVE_OXYGEN_SPECIES_PATHWAY,primary,LGS1,Rod,12909,-0.2934258831693084
Wang2022,HALLMARK_REACTIVE_OXYGEN_SPECIES_PATHWAY,primary,LGS1,Cone,721,-0.23316966162377856
Wang2022,HALLMARK_REACTIVE_OXYGEN_SPECIES_PATHWAY,primary,LGS1,Bipolar,2252,-0.2971900699477223
Wang2022,HALLMARK_REACTIVE_OXYGEN_SPECIES_PATHWAY,primary,LGS1,Amacrine,932,-0.24636980456144497
Wang2022,HALLMARK_REACTIVE_OXYGEN_SPECIES_PATHWAY,primary,LGS1,Horizontal,243,-0.11405221350052472
Wang2022,HALLMARK_REACTIVE_OXYGEN_SPECIES_PATHWAY,primary,LGS1,RGC,46,-0.1545831526901401
Wang2022,HALLMARK_REACTIVE_OXYGEN_SPECIES_PATHWAY,primary,LGS1,Muller glia,944,-0.1577091093544868
Wang2022,HALLMARK_REACTIVE_OXYGEN_SPECIES_PATHWAY,primary,LGS1,Astrocyte,12,0.028580644084146272
Wang2022,HALLMARK_REACTIVE_OXYGEN_SPECIES_PATHWAY,primary,LGS1,Microglia,55,-0.08596217044000842
Wang2022,HALLMARK_REACTIVE_OXYGEN_SPECIES_PATHWAY,primary,LGS2,Rod,6599,-0.28590195902282345
Wang2022,HALLMARK_REACTIVE_OXYGEN_SPECIES_PATHWAY,primary,LGS2,Cone,690,-0.28543983375408544
Wang2022,HALLMARK_REACTIVE_OXYGEN_SPECIES_PATHWAY,primary,LGS2,Bipolar,2673,-0.27013786889870695
Wang2022,HALLMARK_REACTIVE_OXYGEN_SPECIES_PATHWAY,primary,LGS2,Amacrine,716,-0.33108506697492596
Wang2022,HALLMARK_REACTIVE_OXYGEN_SPECIES_PATHWAY,primary,LGS2,Horizontal,318,-0.2613612502765421
Wang2022,HALLMARK_REACTIVE_OXYGEN_SPECIES_PATHWAY,primary,LGS2,RGC,169,-0.22990698718697322
Wang2022,HALLMARK_REACTIVE_OXYGEN_SPECIES_PATHWAY,primary,LGS2,Muller glia,1167,-0.11320073450112922
Wang2022,HALLMARK_REACTIVE_OXYGEN_SPECIES_PATHWAY,primary,LGS2,Astrocyte,50,-0.0038165598505204156
Wang2022,HALLMARK_REACTIVE_OXYGEN_SPECIES_PATHWAY,primary,LGS2,Microglia,90,-0.04163882195972396
Wang2022,HALLMARK_REACTIVE_OXYGEN_SPECIES_PATHWAY,primary,LGS3,Rod,6339,-0.36361056246781776
Wang2022,HALLMARK_REACTIVE_OXYGEN_SPECIES_PATHWAY,primary,LGS3,Cone,451,-0.3826126382526751
Wang2022,HALLMARK_REACTIVE_OXYGEN_SPECIES_PATHWAY,primary,LGS3,Bipolar,2289,-0.32485601986644685
Wang2022,HALLMARK_REACTIVE_OXYGEN_SPECIES_PATHWAY,primary,LGS3,Amacrine,503,-0.2960938652666174
Wang2022,HALLMARK_REACTIVE_OXYGEN_SPECIES_PATHWAY,primary,LGS3,Horizontal,351,-0.25734733311378516
Wang2022,HALLMARK_REACTIVE_OXYGEN_SPECIES_PATHWAY,primary,LGS3,RGC,126,-0.32624914018672363
Wang2022,HALLMARK_REACTIVE_OXYGEN_SPECIES_PATHWAY,primary,LGS3,Muller glia,803,-0.2636235089945605
Wang2022,HALLMARK_REACTIVE_OXYGEN_SPECIES_PATHWAY,primary,LGS3,Astrocyte,95,-0.11097138418294065
Wang2022,HALLMARK_REACTIVE_OXYGEN_SPECIES_PATHWAY,primary,LGS3,Microglia,59,0.0022747176596486654
Wang2022,HALLMARK_REACTIVE_OXYGEN_SPECIES_PATHWAY,primary,LVG1,Rod,6212,-0.28012094935591547
Wang2022,HALLMARK_REACTIVE_OXYGEN_SPECIES_PATHWAY,primary,LVG1,Cone,361,-0.10110140105264757
Wang2022,HALLMARK_REACTIVE_OXYGEN_SPECIES_PATHWAY,primary,LVG1,Bipolar,1663,-0.18947758966081987
Wang2022,HALLMARK_REACTIVE_OXYGEN_SPECIES_PATHWAY,primary,LVG1,Amacrine,573,-0.2231032459390151
Wang2022,HALLMARK_REACTIVE_OXYGEN_SPECIES_PATHWAY,primary,LVG1,Horizontal,223,-0.1181968060956229
Wang2022,HALLMARK_REACTIVE_OXYGEN_SPECIES_PATHWAY,primary,LVG1,RGC,152,-0.1307689427417073
Wang2022,HALLMARK_REACTIVE_OXYGEN_SPECIES_PATHWAY,primary,LVG1,Muller glia,756,0.0018268110373129923
Wang2022,HALLMARK_REACTIVE_OXYGEN_SPECIES_PATHWAY,primary,LVG1,Astrocyte,75,0.1459461806697688
Wang2022,HALLMARK_REACTIVE_OXYGEN_SPECIES_PATHWAY,primary,LVG1,Microglia,28,0.1311488666655202
