rsid,chromosome,GRCh38_position_1based,status,returned_canonical_name
rs10230941,chr7,117996057.0,unique_GRCh38_position,rs10230941
rs10237321,chr7,134835770.0,unique_GRCh38_position,rs10237321
rs10257125,chr7,116522252.0,unique_GRCh38_position,rs10257125
rs1037013,chr12,106825530.0,unique_GRCh38_position,rs1037013
rs10430737,chr10,124590079.0,unique_GRCh38_position,rs10430737
rs10444329,chr11,115168963.0,unique_GRCh38_position,rs10444329
rs10792871,chr11,86657064.0,unique_GRCh38_position,rs10792871
rs10882167,chr10,93169359.0,unique_GRCh38_position,rs10882167
rs10908363,chr1,37611020.0,unique_GRCh38_position,rs10908363
rs1106287,chr1,112699500.0,unique_GRCh38_position,rs1106287
rs112142644,chr5,56487851.0,unique_GRCh38_position,rs112142644
rs11710845,chr3,150347493.0,unique_GRCh38_position,rs11710845
rs11868441,chr17,61161860.0,unique_GRCh38_position,rs11868441
rs12139208,chr1,87747331.0,unique_GRCh38_position,rs12139208
rs12438742,chr15,61655081.0,unique_GRCh38_position,rs12438742
rs12566440,chr1,100629646.0,unique_GRCh38_position,rs12566440
rs12613800,chr2,71424809.0,unique_GRCh38_position,rs12613800
rs12623251,chr2,12811195.0,unique_GRCh38_position,rs12623251
rs12667675,chr7,103984366.0,unique_GRCh38_position,rs12667675
rs12699251,chr7,11639486.0,unique_GRCh38_position,rs12699251
rs13049669,chr21,25844528.0,unique_GRCh38_position,rs13049669
rs13101042,chr3,85123214.0,unique_GRCh38_position,rs13101042
rs13194719,chr6,158550234.0,unique_GRCh38_position,rs13194719
rs1346,chr11,65569780.0,unique_GRCh38_position,rs1346
rs1348518145,chr17,,not_returned_or_ambiguous,
rs1550437,chr15,73928957.0,unique_GRCh38_position,rs1550437
rs1579050,chr2,152508013.0,unique_GRCh38_position,rs1579050
rs1658436,chr10,58567150.0,unique_GRCh38_position,rs1658436
rs17006576,chr2,28143047.0,unique_GRCh38_position,rs17006576
rs172531,chr1,8435530.0,unique_GRCh38_position,rs172531
rs1893261,chr11,120327384.0,unique_GRCh38_position,rs1893261
rs216197,chr17,2298650.0,unique_GRCh38_position,rs216197
rs2218471,chr13,110125592.0,unique_GRCh38_position,rs2218471
rs242559/rs114919114,chr17,,not_returned_or_ambiguous,
rs2431023,chr15,57261634.0,unique_GRCh38_position,rs2431023
rs2439386,chr15,66733065.0,unique_GRCh38_position,rs2439386
rs2472494,chr9,104933258.0,unique_GRCh38_position,rs2472494
rs2627761,chr2,55705879.0,unique_GRCh38_position,rs2627761
rs2790053,chr1,165768467.0,unique_GRCh38_position,rs2790053
rs280875,chr16,77627835.0,unique_GRCh38_position,rs280875
rs2811688,chr6,134051012.0,unique_GRCh38_position,rs2811688
rs2875238,chr11,130412183.0,unique_GRCh38_position,rs2875238
rs2935057,chr6,170139691.0,unique_GRCh38_position,rs2935057
rs3753841,chr1,102914362.0,unique_GRCh38_position,rs3753841
rs3777588,chr6,45952021.0,unique_GRCh38_position,rs3777588
rs3829849,chr9,126628521.0,unique_GRCh38_position,rs3829849
rs407238/rs115586772,chr6,,not_returned_or_ambiguous,
rs4076000,chr1,68371486.0,unique_GRCh38_position,rs4076000
rs4141194,chr11,16989629.0,unique_GRCh38_position,rs4141194
rs4652902,chr1,36147354.0,unique_GRCh38_position,rs4652902
rs4903352,chr14,75905315.0,unique_GRCh38_position,rs4903352
rs56233426,chr3,186411027.0,unique_GRCh38_position,rs56233426
rs5750494,chr22,37780972.0,unique_GRCh38_position,rs5750494
rs5752776,chr22,28712241.0,unique_GRCh38_position,rs5752776
rs57866767,chr10,94263320.0,unique_GRCh38_position,rs57866767
rs61751937,chr9,110549951.0,unique_GRCh38_position,rs61751937
rs62521288,chr8,123542077.0,unique_GRCh38_position,rs62521288
rs6602453,chr10,10798886.0,unique_GRCh38_position,rs6602453
rs6787621,chr3,188349165.0,unique_GRCh38_position,rs6787621
rs687914,chr2,45651621.0,unique_GRCh38_position,rs687914
rs6957752,chr7,35921527.0,unique_GRCh38_position,rs6957752
rs7111873,chr11,47447887.0,unique_GRCh38_position,rs7111873
rs7120067,chr11,102194103.0,unique_GRCh38_position,rs7120067
rs7137828,chr12,111494996.0,unique_GRCh38_position,rs7137828
rs74315329,chr1,171636338.0,unique_GRCh38_position,rs74315329
rs754458,chr14,74618126.0,unique_GRCh38_position,rs754458
rs7760346,chr6,122324153.0,unique_GRCh38_position,rs7760346
rs7805468,chr7,83320213.0,unique_GRCh38_position,rs7805468
rs8141610,chr22,19882624.0,unique_GRCh38_position,rs8141610
rs8176749,chr9,133255801.0,unique_GRCh38_position,rs8176749
rs938604,chr4,7902636.0,unique_GRCh38_position,rs938604
rs941125,chr1,53658200.0,unique_GRCh38_position,rs941125
rs944801,chr9,22051671.0,unique_GRCh38_position,rs944801
rs9530143,chr13,73065233.0,unique_GRCh38_position,rs9530143
rs9544024,chr13,75684584.0,unique_GRCh38_position,rs9544024
rs9913911,chr17,10127866.0,unique_GRCh38_position,rs9913911
