program,comparison,relative_top_type,LODO_same_top_folds,LODO_top_types,comparison_types,score_Rod,score_Cone,score_Bipolar,score_RGC,score_Muller glia,score_Horizontal,score_Microglia
HALLMARK_OXIDATIVE_PHOSPHORYLATION,primary,Cone,3,Cone;Cone;Cone,Rod;Cone;Bipolar;RGC;Muller glia,0.11293583927022155,0.2795468586947785,0.12544581072098607,0.15251461442688097,0.01745111801657906,,
HALLMARK_OXIDATIVE_PHOSPHORYLATION,strict,Cone,3,Cone;Cone;Cone,Rod;Cone;Bipolar;RGC;Muller glia,0.10277171822758469,0.33506317819709014,0.1174806658653577,0.13600159878465293,0.013592552911904162,,
HALLMARK_OXIDATIVE_PHOSPHORYLATION,extended,Microglia,3,Microglia;Microglia;Microglia,Rod;Cone;Bipolar;Horizontal;RGC;Muller glia;Microglia,0.11293583927022155,0.2795468586947785,0.12544581072098607,0.15251461442688097,0.01745111801657906,0.30787254480078863,0.45086046505505983
HALLMARK_CHOLESTEROL_HOMEOSTASIS,primary,Muller glia,3,Muller glia;Muller glia;Muller glia,Rod;Cone;Bipolar;RGC;Muller glia,-0.11245471236697908,-0.2989102925498584,-0.24577065928123729,0.32812391271532987,0.48103466181321713,,
HALLMARK_CHOLESTEROL_HOMEOSTASIS,strict,Muller glia,3,Muller glia;Muller glia;Muller glia,Rod;Cone;Bipolar;RGC;Muller glia,-0.11187922631711977,-0.25150656811319116,-0.25349286354458583,0.33841407943221746,0.4794397741706131,,
HALLMARK_CHOLESTEROL_HOMEOSTASIS,extended,Microglia,3,Microglia;Microglia;Microglia,Rod;Cone;Bipolar;Horizontal;RGC;Muller glia;Microglia,-0.11245471236697908,-0.2989102925498584,-0.24577065928123729,0.32812391271532987,0.48103466181321713,0.2065922706982571,0.7297257315300506
HALLMARK_GLYCOLYSIS,primary,Muller glia,3,Muller glia;Muller glia;Muller glia,Rod;Cone;Bipolar;RGC;Muller glia,-0.07016074375170171,-0.09384697321933944,-0.013806655434852821,0.06539696291510404,0.277056934093958,,
HALLMARK_GLYCOLYSIS,strict,Muller glia,3,Muller glia;Muller glia;Muller glia,Rod;Cone;Bipolar;RGC;Muller glia,-0.06887469453305502,-0.06527747720441186,-0.0139879313285071,0.06453781788625775,0.2790759197345028,,
HALLMARK_GLYCOLYSIS,extended,Microglia,3,Microglia;Microglia;Microglia,Rod;Cone;Bipolar;Horizontal;RGC;Muller glia;Microglia,-0.07016074375170171,-0.09384697321933944,-0.013806655434852821,0.06539696291510404,0.277056934093958,0.08482105230451342,0.33682543052847375
HALLMARK_FATTY_ACID_METABOLISM,primary,Muller glia,3,Muller glia;Muller glia;Muller glia,Rod;Cone;Bipolar;RGC;Muller glia,-0.03898033946688336,-0.1330247684621996,-0.07922184424110028,-0.029153361620679014,0.2567779813125628,,
HALLMARK_FATTY_ACID_METABOLISM,strict,Muller glia,3,Muller glia;Muller glia;Muller glia,Rod;Cone;Bipolar;RGC;Muller glia,-0.0334272588465175,-0.07022057188121167,-0.07713119049046258,-0.034441256216003246,0.2557339777676428,,
HALLMARK_FATTY_ACID_METABOLISM,extended,Microglia,3,Microglia;Microglia;Microglia,Rod;Cone;Bipolar;Horizontal;RGC;Muller glia;Microglia,-0.03898033946688336,-0.1330247684621996,-0.07922184424110028,-0.029153361620679014,0.2567779813125628,-0.04445168080591314,0.47665131392473903
HALLMARK_UNFOLDED_PROTEIN_RESPONSE,primary,Muller glia,3,Muller glia;Muller glia;Muller glia,Rod;Cone;Bipolar;RGC;Muller glia,-0.016923639560343446,-0.09914969370514386,-0.025737536967550028,0.026152224118551448,0.09182880728709171,,
HALLMARK_UNFOLDED_PROTEIN_RESPONSE,strict,Muller glia,3,Muller glia;Muller glia;Muller glia,Rod;Cone;Bipolar;RGC;Muller glia,-0.015716686755914793,-0.05752237283140701,-0.020716012218251034,0.034126539791655176,0.08728727501083992,,
HALLMARK_UNFOLDED_PROTEIN_RESPONSE,extended,Microglia,3,Microglia;Microglia;Microglia,Rod;Cone;Bipolar;Horizontal;RGC;Muller glia;Microglia,-0.016923639560343446,-0.09914969370514386,-0.025737536967550028,0.026152224118551448,0.09182880728709171,0.08633840674973274,0.6153853771641553
HALLMARK_REACTIVE_OXYGEN_SPECIES_PATHWAY,primary,Muller glia,1,Cone;RGC;Muller glia,Rod;Cone;Bipolar;RGC;Muller glia,0.07731653004861035,0.1492258919856583,0.10124345344396908,0.11064851754738465,0.17986141177338663,,
HALLMARK_REACTIVE_OXYGEN_SPECIES_PATHWAY,strict,Muller glia,2,Muller glia;RGC;Muller glia,Rod;Cone;Bipolar;RGC;Muller glia,0.07259809587726777,0.15871398816686533,0.10687759248719357,0.11665598662358034,0.17399040865700233,,
HALLMARK_REACTIVE_OXYGEN_SPECIES_PATHWAY,extended,Microglia,3,Microglia;Microglia;Microglia,Rod;Cone;Bipolar;Horizontal;RGC;Muller glia;Microglia,0.07731653004861035,0.1492258919856583,0.10124345344396908,0.11064851754738465,0.17986141177338663,-0.05301676229219421,0.7998187739255055
