locus,rsid,gene_id,gene,in_Wang_glaucoma_table,gene_link_assessment_status,computed_index_ATAC_types,primary_RNA_type_in_index_ATAC,extended_RNA_type_in_index_ATAC,published_predicted_target_match,published_coaccess_promoter_match,published_HiChIP_target_match,published_retina_eQTL_target_match,any_published_gene_link,source_competing_HiChIP_genes,source_retina_eQTL_genes
chr17:10127866:G:A,rs9913911,ENSG00000007237,GAS7,True,source_assessed,Amacrine;Astrocyte;Bipolar;Muller glia,False,False,False,False,False,True,True,,GAS7
chr22:37780972:G:T,rs5750494,ENSG00000100116,GCAT,True,source_assessed,,False,False,False,False,False,False,False,,
chr13:73065233:G:A,rs9530143,ENSG00000102554,KLF5,True,source_assessed,Amacrine,False,False,False,False,False,False,False,,
chr13:75684584:G:A,rs9544024,ENSG00000136153,LMO7,True,source_assessed,,False,False,False,False,False,False,False,,
chr3:188349165:G:T,rs6787621,ENSG00000145012,LPP,True,source_assessed,Amacrine;Astrocyte;Muller glia,True,True,False,False,False,False,False,,
chr16:77627835:C:T,rs280875,ENSG00000140876,NUDT7,True,source_assessed,,False,False,False,False,False,False,False,,
chr2:45651621:G:T,rs687914,ENSG00000171132,PRKCE,False,not_in_source_table,Amacrine;Bipolar;Cone;Microglia,True,True,False,False,False,False,False,,
chr13:110125592:G:C,rs2218471,ENSG00000275830,RP11-403A3.3,False,not_in_source_table,Cone,False,False,False,False,False,False,False,,
chr1:165768467:G:C,rs2790053,ENSG00000224358,RP11-466F5.8,True,source_assessed,,False,False,False,False,False,False,False,,
chr6:134051012:G:C,rs2811688,ENSG00000146411,SLC2A12,False,not_in_source_table,,False,False,False,False,False,False,False,,
chr6:134051012:G:C,rs2811688,ENSG00000227954,TARID,False,not_in_source_table,,False,False,False,False,False,False,False,,
chr22:37780972:G:T,rs5750494,ENSG00000100106,TRIOBP,True,source_assessed,,False,False,False,False,False,False,False,,
chr22:19882624:C:T,rs8141610,ENSG00000184470,TXNRD2,True,source_assessed,,False,False,False,False,False,False,False,,
chr10:94263320:C:T,rs57866767,ENSG00000138193,PLCE1,True,source_assessed,,False,False,False,False,False,False,False,,
chr10:94263320:C:T,rs57866767,ENSG00000268894,PLCE1-AS1,True,source_assessed,,False,False,False,False,False,False,False,,
chr14:75905315:G:C,rs4903352,ENSG00000119685,TTLL5,False,not_in_source_table,,False,False,False,False,False,False,False,,
chr11:65569780:T:A,rs1346,ENSG00000173727,CMB9-22P13.1,True,source_assessed,Amacrine;Astrocyte;Bipolar;Cone;Horizontal;Microglia;Muller glia;RGC;Rod,False,False,False,False,False,False,False,,"SNX32, NEAT1"
chr11:65569780:T:A,rs1346,ENSG00000168056,LTBP3,True,source_assessed,Amacrine;Astrocyte;Bipolar;Cone;Horizontal;Microglia;Muller glia;RGC;Rod,True,True,False,False,False,False,False,,"SNX32, NEAT1"
chr11:65569780:T:A,rs1346,ENSG00000260233,SSSCA1-AS1,True,source_assessed,Amacrine;Astrocyte;Bipolar;Cone;Horizontal;Microglia;Muller glia;RGC;Rod,False,False,False,True,False,False,True,,"SNX32, NEAT1"
chr14:75905315:G:C,rs4903352,ENSG00000119686,FLVCR2,False,not_in_source_table,,False,False,False,False,False,False,False,,
chr1:165768467:G:C,rs2790053,ENSG00000143183,TMCO1,True,source_assessed,,False,False,False,False,False,False,False,,
chr9:104933258:C:T,rs2472494,ENSG00000226334,RP11-217B7.2,True,source_assessed,Horizontal,False,False,False,False,False,False,False,,
chr11:115168963:G:A,rs10444329,ENSG00000182985,CADM1,False,not_in_source_table,Amacrine;Bipolar;Cone;RGC;Rod,True,True,False,False,False,False,False,,
chr7:116522252:T:A,rs10257125,ENSG00000105971,CAV2,True,source_assessed,Muller glia,True,True,True,False,False,False,True,,
chr13:73065233:G:A,rs9530143,ENSG00000083535,PIBF1,True,source_assessed,Amacrine,False,False,False,False,False,False,False,,
chr14:75905315:G:C,rs4903352,ENSG00000119699,TGFB3,False,not_in_source_table,,False,False,False,False,False,False,False,,
chr5:56487851:G:A,rs112142644,ENSG00000248727,LINC01948,True,source_assessed,,False,False,False,False,False,False,False,,
chr11:65569780:T:A,rs1346,ENSG00000173442,EHBP1L1,True,source_assessed,Amacrine;Astrocyte;Bipolar;Cone;Horizontal;Microglia;Muller glia;RGC;Rod,True,True,False,False,False,False,False,,"SNX32, NEAT1"
chr11:65569780:T:A,rs1346,ENSG00000255557,RP11-770G2.2,True,source_assessed,Amacrine;Astrocyte;Bipolar;Cone;Horizontal;Microglia;Muller glia;RGC;Rod,False,False,False,False,False,False,False,,"SNX32, NEAT1"
chr11:65569780:T:A,rs1346,ENSG00000255320,RP11-755F10.1,True,source_assessed,Amacrine;Astrocyte;Bipolar;Cone;Horizontal;Microglia;Muller glia;RGC;Rod,True,True,False,False,False,False,False,,"SNX32, NEAT1"
chr11:120327384:G:A,rs1893261,ENSG00000181264,TMEM136,False,not_in_source_table,Amacrine;Bipolar;Cone;Muller glia;RGC;Rod,True,True,False,False,False,False,False,,
chr12:111494996:C:T,rs7137828,ENSG00000173064,HECTD4,True,source_assessed,,False,False,False,False,False,False,False,,
chr6:29839124:G:C,rs407238/rs115586772,ENSG00000204642,HLA-F,False,not_in_source_table,,False,False,False,False,False,False,False,,
chr13:73065233:G:A,rs9530143,ENSG00000136122,BORA,True,source_assessed,Amacrine,False,False,False,False,False,False,False,,
chr22:28712241:G:A,rs5752776,ENSG00000183765,CHEK2,True,source_assessed,Bipolar,False,False,False,False,False,False,False,,
chr22:37780972:G:T,rs5750494,ENSG00000189060,H1F0,True,source_assessed,,False,False,False,False,False,False,False,,
chr11:130412183:C:T,rs2875238,ENSG00000134917,ADAMTS8,True,source_assessed,,False,False,False,False,False,False,False,,
chr11:130412183:C:T,rs2875238,ENSG00000175773,RP11-121M22.1,True,source_assessed,,False,False,False,False,False,False,False,,
chr14:74618126:G:A,rs754458,ENSG00000119682,AREL1,True,source_assessed,Microglia,False,False,False,False,False,False,False,YLPM1,"NPC2, LTBP2"
chr12:111494996:C:T,rs7137828,ENSG00000111275,ALDH2,True,source_assessed,,False,False,False,False,False,False,False,,
chr22:19882624:C:T,rs8141610,ENSG00000215012,C22orf29,True,source_assessed,,False,False,False,False,False,False,False,,
chr2:28143047:G:A,rs17006576,ENSG00000138030,KHK,False,not_in_source_table,,False,False,False,False,False,False,False,,
chr11:65569780:T:A,rs1346,ENSG00000174851,YIF1A,True,source_assessed,Amacrine;Astrocyte;Bipolar;Cone;Horizontal;Microglia;Muller glia;RGC;Rod,True,True,False,False,False,False,False,,"SNX32, NEAT1"
chr22:28712241:G:A,rs5752776,ENSG00000100209,HSCB,True,source_assessed,Bipolar,False,False,False,False,False,False,False,,
chr6:134051012:G:C,rs2811688,ENSG00000028839,TBPL1,False,not_in_source_table,,False,False,False,False,False,False,False,,
chr15:61655081:G:C,rs12438742,ENSG00000259616,RP11-507B12.2,True,source_assessed,Astrocyte,False,False,False,False,False,False,False,,
chr15:61655081:G:C,rs12438742,ENSG00000259530,RP11-259A24.1,True,source_assessed,Astrocyte,False,False,False,False,False,False,False,,
chr15:61655081:G:C,rs12438742,ENSG00000259675,RP11-507B12.1,True,source_assessed,Astrocyte,False,False,False,False,False,False,False,,
chr15:61655081:G:C,rs12438742,ENSG00000259284,RP11-162I7.1,True,source_assessed,Astrocyte,False,False,False,False,False,False,False,,
chr11:65569780:T:A,rs1346,ENSG00000214659,KRT8P26,True,source_assessed,Amacrine;Astrocyte;Bipolar;Cone;Horizontal;Microglia;Muller glia;RGC;Rod,False,False,False,False,False,False,False,,"SNX32, NEAT1"
chr11:65569780:T:A,rs1346,ENSG00000176973,FAM89B,True,source_assessed,Amacrine;Astrocyte;Bipolar;Cone;Horizontal;Microglia;Muller glia;RGC;Rod,True,True,False,True,False,False,True,,"SNX32, NEAT1"
chr7:117996057:G:C,rs10230941,ENSG00000077063,CTTNBP2,True,source_assessed,,False,False,False,False,False,False,False,,
chr14:74618126:G:A,rs754458,ENSG00000119681,LTBP2,True,source_assessed,Microglia,False,False,False,False,False,True,True,YLPM1,"NPC2, LTBP2"
chr17:47617876:AT:A,rs1348518145,ENSG00000178852,EFCAB13,False,not_in_source_table,,False,False,False,False,False,False,False,,
chr17:47617876:AT:A,rs1348518145,ENSG00000259207,ITGB3,False,not_in_source_table,,False,False,False,False,False,False,False,,
chr22:37780972:G:T,rs5750494,ENSG00000128310,GALR3,True,source_assessed,,False,False,False,False,False,False,False,,
chr17:47617876:AT:A,rs1348518145,ENSG00000141279,NPEPPS,False,not_in_source_table,,False,False,False,False,False,False,False,,
chr3:186411027:G:A,rs56233426,ENSG00000058866,DGKG,True,source_assessed,,False,False,False,False,False,False,False,,
chr11:65569780:T:A,rs1346,ENSG00000254470,AP5B1,True,source_assessed,Amacrine;Astrocyte;Bipolar;Cone;Horizontal;Microglia;Muller glia;RGC;Rod,True,True,False,False,False,False,False,,"SNX32, NEAT1"
chr14:74618126:G:A,rs754458,ENSG00000119608,PROX2,True,source_assessed,Microglia,False,False,False,False,False,False,False,YLPM1,"NPC2, LTBP2"
chr7:83320213:G:T,rs7805468,ENSG00000170381,SEMA3E,False,not_in_source_table,Amacrine;Bipolar,True,True,False,False,False,False,False,,
chr1:37611020:C:T,rs10908363,ENSG00000183520,UTP11,True,source_assessed,,False,False,False,False,False,False,False,,
chr11:65569780:T:A,rs1346,ENSG00000162241,SLC25A45,True,source_assessed,Amacrine;Astrocyte;Bipolar;Cone;Horizontal;Microglia;Muller glia;RGC;Rod,True,True,False,False,False,False,False,,"SNX32, NEAT1"
chr11:65569780:T:A,rs1346,ENSG00000254614,AP003068.23,True,source_assessed,Amacrine;Astrocyte;Bipolar;Cone;Horizontal;Microglia;Muller glia;RGC;Rod,True,True,False,False,False,False,False,,"SNX32, NEAT1"
chr11:65569780:T:A,rs1346,ENSG00000173825,TIGD3,True,source_assessed,Amacrine;Astrocyte;Bipolar;Cone;Horizontal;Microglia;Muller glia;RGC;Rod,True,True,False,False,False,False,False,,"SNX32, NEAT1"
chr6:170139691:G:A,rs2935057,ENSG00000273100,RP11-302L19.3,True,source_assessed,,False,False,False,False,False,False,False,,
chr2:152508013:G:A,rs1579050,ENSG00000213197,AC012066.1,True,source_assessed,,False,False,False,False,False,False,False,,
chr11:65569780:T:A,rs1346,ENSG00000255200,PGAM1P8,True,source_assessed,Amacrine;Astrocyte;Bipolar;Cone;Horizontal;Microglia;Muller glia;RGC;Rod,False,False,False,False,False,False,False,,"SNX32, NEAT1"
chr22:19882624:C:T,rs8141610,ENSG00000232926,AC000078.5,True,source_assessed,,False,False,False,False,False,False,False,,
chr17:47617876:AT:A,rs1348518145,ENSG00000141295,SCRN2,False,not_in_source_table,,False,False,False,False,False,False,False,,
chr21:25844528:T:A,rs13049669,ENSG00000154723,ATP5J,True,source_assessed,,False,False,False,False,False,False,False,,
chr6:29839124:G:C,rs407238/rs115586772,ENSG00000204622,HLA-J,False,not_in_source_table,,False,False,False,False,False,False,False,,
chr6:29839124:G:C,rs407238/rs115586772,ENSG00000227262,HCG4B,False,not_in_source_table,,False,False,False,False,False,False,False,,
chr15:73928957:C:T,rs1550437,ENSG00000129038,LOXL1,True,source_assessed,Amacrine;Muller glia,False,False,True,True,False,False,True,,
chr11:65569780:T:A,rs1346,ENSG00000245532,NEAT1,True,source_assessed,Amacrine;Astrocyte;Bipolar;Cone;Horizontal;Microglia;Muller glia;RGC;Rod,True,True,False,False,False,True,True,,"SNX32, NEAT1"
chr1:37611020:C:T,rs10908363,ENSG00000183386,FHL3,True,source_assessed,,False,False,False,False,False,False,False,,
chr1:37611020:C:T,rs10908363,ENSG00000183431,SF3A3,True,source_assessed,,False,False,False,False,False,False,False,,
chr17:45948522:C:A,rs242559/rs114919114,ENSG00000204650,LINC02210,False,not_in_source_table,,False,False,False,False,False,False,False,,
chr17:45948522:C:A,rs242559/rs114919114,ENSG00000120071,KANSL1,False,not_in_source_table,,False,False,False,False,False,False,False,,
chr17:45948522:C:A,rs242559/rs114919114,ENSG00000264070,DND1P1,False,not_in_source_table,,False,False,False,False,False,False,False,,
chr17:45948522:C:A,rs242559/rs114919114,ENSG00000176681,LRRC37A,False,not_in_source_table,,False,False,False,False,False,False,False,,
chr17:45948522:C:A,rs242559/rs114919114,ENSG00000238083,LRRC37A2,False,not_in_source_table,,False,False,False,False,False,False,False,,
chr17:45948522:C:A,rs242559/rs114919114,ENSG00000120088,CRHR1,False,not_in_source_table,,False,False,False,False,False,False,False,,
chr17:45948522:C:A,rs242559/rs114919114,ENSG00000214425,LRRC37A4P,False,not_in_source_table,,False,False,False,False,False,False,False,,
chr17:45948522:C:A,rs242559/rs114919114,ENSG00000261575,RP11-259G18.1,False,not_in_source_table,,False,False,False,False,False,False,False,,
chr17:45948522:C:A,rs242559/rs114919114,ENSG00000280022,RP11-707O23.1,False,not_in_source_table,,False,False,False,False,False,False,False,,
chr2:28143047:G:A,rs17006576,ENSG00000138002,IFT172,False,not_in_source_table,,False,False,False,False,False,False,False,,
chr1:100629646:G:A,rs12566440,ENSG00000162692,VCAM1,True,source_assessed,,False,False,False,False,False,False,False,,
chr17:45948522:C:A,rs242559/rs114919114,ENSG00000214401,KANSL1-AS1,False,not_in_source_table,,False,False,False,False,False,False,False,,
chr2:55705879:C:T,rs2627761,ENSG00000115380,EFEMP1,True,source_assessed,,False,False,False,False,False,False,False,,
chr15:73928957:C:T,rs1550437,ENSG00000261801,LOXL1-AS1,True,source_assessed,Amacrine;Muller glia,False,False,True,False,False,False,True,,
chr17:45948522:C:A,rs242559/rs114919114,ENSG00000185829,ARL17A,False,not_in_source_table,,False,False,False,False,False,False,False,,
chr22:28712241:G:A,rs5752776,ENSG00000159873,CCDC117,True,source_assessed,Bipolar,False,False,False,False,False,False,False,,
chr22:28712241:G:A,rs5752776,ENSG00000226471,CTA-292E10.6,True,source_assessed,Bipolar,False,False,False,False,False,False,False,,
chr10:124590079:C:T,rs10430737,ENSG00000107902,LHPP,False,not_in_source_table,Astrocyte;Horizontal;Muller glia,False,True,False,False,False,False,False,,
chr17:45948522:C:A,rs242559/rs114919114,ENSG00000262539,RP11-259G18.3,False,not_in_source_table,,False,False,False,False,False,False,False,,
chr17:45948522:C:A,rs242559/rs114919114,ENSG00000159314,ARHGAP27,False,not_in_source_table,,False,False,False,False,False,False,False,,
chr6:29839124:G:C,rs407238/rs115586772,ENSG00000280128,XXbac-BPG283O16.9,False,not_in_source_table,,False,False,False,False,False,False,False,,
chr1:37611020:C:T,rs10908363,ENSG00000204084,INPP5B,True,source_assessed,,False,False,False,False,False,False,False,,
chr1:8435530:G:A,rs172531,ENSG00000142599,RERE,True,source_assessed,,False,False,False,False,False,False,False,,
chr17:45948522:C:A,rs242559/rs114919114,ENSG00000186868,MAPT,False,not_in_source_table,,False,False,False,False,False,False,False,,
chr1:37611020:C:T,rs10908363,ENSG00000116922,C1orf109,True,source_assessed,,False,False,False,False,False,False,False,,
chr17:45948522:C:A,rs242559/rs114919114,ENSG00000232300,FAM215B,False,not_in_source_table,,False,False,False,False,False,False,False,,
chr8:123542077:T:A,rs62521288,ENSG00000147689,FAM83A,True,source_assessed,Amacrine;Bipolar;Muller glia;RGC;Rod,False,False,False,False,False,False,False,ANXA13,
chr17:45948522:C:A,rs242559/rs114919114,ENSG00000263503,MAPK8IP1P2,False,not_in_source_table,,False,False,False,False,False,False,False,,
chr1:8435530:G:A,rs172531,ENSG00000232912,RP5-1115A15.1,True,source_assessed,,False,False,False,False,False,False,False,,
chr11:102194103:C:A,rs7120067,ENSG00000137693,YAP1,False,not_in_source_table,,False,False,False,False,False,False,False,,
chr1:37611020:C:T,rs10908363,ENSG00000197982,C1orf122,True,source_assessed,,False,False,False,False,False,False,False,,
chr17:45948522:C:A,rs242559/rs114919114,ENSG00000236234,AC091132.1,False,not_in_source_table,,False,False,False,False,False,False,False,,
chr17:45948522:C:A,rs242559/rs114919114,ENSG00000264589,MAPT-AS1,False,not_in_source_table,,False,False,False,False,False,False,False,,
chr2:12811195:C:T,rs12623251,ENSG00000071575,TRIB2,False,not_in_source_table,,False,False,False,False,False,False,False,,
chr6:29839124:G:C,rs407238/rs115586772,ENSG00000234127,TRIM26,False,not_in_source_table,,False,False,False,False,False,False,False,,
chr15:61655081:G:C,rs12438742,ENSG00000069667,RORA,True,source_assessed,Astrocyte,False,False,False,False,False,False,False,,
chr8:123542077:T:A,rs62521288,ENSG00000156787,TBC1D31,True,source_assessed,Amacrine;Bipolar;Muller glia;RGC;Rod,True,True,False,False,False,False,False,ANXA13,
chr17:45948522:C:A,rs242559/rs114919114,ENSG00000073969,NSF,False,not_in_source_table,,False,False,False,False,False,False,False,,
chr17:45948522:C:A,rs242559/rs114919114,ENSG00000262500,MAPK8IP1P1,False,not_in_source_table,,False,False,False,False,False,False,False,,
chr1:68371486:C:A,rs4076000,ENSG00000116729,WLS,True,source_assessed,,False,False,False,False,False,False,False,,
chr17:45948522:C:A,rs242559/rs114919114,ENSG00000225190,PLEKHM1,False,not_in_source_table,,False,False,False,False,False,False,False,,
chr9:133255801:C:T,rs8176749,ENSG00000175164,ABO,False,not_in_source_table,,False,False,False,False,False,False,False,,
chr17:45948522:C:A,rs242559/rs114919114,ENSG00000181513,ACBD4,False,not_in_source_table,,False,False,False,False,False,False,False,,
chr9:126628521:C:T,rs3829849,ENSG00000224842,RP11-123K19.1,True,source_assessed,,False,False,False,False,False,False,False,,
chr17:45948522:C:A,rs242559/rs114919114,ENSG00000267121,CTD-2020K17.1,False,not_in_source_table,,False,False,False,False,False,False,False,,
chr3:150347493:C:T,rs11710845,ENSG00000196428,TSC22D2,True,source_assessed,Muller glia,True,True,False,False,False,False,False,,
chr17:45948522:C:A,rs242559/rs114919114,ENSG00000279685,MAPT-IT1,False,not_in_source_table,,False,False,False,False,False,False,False,,
chr6:29839124:G:C,rs407238/rs115586772,ENSG00000231130,HLA-T,False,not_in_source_table,,False,False,False,False,False,False,False,,
chr17:45948522:C:A,rs242559/rs114919114,ENSG00000267344,CTB-39G8.3,False,not_in_source_table,,False,False,False,False,False,False,False,,
chr10:58567150:G:A,rs1658436,ENSG00000122870,BICC1,True,source_assessed,,False,False,False,False,False,False,False,,
chr2:28143047:G:A,rs17006576,ENSG00000115226,FNDC4,False,not_in_source_table,,False,False,False,False,False,False,False,,
chr17:45948522:C:A,rs242559/rs114919114,ENSG00000274883,Metazoa_SRP,False,not_in_source_table,,False,False,False,False,False,False,False,,
chr6:29839124:G:C,rs407238/rs115586772,ENSG00000281831,HCP5B,False,not_in_source_table,,False,False,False,False,False,False,False,,
chr6:29839124:G:C,rs407238/rs115586772,ENSG00000206503,HLA-A,False,not_in_source_table,,False,False,False,False,False,False,False,,
chr6:29839124:G:C,rs407238/rs115586772,ENSG00000206341,HLA-H,False,not_in_source_table,,False,False,False,False,False,False,False,,
chr6:29839124:G:C,rs407238/rs115586772,ENSG00000243753,HLA-L,False,not_in_source_table,,False,False,False,False,False,False,False,,
chr7:11639486:G:A,rs12699251,ENSG00000005108,THSD7A,True,source_assessed,,False,False,False,False,False,False,False,,
chr6:29839124:G:C,rs407238/rs115586772,ENSG00000137312,FLOT1,False,not_in_source_table,,False,False,False,False,False,False,False,,
chr17:47617876:AT:A,rs1348518145,ENSG00000263293,THCAT158,False,not_in_source_table,,False,False,False,False,False,False,False,,
chr17:45948522:C:A,rs242559/rs114919114,ENSG00000184922,FMNL1,False,not_in_source_table,,False,False,False,False,False,False,False,,
chr6:29839124:G:C,rs407238/rs115586772,ENSG00000227766,HCG4P5,False,not_in_source_table,,False,False,False,False,False,False,False,,
chr11:47447887:G:A,rs7111873,ENSG00000165916,PSMC3,False,not_in_source_table,,False,False,False,False,False,False,False,,
chr11:47447887:G:A,rs7111873,ENSG00000165917,RAPSN,False,not_in_source_table,,False,False,False,False,False,False,False,,
chr11:47447887:G:A,rs7111873,ENSG00000165915,SLC39A13,False,not_in_source_table,,False,False,False,False,False,False,False,,
chr2:71424809:T:A,rs12613800,ENSG00000075292,ZNF638,False,not_in_source_table,,False,False,False,False,False,False,False,,
chr11:47447887:G:A,rs7111873,ENSG00000109919,MTCH2,False,not_in_source_table,,False,False,False,False,False,False,False,,
chr6:29839124:G:C,rs407238/rs115586772,ENSG00000204625,HCG9,False,not_in_source_table,,False,False,False,False,False,False,False,,
chr6:45952021:G:A,rs3777588,ENSG00000112782,CLIC5,False,not_in_source_table,Muller glia,True,True,False,False,False,False,False,,
chr11:47447887:G:A,rs7111873,ENSG00000256897,RP11-17G12.2,False,not_in_source_table,,False,False,False,False,False,False,False,,
chr4:7902636:G:A,rs938604,ENSG00000196526,AFAP1,True,source_assessed,Bipolar;Muller glia,True,True,False,False,False,False,False,,
chr17:45948522:C:A,rs242559/rs114919114,ENSG00000266918,RP11-798G7.8,False,not_in_source_table,,False,False,False,False,False,False,False,,
chr6:29839124:G:C,rs407238/rs115586772,ENSG00000230521,HCG4P7,False,not_in_source_table,,False,False,False,False,False,False,False,,
chr1:100629646:G:A,rs12566440,ENSG00000079335,CDC14A,True,source_assessed,,False,False,False,False,False,False,False,,
chr17:45948522:C:A,rs242559/rs114919114,ENSG00000204652,RPS26P8,False,not_in_source_table,,False,False,False,False,False,False,False,,
chr17:45948522:C:A,rs242559/rs114919114,ENSG00000263142,LRRC37A17P,False,not_in_source_table,,False,False,False,False,False,False,False,,
chr2:71424809:T:A,rs12613800,ENSG00000135636,DYSF,False,not_in_source_table,,False,False,False,False,False,False,False,,
chr1:171636338:G:A,rs74315329,ENSG00000135845,PIGC,False,not_in_source_table,,False,False,False,False,False,False,False,,
chr1:53658200:G:T,rs941125,ENSG00000211452,DIO1,True,source_assessed,,False,False,False,False,False,False,False,,
chr17:61161860:G:A,rs11868441,ENSG00000267667,RP11-136H19.1,False,not_in_source_table,Amacrine;Bipolar,False,False,False,False,False,False,False,,
chr2:28143047:G:A,rs17006576,ENSG00000243147,MRPL33,False,not_in_source_table,,False,False,False,False,False,False,False,,
chr8:123542077:T:A,rs62521288,ENSG00000204949,FAM83A-AS1,True,source_assessed,Amacrine;Bipolar;Muller glia;RGC;Rod,False,False,False,False,False,False,False,ANXA13,
chr11:47447887:G:A,rs7111873,ENSG00000110514,MADD,False,not_in_source_table,,False,False,False,False,False,False,False,,
chr22:28712241:G:A,rs5752776,ENSG00000100154,TTC28,True,source_assessed,Bipolar,True,True,False,False,False,False,False,,
chr9:22051671:G:C,rs944801,ENSG00000147889,CDKN2A,True,source_assessed,,False,False,False,False,False,False,False,,
chr17:45948522:C:A,rs242559/rs114919114,ENSG00000233175,CTD-2020K17.3,False,not_in_source_table,,False,False,False,False,False,False,False,,
chr6:29839124:G:C,rs407238/rs115586772,ENSG00000204632,HLA-G,False,not_in_source_table,,False,False,False,False,False,False,False,,
chr6:29839124:G:C,rs407238/rs115586772,ENSG00000214922,HLA-F-AS1,False,not_in_source_table,,False,False,False,False,False,False,False,,
chr11:86657064:C:T,rs10792871,ENSG00000278989,RP11-762L8.6,True,source_assessed,,False,False,False,False,False,False,False,,
chr6:29839124:G:C,rs407238/rs115586772,ENSG00000235290,HLA-W,False,not_in_source_table,,False,False,False,False,False,False,False,,
chr6:29839124:G:C,rs407238/rs115586772,ENSG00000238024,DDX39BP2,False,not_in_source_table,,False,False,False,False,False,False,False,,
chr15:66733065:C:T,rs2439386,ENSG00000137834,SMAD6,True,source_assessed,Muller glia,True,True,False,True,False,False,True,,
chr4:7902636:G:A,rs938604,ENSG00000170801,HTRA3,True,source_assessed,Bipolar;Muller glia,True,True,False,False,False,False,False,,
chr6:29839124:G:C,rs407238/rs115586772,ENSG00000181126,HLA-V,False,not_in_source_table,,False,False,False,False,False,False,False,,
chr11:86657064:C:T,rs10792871,ENSG00000150687,PRSS23,True,source_assessed,,False,False,False,False,False,False,False,,
chr2:71424809:T:A,rs12613800,ENSG00000281195,ZNF638-IT1,False,not_in_source_table,,False,False,False,False,False,False,False,,
chr6:29839124:G:C,rs407238/rs115586772,ENSG00000228078,HLA-U,False,not_in_source_table,,False,False,False,False,False,False,False,,
chr10:93169359:C:T,rs10882167,ENSG00000095464,PDE6C,True,source_assessed,,False,False,False,False,False,False,False,,
chr12:106825530:G:A,rs1037013,ENSG00000260329,RP11-412D9.4,False,not_in_source_table,,False,False,False,False,False,False,False,,
chr14:74618126:G:A,rs754458,ENSG00000119655,NPC2,True,source_assessed,Microglia,False,True,False,False,False,True,True,YLPM1,"NPC2, LTBP2"
chr17:45948522:C:A,rs242559/rs114919114,ENSG00000262372,RP11-669E14.6,False,not_in_source_table,,False,False,False,False,False,False,False,,
chr17:45948522:C:A,rs242559/rs114919114,ENSG00000267198,RP11-798G7.6,False,not_in_source_table,,False,False,False,False,False,False,False,,
chr17:45948522:C:A,rs242559/rs114919114,ENSG00000136448,NMT1,False,not_in_source_table,,False,False,False,False,False,False,False,,
chr6:122324153:C:A,rs7760346,ENSG00000135549,PKIB,False,not_in_source_table,,False,False,False,False,False,False,False,,
chr6:29839124:G:C,rs407238/rs115586772,ENSG00000204525,HLA-C,False,not_in_source_table,,False,False,False,False,False,False,False,,
chr11:47447887:G:A,rs7111873,ENSG00000255197,RP11-750H9.5,False,not_in_source_table,,False,False,False,False,False,False,False,,
chr15:57261634:T:A,rs2431023,ENSG00000137871,ZNF280D,True,source_assessed,Bipolar,True,False,False,False,False,False,False,,LINC00926
chr15:57261634:T:A,rs2431023,ENSG00000140262,TCF12,True,source_assessed,Bipolar,False,False,False,False,False,False,False,,LINC00926
chr11:16989629:C:A,rs4141194,ENSG00000272034,SNORD14A,True,source_assessed,Amacrine;Astrocyte;Bipolar;Cone;Horizontal;Microglia;Muller glia;RGC;Rod,False,False,False,False,False,False,False,,"PLEKHA7, OR7E14P, NCR3LG1"
chr1:87747331:C:T,rs12139208,ENSG00000143013,LMO4,True,source_assessed,,False,False,False,False,False,False,False,,
chr6:29839124:G:C,rs407238/rs115586772,ENSG00000235821,IFITM4P,False,not_in_source_table,,False,False,False,False,False,False,False,,
chr11:16989629:C:A,rs4141194,ENSG00000166689,PLEKHA7,True,source_assessed,Amacrine;Astrocyte;Bipolar;Cone;Horizontal;Microglia;Muller glia;RGC;Rod,True,True,True,True,False,True,True,,"PLEKHA7, OR7E14P, NCR3LG1"
chr6:29839124:G:C,rs407238/rs115586772,ENSG00000273340,MICE,False,not_in_source_table,,False,False,False,False,False,False,False,,
chr6:29839124:G:C,rs407238/rs115586772,ENSG00000176998,HCG4,False,not_in_source_table,,False,False,False,False,False,False,False,,
chr10:93169359:C:T,rs10882167,ENSG00000237417,XRCC6P1,True,source_assessed,,False,False,False,False,False,False,False,,
chr12:106825530:G:A,rs1037013,ENSG00000111785,RIC8B,False,not_in_source_table,,False,False,False,False,False,False,False,,
chr12:111494996:C:T,rs7137828,ENSG00000198270,TMEM116,True,source_assessed,,False,False,False,False,False,False,False,,
chr12:106825530:G:A,rs1037013,ENSG00000151135,TMEM263,False,not_in_source_table,,False,False,False,False,False,False,False,,
chr11:86657064:C:T,rs10792871,ENSG00000151376,ME3,True,source_assessed,,False,False,False,False,False,False,False,,
chr6:29839124:G:C,rs407238/rs115586772,ENSG00000137411,VARS2,False,not_in_source_table,,False,False,False,False,False,False,False,,
chr6:29839124:G:C,rs407238/rs115586772,ENSG00000146112,PPP1R18,False,not_in_source_table,,False,False,False,False,False,False,False,,
chr7:116522252:T:A,rs10257125,ENSG00000237813,AC002066.1,True,source_assessed,Muller glia,False,False,True,False,False,False,True,,
chr6:29839124:G:C,rs407238/rs115586772,ENSG00000272236,XXbac-BPG170G13.32,False,not_in_source_table,,False,False,False,False,False,False,False,,
chr2:28143047:G:A,rs17006576,ENSG00000115216,NRBP1,False,not_in_source_table,,False,False,False,False,False,False,False,,
chr9:110549951:G:C,rs61751937,ENSG00000204193,TXNDC8,False,not_in_source_table,,False,False,False,False,False,False,False,,
chr7:35921527:C:T,rs6957752,ENSG00000122545,SEPT7,True,source_assessed,,False,False,False,False,False,False,False,,
chr17:45948522:C:A,rs242559/rs114919114,ENSG00000265964,RP11-293E1.1,False,not_in_source_table,,False,False,False,False,False,False,False,,
chr7:103984366:G:A,rs12667675,ENSG00000161036,LRWD1,False,not_in_source_table,,False,False,False,False,False,False,False,,
chr6:29839124:G:C,rs407238/rs115586772,ENSG00000204542,C6orf15,False,not_in_source_table,,False,False,False,False,False,False,False,,
chr3:85123214:G:C,rs13101042,ENSG00000175161,CADM2,True,source_assessed,,False,False,False,False,False,False,False,,
chr9:22051671:G:C,rs944801,ENSG00000240498,CDKN2B-AS1,True,source_assessed,,False,False,False,False,False,False,False,,
chr9:22051671:G:C,rs944801,ENSG00000266446,RP11-149I2.4,True,source_assessed,,False,False,False,False,False,False,False,,
chr11:47447887:G:A,rs7111873,ENSG00000149187,CELF1,False,not_in_source_table,,False,False,False,False,False,False,False,,
chr6:158550234:G:A,rs13194719,ENSG00000146433,TMEM181,False,not_in_source_table,,False,False,False,False,False,False,False,,
chr1:53658200:G:T,rs941125,ENSG00000174332,GLIS1,True,source_assessed,,False,False,False,False,False,False,False,,
chr6:29839124:G:C,rs407238/rs115586772,ENSG00000204528,PSORS1C3,False,not_in_source_table,,False,False,False,False,False,False,False,,
chr17:2298650:G:A,rs216197,ENSG00000141258,SGSM2,True,source_assessed,,False,False,False,False,False,False,False,,
chr1:36147354:C:A,rs4652902,ENSG00000171812,COL8A2,True,source_assessed,,False,False,False,False,False,False,False,,
chr7:134835770:C:A,rs10237321,ENSG00000122786,CALD1,True,source_assessed,,False,False,False,False,False,False,False,,
chr17:45948522:C:A,rs242559/rs114919114,ENSG00000265547,RP11-293E1.2,False,not_in_source_table,,False,False,False,False,False,False,False,,
chr1:112699500:G:T,rs1106287,ENSG00000155363,MOV10,True,source_assessed,Muller glia,True,True,True,True,False,True,True,"WNT2B, ST7L","CAPZA1, MOV10"
chr9:126628521:C:T,rs3829849,ENSG00000136944,LMX1B,True,source_assessed,,False,False,False,False,False,False,False,,
chr9:126628521:C:T,rs3829849,ENSG00000233721,RP11-205K6.1,True,source_assessed,,False,False,False,False,False,False,False,,
chr17:47617876:AT:A,rs1348518145,ENSG00000198933,TBKBP1,False,not_in_source_table,,False,False,False,False,False,False,False,,
chr9:126628521:C:T,rs3829849,ENSG00000196814,MVB12B,True,source_assessed,,False,False,False,False,False,False,False,,
chr10:10798886:C:A,rs6602453,ENSG00000225383,SFTA1P,True,source_assessed,,False,False,False,False,False,False,False,,
chr1:102914362:G:A,rs3753841,ENSG00000060718,COL11A1,False,not_in_source_table,,False,False,False,False,False,False,False,,
chr11:120327384:G:A,rs1893261,ENSG00000196914,ARHGEF12,False,not_in_source_table,Amacrine;Bipolar;Cone;Muller glia;RGC;Rod,True,True,False,False,False,False,False,,
chr11:86657064:C:T,rs10792871,ENSG00000254731,CTD-2005H7.1,True,source_assessed,,False,False,False,False,False,False,False,,
chr11:16989629:C:A,rs4141194,ENSG00000070081,NUCB2,True,source_assessed,Amacrine;Astrocyte;Bipolar;Cone;Horizontal;Microglia;Muller glia;RGC;Rod,True,True,False,False,False,False,False,,"PLEKHA7, OR7E14P, NCR3LG1"
chr1:112699500:G:T,rs1106287,ENSG00000134245,WNT2B,True,source_assessed,Muller glia,True,True,False,False,True,False,True,"WNT2B, ST7L","CAPZA1, MOV10"
chr3:186411027:G:A,rs56233426,ENSG00000224406,LINC02052,True,source_assessed,,False,False,False,False,False,False,False,,
