gene_id,gene,n_loci,n_qtl_tissue_contexts,retina_eQTL,strict_retina_eQTL,same_context_agreement,strict_same_context_agreement,loci,Rod,Cone,Bipolar,Amacrine,Horizontal,RGC,Muller glia,Astrocyte,Microglia,atlas_matched,Rod_share,Cone_share,Bipolar_share,Amacrine_share,Horizontal_share,RGC_share,Muller glia_share,Astrocyte_share,Microglia_share,highest_mean_expression_cell,RGC_vs_other_classes_log2
ENSG00000058866,DGKG,1,2,True,True,False,False,chr3:186411027:G:A,0.000739182166667,0,0.001054081,0,0.096565076,0.040922257,0.09372578,0.475580892,0.02203376,True,0.00101171761853,0,0.00144271922017,0,0.132168487187,0.0560102370756,0.128282346643,0.650926915139,0.0301575771167,Astrocyte,-0.917925674455
ENSG00000146411,SLC2A12,1,9,True,False,True,False,chr6:134051012:G:C,0.00224448816667,0,0,0,0,0.020433331,0.09324629,0,0,True,0.0193617029521,0,0,0,0,0.176264723075,0.804373573973,0,0,Muller glia,0.47232893339
ENSG00000171812,COL8A2,1,1,True,False,False,False,chr1:36147354:C:A,0,0,0,0,0,0.01274941,0,0.138750139,0.084928295,True,0,0,0,0,0,0.0539251628924,0,0.586860399573,0.359214437535,Astrocyte,-0.738643422853
ENSG00000119655,NPC2,1,1,True,False,False,False,chr14:74618126:G:A,0.600348164167,0.963836523,0.469674075,0.046904315,0.421242942,0.427772522,3.206272897,3.654637908,11.4794086,True,0.0282249835279,0.0453141553668,0.0220814251156,0.00220517625818,0.0198044664893,0.0201114505012,0.150740861895,0.171820455047,0.539697025799,Microglia,-2.57871799683
ENSG00000165916,PSMC3,1,13,True,False,False,False,chr11:47447887:G:A,0.781360212,0.922609952,1.16741004833,1.032418414,1.304534977,0.900888869,0.981937848,0.558262979,0.713898347,True,0.0934270191967,0.110316210594,0.139586888763,0.123445977287,0.155982877637,0.107719026853,0.117410030311,0.0667513462483,0.08536062311,Horizontal,-0.0496829762395
ENSG00000224358,RP11-466F5.8,1,25,True,False,False,False,chr1:165768467:G:C,0.0281612115,0.030279088,0.016071311,0,0,0.01117818,0.010920336,0,0,True,0.291493371557,0.313415260873,0.166352240518,0,0,0.115704019909,0.113035107143,0,0,Cone,0.0344126584532
ENSG00000145012,LPP,1,37,False,False,True,True,chr3:188349165:G:T,0.0304933863333,0.145529176,0.089880524,0.393557881,0.036758219,0.276167483,0.349396896,0.22252138,0.096431818,True,0.0185851789359,0.0886974554677,0.0547805876047,0.239866558607,0.0224034834968,0.168319189995,0.212951220335,0.135622840283,0.058773485275,Amacrine,0.664292258109
ENSG00000175773,RP11-121M22.1,1,9,False,False,True,True,chr11:130412183:C:T,0.00891415983333,0.049012881,0.0143168826667,0,0,0.013760271,0.016122038,0,0,True,0.0872857013827,0.47992449932,0.140188101687,0,0,0.134737869626,0.157863827984,0,0,Cone,0.175022697514
ENSG00000175164,ABO,1,13,False,False,True,False,chr9:133255801:C:T,0,0,0,0,0,0.025175283,0,0,0,True,0,0,0,0,0,1,0,0,0,RGC,1.8145620306
ENSG00000134917,ADAMTS8,1,3,False,False,True,False,chr11:130412183:C:T,0.000315596166667,0,0.00171360133333,0,0,0.004667161,0,0,0,True,0.0471295207189,0,0.255900476854,0,0,0.696970002427,0,0,0,RGC,0.516452133092
ENSG00000122786,CALD1,1,1,False,False,True,False,chr7:134835770:C:A,0.0410127953333,0.020447007,1.573017561,0.298290156,0.445318781,0.769782045,1.957479864,1.728553855,0,True,0.00600137299997,0.00299199590622,0.230178534341,0.0436485851263,0.0651631786361,0.112641655931,0.286436628089,0.252938048969,0,Muller glia,0.0219364432571
ENSG00000183765,CHEK2,1,1,False,False,True,False,chr22:28712241:G:A,0.00422772266667,0,0.0109303096667,0,0,0.008924853,0.008544893,0,0.054128694,True,0.0487309194687,0,0.125988406083,0,0,0.10287247464,0.0984928590361,0,0.623915340772,Microglia,-0.0600322587175
ENSG00000007237,GAS7,1,3,False,False,True,False,chr17:10127866:G:A,0.328895234333,1.302313595,0.824068952,0,0.091775924,1.049540131,0.178092703,0.552130865,0.132527463,True,0.0737541598863,0.292041462086,0.184795968133,0,0.0205805845321,0.235357471159,0.0399369656975,0.123814345252,0.0297190432547,Cone,1.28029191592
ENSG00000136944,LMX1B,1,1,False,False,True,False,chr9:126628521:C:T,,,,,,,,,,False,,,,,,,,,,,
ENSG00000140262,TCF12,1,1,False,False,True,False,chr15:57261634:T:A,0.211938032833,0.412816678,0.188835490667,0.225840497,0.124611899,0.305247041,0.439113764,0.309008426,0.185412514,True,0.0882037147222,0.171804767705,0.0785889702075,0.0939895992418,0.0518605945495,0.127036769023,0.182749007588,0.128602170593,0.0771644063698,Muller glia,0.211830800422
ENSG00000143183,TMCO1,1,13,False,False,True,False,chr1:165768467:G:C,1.54108443467,1.801496166,1.65010871,1.307112843,1.558553476,1.11602089,4.670022305,2.425040105,0.980606622,True,0.0903859423716,0.105659316894,0.0967803109382,0.0766633050357,0.0914105168386,0.0654555957999,0.273900869698,0.142230711211,0.0575134312122,Muller glia,-0.830030435337
ENSG00000071575,TRIB2,1,3,False,False,True,False,chr2:12811195:C:T,0.606868889667,0.371945353,0.662703989667,0.3767255,0.202027426,0.317679108,0.815904954,0.244170223,0.01897072,True,0.167782563835,0.102832664511,0.183219433956,0.104154243739,0.0558550291117,0.0878295396662,0.225575288763,0.0675063538843,0.00524488253328,Muller glia,-0.366376115534
ENSG00000232926,AC000078.5,1,2,False,False,False,False,chr22:19882624:C:T,,,,,,,,,,False,,,,,,,,,,,
ENSG00000237813,AC002066.1,1,1,False,False,False,False,chr7:116522252:T:A,,,,,,,,,,False,,,,,,,,,,,
ENSG00000213197,AC012066.1,1,1,False,False,False,False,chr2:152508013:G:A,,,,,,,,,,False,,,,,,,,,,,
ENSG00000236234,AC091132.1,1,4,False,False,False,False,chr17:45948522:C:A,,,,,,,,,,False,,,,,,,,,,,
ENSG00000181513,ACBD4,1,1,False,False,False,False,chr17:45948522:C:A,0.200347518333,0.250722297,0.218733134,0.15194725,0.181605373,0.311649286,0.244498721,0.241441545,0.131764069,True,0.103661491871,0.129725826247,0.113174364128,0.0786187857563,0.0939641481638,0.161249963044,0.126505695654,0.124923887066,0.0681758380694,RGC,0.597126441067
ENSG00000196526,AFAP1,1,5,False,False,False,False,chr4:7902636:G:A,0.0012975895,0.012436286,0.016149111,0,0.088558302,0.071957522,0.091832373,0.046758688,0.010414009,True,0.00382314279403,0.0366415551339,0.0475808083756,0,0.260923068615,0.212011488773,0.2705696024,0.137767098983,0.0306832349255,Muller glia,0.916158009557
ENSG00000111275,ALDH2,1,2,False,False,False,False,chr12:111494996:C:T,0.4913065465,0.428396357,0.890442449667,0.494500315,0.602727021,0.308970885,1.062688329,1.300459109,1.276977996,True,0.0716559129655,0.0624806086762,0.129868952752,0.0721217166461,0.087906329086,0.0450626823562,0.154990612185,0.189668925427,0.186244259907,Astrocyte,-1.37696770763
ENSG00000254614,AP003068.23,1,4,False,False,False,False,chr11:65569780:T:A,0.0253650681667,0.018215228,0.00139819566667,0.037563906,0,0.073361954,0.00757746,0,0,True,0.15515529148,0.111420517033,0.00855260686793,0.229774221234,0,0.448746886136,0.046350477249,0,0,RGC,1.97090944539
ENSG00000254470,AP5B1,1,1,False,False,False,False,chr11:65569780:T:A,0.0418031741667,0.015069527,0.02594451,0,0,0.028149821,0.025973177,0.12489956,0.018125614,True,0.149315510703,0.0538263939261,0.0926704212733,0,0,0.100547505844,0.0927728160754,0.446125012269,0.06474233991,Astrocyte,-0.120633357327
ENSG00000119682,AREL1,1,1,False,False,False,False,chr14:74618126:G:A,0.0642747226667,0.090316603,0.08607948,0.138047474,0.036771465,0.092695856,0.06313411,0,0,True,0.112502197048,0.158084171286,0.150667793169,0.241629111376,0.0643623251806,0.162248657397,0.110505744544,0,0,Amacrine,0.556500785264
ENSG00000159314,ARHGAP27,1,15,False,False,False,False,chr17:45948522:C:A,0.0205868493333,0.016621961,0.04090884,0,0,0.025704757,0.020481486,0,0.430783175,True,0.0370876039234,0.0299447815455,0.0736980598788,0,0,0.0463076127448,0.0368977898575,0,0.77606415205,Microglia,-1.09315941856
ENSG00000196914,ARHGEF12,1,1,False,False,False,False,chr11:120327384:G:A,0.5098366435,0.948190277,1.53317799367,1.630152186,0.888889536,1.583475718,0.545521086,0.649092119,0.116125584,True,0.060662621293,0.112819877545,0.182424306276,0.193962725061,0.105764012809,0.188408952225,0.0649085142649,0.077231854362,0.013817136164,Amacrine,0.885374648917
ENSG00000185829,ARL17A,1,35,False,False,False,False,chr17:45948522:C:A,0.247938298833,0.180429176,0.241433045667,0.221392601,0.416388952,0.187205014,0.130760925,0.311959727,0.052333325,True,0.12460206157,0.0906751695997,0.121332829025,0.111261449444,0.209257392175,0.094080385283,0.0657142559438,0.156776203168,0.0263002537909,Horizontal,-0.254985988132
ENSG00000154723,ATP5J,1,39,False,False,False,False,chr21:25844528:T:A,5.406905706,9.841088692,4.72173273067,5.99542156,4.40226941,6.534826638,3.820492228,2.828994451,1.854799951,True,0.119077708498,0.216732888327,0.103987963594,0.132038748161,0.0969523387385,0.143918208269,0.0841397066239,0.0623036899286,0.0408487478601,Cone,0.426740413615
ENSG00000122870,BICC1,1,3,False,False,False,False,chr10:58567150:G:A,0.00400861366667,0,0.008874831,0.083438254,0,0.116927573,0.308845165,0.096944315,0,True,0.00647554560336,0,0.0143364708205,0.134786802563,0,0.188885708181,0.498910874591,0.15660459824,0,Muller glia,0.802710782936
ENSG00000136122,BORA,1,1,False,False,False,False,chr13:73065233:G:A,0.0477178136667,0.014791661,0.0280308096667,0.081601841,0.041530654,0,0.02435653,0,0.095509011,True,0.143065461321,0.0443477108874,0.0840407472181,0.244655069674,0.124515389891,0,0.0730246826681,0,0.286350938341,Microglia,-2.36994911713
ENSG00000116922,C1orf109,1,1,False,False,False,False,chr1:37611020:C:T,0.173582492833,0.154631634,0.176636221667,0.441179789,0.428692516,0.174617991,0.118938219,0.046758688,0.049506119,True,0.0983724550065,0.0876326477974,0.100103060423,0.250024862731,0.242948090867,0.098959291243,0.0674045199268,0.0264990256584,0.0280560463465,Amacrine,-0.177168841193
ENSG00000197982,C1orf122,1,1,False,False,False,False,chr1:37611020:C:T,2.09985973917,4.372575499,2.95574733867,1.492061168,1.680518808,2.187888053,1.293102477,0.863603227,0.620831664,True,0.119539865012,0.248919999348,0.168263446974,0.0849393829909,0.0956678142408,0.124551101028,0.0736131526616,0.0491628137127,0.0353424240322,Cone,0.185808148505
ENSG00000215012,C22orf29,1,2,False,False,False,False,chr22:19882624:C:T,0.0885674163333,0.124061484,0.165419107667,0.239734419,0.213459231,0.144527914,0.076029628,0,0.027004901,True,0.0820977749818,0.114999084528,0.153335631106,0.222222383821,0.197866536475,0.133970489977,0.070475842583,0,0.0250322565283,Amacrine,0.285488824821
ENSG00000204542,C6orf15,1,1,False,False,False,False,chr6:29839124:G:C,,,,,,,,,,False,,,,,,,,,,,
ENSG00000182985,CADM1,1,1,False,False,False,False,chr11:115168963:G:A,5.612050384,1.87886503,6.347640856,0.480644469,0.224697606,1.561524109,4.649494116,2.952131057,0.587313343,True,0.231002181573,0.0773374954097,0.261280420746,0.0197841988762,0.00924896136505,0.0642751670204,0.191381618218,0.121515073422,0.0241748833701,Bipolar,-0.859609552261
ENSG00000175161,CADM2,1,1,False,False,False,False,chr3:85123214:G:C,6.4568973265,5.772657118,3.874327828,2.928286599,1.451747411,3.010692196,1.367890172,0.264115629,0.444545811,True,0.252507015859,0.225748737936,0.151511617552,0.114515203402,0.0567728411954,0.117737802483,0.0534934733958,0.010328652594,0.0173846555818,Rod,0.0940473145756
ENSG00000105971,CAV2,1,6,False,False,False,False,chr7:116522252:T:A,0.025504467,0.018796132,0.0571682303333,0,0.033940069,0.486499796,2.277009275,2.274803472,0.008092605,True,0.00492191861228,0.00362732661418,0.0110324743077,0,0.00654984310447,0.093886000472,0.439423193237,0.438997511617,0.00156173203585,Muller glia,-0.265730645979
ENSG00000159873,CCDC117,1,1,False,False,False,False,chr22:28712241:G:A,0.1283409145,0.134732395,0.130669918667,0.046904315,0.410291704,0.201378233,0.089509517,0.278564227,0.043397444,True,0.0876772154964,0.0920436111647,0.0892682950131,0.0320430920255,0.280294357323,0.13757329687,0.061149207496,0.190303582107,0.0296473425049,Horizontal,0.333072890074
ENSG00000079335,CDC14A,1,2,False,False,False,False,chr1:100629646:G:A,0.0356660775,0.100315699,0.0171219226667,0,0,0.017553534,0.176529404,0,0,True,0.10272883136,0.288938825004,0.0493161914479,0,0,0.0505593594939,0.508456792694,0,0,Muller glia,-0.894023031765
ENSG00000147889,CDKN2A,1,1,False,False,False,False,chr9:22051671:G:C,0,0,0.0117896706667,0,0,0,0.012978282,0,0.278184398,True,0,0,0.0389159240413,0,0,0,0.0428393507145,0,0.918244725244,Microglia,-2.25909298904
ENSG00000240498,CDKN2B-AS1,1,2,False,False,False,False,chr9:22051671:G:C,0.000179955333333,0.013081742,0.001919677,0,0,0,0,0,0.012104105,True,0.00659527843125,0.47943969905,0.0703552602668,0,0,0,0,0,0.443609762252,Cone,-0.423382921109
ENSG00000149187,CELF1,1,2,False,False,False,False,chr11:47447887:G:A,0.311545460333,0.585564151,0.963892447333,1.679841337,2.123671616,1.151872755,0.70640709,0.601928188,0.69477242,True,0.0353246352449,0.0663942913,0.109291109814,0.190469096983,0.240792868992,0.130605289114,0.0800960885835,0.0682497304309,0.0787768895379,Horizontal,0.262698377614
ENSG00000112782,CLIC5,1,2,False,False,False,False,chr6:45952021:G:A,0.00196675633333,0.009041559,0.0100497293333,0.041557751,0,0,0.839840053,0,0,True,0.00217933800999,0.0100188380555,0.0111359789492,0.0460496223293,0,0,0.930616222656,0,0,Muller glia,-3.61832066934
ENSG00000173727,CMB9-22P13.1,1,19,False,False,False,False,chr11:65569780:T:A,,,,,,,,,,False,,,,,,,,,,,
ENSG00000060718,COL11A1,1,1,False,False,False,False,chr1:102914362:G:A,0.001449286,0.005743601,0,0,0,0.450195461,0.694063101,0.489419144,0,True,0.000883242107076,0.00350033757964,0,0,0,0.274363781593,0.422984666774,0.298267971946,0,Muller glia,1.53472342925
ENSG00000120088,CRHR1,1,16,False,False,False,False,chr17:45948522:C:A,0.000393779833333,0,0.00166095066667,0,0,0,0,0,0,True,0.191645489924,0,0.808354510076,0,0,0,0,0,0,Bipolar,-0.0365865082931
ENSG00000226471,CTA-292E10.6,1,1,False,False,False,False,chr22:28712241:G:A,0.173754898833,0.092622667,0.0834206283333,0.127354291,0,0.04509375,0.057658205,0.227571851,0.289669269,True,0.158369960324,0.084421493704,0.0760342395413,0.116077843837,0,0.0411009729585,0.052552921958,0.207421749002,0.264020818674,Microglia,-1.36090751227
ENSG00000267344,CTB-39G8.3,1,2,False,False,False,False,chr17:45948522:C:A,,,,,,,,,,False,,,,,,,,,,,
ENSG00000254731,CTD-2005H7.1,1,1,False,False,False,False,chr11:86657064:C:T,0.000341090833333,0,0.008425427,0,0.039081125,0,0.004363356,0,0,True,0.00653293062679,0,0.161372645386,0,0.748522837587,0,0.0835715863994,0,0,Horizontal,-0.724770296712
ENSG00000267121,CTD-2020K17.1,1,2,False,False,False,False,chr17:45948522:C:A,0.0320651328333,0.003931374,0.00339434233333,0.039665383,0,0.08780945,0.021375411,0,0.050217814,True,0.134468169859,0.0164865890174,0.0142344958872,0.166340538382,0,0.368237240719,0.0896398094497,0,0.210593156685,RGC,1.76234386804
ENSG00000233175,CTD-2020K17.3,1,1,False,False,False,False,chr17:45948522:C:A,0.001600528,0.005214852,0.0598140133333,0.123283753,0.073186718,0.179285953,0.002922609,0,0,True,0.00359420101968,0.0117106519698,0.134320416584,0.276850258629,0.164350624583,0.402610735387,0.00656311182805,0,0,RGC,2.12970161143
ENSG00000077063,CTTNBP2,1,5,False,False,False,False,chr7:117996057:G:C,0.0133711368333,0.265603371,0.277343993333,2.88630185,1.783023639,0.678675295,1.504896541,1.352292409,0.258908282,True,0.00148231922638,0.0294446903305,0.0307462513295,0.319974343148,0.197665333481,0.0752376892695,0.166832267461,0.149914630486,0.028702475269,Amacrine,-0.61222271703
ENSG00000238024,DDX39BP2,1,1,False,False,False,False,chr6:29839124:G:C,,,,,,,,,,False,,,,,,,,,,,
ENSG00000211452,DIO1,1,1,False,False,False,False,chr1:53658200:G:T,,,,,,,,,,False,,,,,,,,,,,
ENSG00000264070,DND1P1,1,14,False,False,False,False,chr17:45948522:C:A,,,,,,,,,,False,,,,,,,,,,,
ENSG00000135636,DYSF,1,2,False,False,False,False,chr2:71424809:T:A,0.00609903466667,0,0.00398717166667,0,0,0,0.002360604,0,0,True,0.490007841634,0,0.320336822036,0,0,0,0.18965533633,0,0,Rod,-0.208623543581
ENSG00000178852,EFCAB13,1,6,False,False,False,False,chr17:47617876:AT:A,0.0259816616667,0.015210673,0.0515484256667,0,0.033726927,0.100822909,0.054814875,0.138427464,0.015235309,True,0.0596226595318,0.0349054186435,0.118293212819,0,0.0773964772298,0.231368187818,0.1257890535,0.317663037177,0.0349619532816,Astrocyte,1.09533485294
ENSG00000115380,EFEMP1,1,1,False,False,False,False,chr2:55705879:C:T,0.0025099835,0.004608915,0.00613944533333,0,0.024906228,0.00423789,1.154999969,0.060769586,0,True,0.00199494462317,0.00366318352208,0.00487965496863,0,0.019795566637,0.0033682914127,0.917998456131,0.0482999027056,0,Muller glia,-3.54980825365
ENSG00000173442,EHBP1L1,1,1,False,False,False,False,chr11:65569780:T:A,0.000431412666667,0,0.00260600166667,0,0,0.047691287,0.018520234,0,0.094422265,True,0.00263584959228,0,0.0159221760539,0,0,0.291384720726,0.11315511808,0,0.576902135548,Microglia,1.23571955802
ENSG00000232300,FAM215B,1,7,False,False,False,False,chr17:45948522:C:A,0.398787473333,0.216434316,0.615461039,1.837661497,0.789975838,0.343775967,0.685182856,0.440646568,0.179634078,True,0.0724072910608,0.0392976799978,0.11174841129,0.333661661367,0.143434822451,0.0624189277919,0.124407705361,0.0800075890986,0.0326159115819,Amacrine,-0.889700217627
ENSG00000147689,FAM83A,1,3,False,False,False,False,chr8:123542077:T:A,,,,,,,,,,False,,,,,,,,,,,
ENSG00000204949,FAM83A-AS1,1,1,False,False,False,False,chr8:123542077:T:A,,,,,,,,,,False,,,,,,,,,,,
ENSG00000176973,FAM89B,1,1,False,False,False,False,chr11:65569780:T:A,0.0162588966667,0.012807357,0.047289708,0.322587594,0.18578075,0.20848653,0.026131535,0,0.057945914,True,0.0185331286771,0.0145988009003,0.0539044107012,0.367709907494,0.211767047671,0.237648824957,0.0297867137368,0,0.0660511658628,Amacrine,1.22296052271
ENSG00000183386,FHL3,1,40,False,False,False,False,chr1:37611020:C:T,0,0.002066973,0.00573246933333,0,0,0.006346668,0.005349248,0.046557536,0.373631304,True,0,0.00470103999151,0.013037696954,0,0,0.0144346056193,0.012166113816,0.105888581342,0.849771962277,Microglia,-1.97283923938
ENSG00000137312,FLOT1,1,6,False,False,False,False,chr6:29839124:G:C,0.296519224167,0.204882119,0.312907990333,1.557072134,0.759403136,1.384242001,0.71184804,1.575529099,1.735394667,True,0.0347301739758,0.0239970668256,0.0366497281019,0.182373963302,0.0889460138888,0.162131024234,0.0833760655586,0.184535757727,0.203260206386,Microglia,0.624775865121
ENSG00000119686,FLVCR2,1,1,False,False,False,False,chr14:75905315:G:C,0.000551435166667,0.001970055,0,0,0,0,0.012854755,0.349467839,0.037289866,True,0.00137127234952,0.00489900193501,0,0,0,0,0.0319663509999,0.869033412511,0.0927299622042,Astrocyte,-2.59136211768
ENSG00000184922,FMNL1,1,1,False,False,False,False,chr17:45948522:C:A,0.000800669166667,0,0.0314189843333,0.043368143,0,0.068951286,0.006066428,0,0.592583037,True,0.00107734325207,0,0.0422759263972,0.058354159447,0,0.0927776487298,0.00816270382584,0,0.797352218348,Microglia,-0.25598375478
ENSG00000115226,FNDC4,1,2,False,False,False,False,chr2:28143047:G:A,0.120966360667,0.243517996,0.161446133333,0.15274874,0.045943636,0.804023123,0.160572094,0.182308758,0,True,0.0646351193136,0.130117287482,0.0862643964257,0.0816171783667,0.024548745438,0.429608117493,0.0857973770305,0.0974117784507,0,RGC,2.50464285304
ENSG00000128310,GALR3,1,1,False,False,False,False,chr22:37780972:G:T,,,,,,,,,,False,,,,,,,,,,,
ENSG00000100116,GCAT,1,57,False,False,False,False,chr22:37780972:G:T,0.00457120466667,0,0.115076214,0.347540533,0.169637977,0.238779526,0.185255896,0.136723256,0.011327248,True,0.00378125555558,0,0.0951899127763,0.287482111833,0.140322866672,0.197516076196,0.153241855711,0.113096133082,0.00936978817461,Amacrine,0.922368529485
ENSG00000174332,GLIS1,1,2,False,False,False,False,chr1:53658200:G:T,0,0,0.00543048533333,0,0,0,0.008989145,0,0,True,0,0,0.376603644324,0,0,0,0.623396355676,0,0,Muller glia,-0.239086834591
ENSG00000189060,H1F0,1,1,False,False,False,False,chr22:37780972:G:T,0.0184155166667,0.01743069,1.611242044,1.050481755,1.970271366,1.155141164,1.024147587,0.420994998,1.234893927,True,0.00216576213265,0.00204994130935,0.18949058387,0.123542208845,0.231714330517,0.135850708734,0.120445171445,0.0495112377898,0.145230055358,Horizontal,0.327554659655
ENSG00000176998,HCG4,1,2,False,False,False,False,chr6:29839124:G:C,,,,,,,,,,False,,,,,,,,,,,
ENSG00000227262,HCG4B,1,10,False,False,False,False,chr6:29839124:G:C,,,,,,,,,,False,,,,,,,,,,,
ENSG00000227766,HCG4P5,1,2,False,False,False,False,chr6:29839124:G:C,,,,,,,,,,False,,,,,,,,,,,
ENSG00000230521,HCG4P7,1,7,False,False,False,False,chr6:29839124:G:C,,,,,,,,,,False,,,,,,,,,,,
ENSG00000204625,HCG9,1,1,False,False,False,False,chr6:29839124:G:C,0,0,0.005608943,0,0,0.01055036,0,0,0,True,0,0,0.347103027897,0,0,0.652896972103,0,0,0,RGC,0.941402153869
ENSG00000281831,HCP5B,1,4,False,False,False,False,chr6:29839124:G:C,0,0,0.00165588833333,0,0,0.020272051,0,0,0,True,0,0,0.0755149997527,0,0,0.924485000247,0,0,0,RGC,1.56842949981
ENSG00000173064,HECTD4,1,1,False,False,False,False,chr12:111494996:C:T,0.200522110833,0.361895073,0.324766310667,0.490052062,0.141950127,0.391832686,0.147709006,0.094112554,0.056134827,True,0.090776098841,0.163829428985,0.147021286554,0.221845931267,0.0642606379192,0.177382147463,0.0668676749543,0.0426046308239,0.0254121631924,Amacrine,0.760839104801
ENSG00000206503,HLA-A,1,27,False,False,False,False,chr6:29839124:G:C,0.076161526,0.038424154,0.894134287667,0.693308631,0.229019631,1.432077784,2.267743061,4.766738405,12.24086016,True,0.00336425270527,0.00169729482629,0.0394962371967,0.0306252455791,0.0101163927985,0.0632586006612,0.100172109575,0.210559233994,0.540710632665,Microglia,-0.883710402229
ENSG00000204525,HLA-C,1,6,False,False,False,False,chr6:29839124:G:C,0.0909599643333,0.030958624,0.656370626,1.227302211,3.145105987,1.073367495,2.825461565,4.87407485,18.61799151,True,0.00279519090544,0.000951355520902,0.0201702058465,0.0377148782275,0.0966488027554,0.0329844792949,0.0868261605865,0.149779848673,0.57212907819,Microglia,-1.86396423693
ENSG00000204642,HLA-F,1,49,False,False,False,False,chr6:29839124:G:C,0.005725823,0.004192598,0.0113424053333,0,0.037261573,0.058102647,0.042676109,0,0.619163462,True,0.00735527713464,0.00538572711803,0.0145702259047,0,0.0478654677044,0.0746374924515,0.0548208718158,0,0.795364937871,Microglia,-0.554869839554
ENSG00000214922,HLA-F-AS1,1,3,False,False,False,False,chr6:29839124:G:C,,,,,,,,,,False,,,,,,,,,,,
ENSG00000204632,HLA-G,1,9,False,False,False,False,chr6:29839124:G:C,0.000887248666667,0,0.00444342533333,0,0,0,0,0,0.010744612,True,0.0551933363218,0,0.276413454375,0,0,0,0,0,0.668393209303,Microglia,-0.264165365955
ENSG00000206341,HLA-H,1,21,False,False,False,False,chr6:29839124:G:C,,,,,,,,,,False,,,,,,,,,,,
ENSG00000204622,HLA-J,1,19,False,False,False,False,chr6:29839124:G:C,,,,,,,,,,False,,,,,,,,,,,
ENSG00000243753,HLA-L,1,14,False,False,False,False,chr6:29839124:G:C,,,,,,,,,,False,,,,,,,,,,,
ENSG00000231130,HLA-T,1,4,False,False,False,False,chr6:29839124:G:C,,,,,,,,,,False,,,,,,,,,,,
ENSG00000228078,HLA-U,1,1,False,False,False,False,chr6:29839124:G:C,,,,,,,,,,False,,,,,,,,,,,
ENSG00000181126,HLA-V,1,2,False,False,False,False,chr6:29839124:G:C,,,,,,,,,,False,,,,,,,,,,,
ENSG00000235290,HLA-W,1,2,False,False,False,False,chr6:29839124:G:C,,,,,,,,,,False,,,,,,,,,,,
ENSG00000100209,HSCB,1,1,False,False,False,False,chr22:28712241:G:A,0.130995773333,0.160928867,0.134905343,0.355304345,0.068801981,0.265781319,0.35865356,0.250189359,0.380352321,True,0.0622037954671,0.0764176283928,0.0640602681282,0.168717495554,0.0326708583411,0.126207177418,0.170307881866,0.118803281352,0.180611613481,Microglia,0.200391485132
ENSG00000170801,HTRA3,1,1,False,False,False,False,chr4:7902636:G:A,0,0,0,0,0,0,0.003429054,0.119112527,0,True,0,0,0,0,0,0,0.0279827791678,0.972017220832,0,Astrocyte,-1.34014621298
ENSG00000235821,IFITM4P,1,2,False,False,False,False,chr6:29839124:G:C,,,,,,,,,,False,,,,,,,,,,,
ENSG00000138002,IFT172,1,1,False,False,False,False,chr2:28143047:G:A,0.348150726167,0.326989309,0.126882556,0.125641601,0.11364101,0.08556457,0.167566939,0,0.011908906,True,0.266507363436,0.250308421219,0.0971278613658,0.0961779175043,0.0869915346342,0.06549918251,0.128271520797,0,0.00911619853391,Rod,-0.766758485219
ENSG00000204084,INPP5B,1,14,False,False,False,False,chr1:37611020:C:T,0.0689990401667,0.047307213,0.0804244623333,0.170737263,0.34440467,0.111513838,0.081853092,0.328343683,0.042412693,True,0.0540746543305,0.0370747358823,0.0630287753262,0.133807056674,0.269910471726,0.087393567046,0.0641483946021,0.257323451412,0.033238893,Horizontal,-0.356352976142
ENSG00000259207,ITGB3,1,3,False,False,False,False,chr17:47617876:AT:A,0,0,0,0,0,0,0,0.205605791,0.02775524,True,0,0,0,0,0,0,0,0.88106308975,0.11893691025,Astrocyte,-1.96975387496
ENSG00000120071,KANSL1,1,14,False,False,False,False,chr17:45948522:C:A,1.16878416733,1.003533458,1.42419770933,2.501155626,1.331733266,1.281763563,0.810096779,1.400473601,0.332807066,True,0.103849968422,0.0891669487293,0.126544225423,0.222235156875,0.118328483125,0.113888525583,0.0719795213433,0.124436267452,0.0295709030468,Amacrine,0.039819176556
ENSG00000214401,KANSL1-AS1,1,5,False,False,False,False,chr17:45948522:C:A,0.194783151,0.168709179,0.159227533333,0.094559094,0.310854329,0.100400607,0.16495078,0.047353866,0.137297335,True,0.141338132638,0.122418392948,0.115538341537,0.0686137671626,0.225561452096,0.0728524733082,0.119691231519,0.0343608107748,0.0996253980156,Horizontal,-0.620382199373
ENSG00000138030,KHK,1,1,False,False,False,False,chr2:28143047:G:A,0.0428118725,0.007993664,0.122387755333,0.270924335,0.14130808,0.221519805,0.076901321,0.116427989,0.015235309,True,0.0421579964592,0.0078715748443,0.120518497667,0.266786442374,0.139149847657,0.218136479661,0.0757267886012,0.11464975628,0.0150026164559,Amacrine,1.08351830118
ENSG00000102554,KLF5,1,7,False,False,False,False,chr13:73065233:G:A,0.000434106333333,0,0.000979299333333,0,0.074908064,0,0,0,0,True,0.0056878665365,0,0.01283124313,0,0.981480890333,0,0,0,0,Horizontal,-0.966444030963
ENSG00000214659,KRT8P26,1,3,False,False,False,False,chr11:65569780:T:A,,,,,,,,,,False,,,,,,,,,,,
ENSG00000107902,LHPP,1,5,False,False,False,False,chr10:124590079:C:T,0.145010749667,0.226505241,0.143179474,0.30030232,0.374796999,0.224001946,0.16838148,0.050853319,0.094590727,True,0.0839366066228,0.13110808237,0.0828766088943,0.17382406311,0.216943835824,0.129659099531,0.0974642920046,0.029435438698,0.0547519729442,Horizontal,0.241365957746
ENSG00000248727,LINC01948,1,1,False,False,False,False,chr5:56487851:G:A,0,0,0.00505130566667,0,0,0,0,0,0,True,0,0,1,0,0,0,0,0,0,Bipolar,-0.0883333836178
ENSG00000224406,LINC02052,1,1,False,False,False,False,chr3:186411027:G:A,,,,,,,,,,False,,,,,,,,,,,
ENSG00000204650,LINC02210,1,30,False,False,False,False,chr17:45948522:C:A,,,,,,,,,,False,,,,,,,,,,,
ENSG00000143013,LMO4,1,1,False,False,False,False,chr1:87747331:C:T,0.0718499678333,0.794811689,4.23090896867,0.252521743,1.153558489,4.981107552,0.820016287,3.86852543,0.613705599,True,0.00428009431868,0.0473468408838,0.252034760567,0.015042691182,0.0687173464919,0.296724003878,0.0488482758872,0.230447614855,0.0365583719357,RGC,1.74818097098
ENSG00000136153,LMO7,1,1,False,False,False,False,chr13:75684584:G:A,0.0863744706667,0.038123905,0.0485461853333,0.045648969,0.073943037,0.12626385,0.048686922,0,0.024628321,True,0.17548094806,0.0774536612671,0.0986278765152,0.0927418054923,0.150224877039,0.256521399583,0.0989138013203,0,0.0500356307233,RGC,1.28951505488
ENSG00000129038,LOXL1,1,5,False,False,False,False,chr15:73928957:C:T,0,0,0.00491791066667,0,0.042883302,0.167650327,0.146459723,0.220820753,0,True,0,0,0.00843940359282,0,0.0735900908944,0.287697127484,0.251332892414,0.378940485615,0,Astrocyte,1.52137375417
ENSG00000261801,LOXL1-AS1,1,3,False,False,False,False,chr15:73928957:C:T,0.000491812666667,0,0,0,0,0.097627282,0.017906672,0,0.025537696,True,0.00347414973753,0,0,0,0,0.689636154421,0.126492187057,0,0.180397508785,RGC,2.79644641246
ENSG00000176681,LRRC37A,1,2,False,False,False,False,chr17:45948522:C:A,0.0269310408333,0.055010994,0.0175298866667,0,0,0.078486413,0,0,0,True,0.151333405704,0.30912288629,0.0985055671369,0,0,0.441038140869,0,0,0,RGC,1.97976970182
ENSG00000263142,LRRC37A17P,1,5,False,False,False,False,chr17:45948522:C:A,,,,,,,,,,False,,,,,,,,,,,
ENSG00000238083,LRRC37A2,1,14,False,False,False,False,chr17:45948522:C:A,0.115782205833,0.059587484,0.109220485667,0.119647663,0.121925662,0.09581857,0.052166592,0,0.048530834,True,0.16021238515,0.0824535416994,0.151132675267,0.165561170034,0.168713326711,0.132587918246,0.0721849620096,0,0.0671540208834,Horizontal,0.260166431311
ENSG00000214425,LRRC37A4P,1,15,False,False,False,False,chr17:45948522:C:A,,,,,,,,,,False,,,,,,,,,,,
ENSG00000161036,LRWD1,1,1,False,False,False,False,chr7:103984366:G:A,0.1431782725,0.113964561,0.101348676667,0.077361255,0.080144874,0.129147955,0.119486257,0.031539971,0.088310163,True,0.161878110466,0.128848934078,0.114585348675,0.0874650431523,0.0906122174833,0.14601535946,0.135091792715,0.0356592576547,0.0998439363164,Rod,0.414266493814
ENSG00000119681,LTBP2,1,3,False,False,False,False,chr14:74618126:G:A,0.00274383783333,0.008411051,0.0115851333333,0,0,0,0.002517821,0,0,True,0.10863310122,0.333007491752,0.458674687973,0,0,0,0.0996847190548,0,0,Bipolar,-0.39585583294
ENSG00000168056,LTBP3,1,21,False,False,False,False,chr11:65569780:T:A,0.050165463,0.004595073,0.201354855667,0.146678139,0.227846547,0.221968915,0.407021646,1.145714059,0,True,0.0208558312032,0.00191035946094,0.083711434732,0.060980091187,0.0947251124635,0.09228154086,0.169215516759,0.476320113334,0,Astrocyte,-0.286472736536
ENSG00000110514,MADD,1,1,False,False,False,False,chr11:47447887:G:A,0.517254682167,0.831675546,0.473739034667,1.231500521,1.276268427,0.702981486,0.186432793,0.133337865,0.031134361,True,0.0960667696444,0.154462368058,0.087984855979,0.228719586205,0.237034074718,0.130560752388,0.0346251020953,0.0247640831557,0.00578240775644,Horizontal,0.260567887924
ENSG00000262500,MAPK8IP1P1,1,4,False,False,False,False,chr17:45948522:C:A,,,,,,,,,,False,,,,,,,,,,,
ENSG00000263503,MAPK8IP1P2,1,9,False,False,False,False,chr17:45948522:C:A,,,,,,,,,,False,,,,,,,,,,,
ENSG00000186868,MAPT,1,23,False,False,False,False,chr17:45948522:C:A,0.0680860171667,0.481724301,2.30875062333,1.298626508,3.314981908,1.60230497,1.488135216,0.496154983,0.056349774,True,0.00612553459424,0.0433395724035,0.207712719898,0.116834291838,0.29824091938,0.144155509937,0.133883932793,0.0446378660252,0.00506965312965,Horizontal,0.427171275857
ENSG00000264589,MAPT-AS1,1,7,False,False,False,False,chr17:45948522:C:A,0.00564836983333,0.011556216,0.187867325333,0,0.433474153,0.156867408,0.100093959,0,0,True,0.00630745166009,0.0129046567318,0.209788683818,0,0.484054222124,0.175171531291,0.111773454375,0,0,Horizontal,0.705472998095
ENSG00000279685,MAPT-IT1,1,1,False,False,False,False,chr17:45948522:C:A,,,,,,,,,,False,,,,,,,,,,,
ENSG00000151376,ME3,1,3,False,False,False,False,chr11:86657064:C:T,0.0202646116667,0.023709232,0.304742858,0.046001969,0.315888056,0.071510315,0.052353785,0,0.021898418,True,0.0236634043,0.0276857583895,0.35585451007,0.0537174464012,0.368868987259,0.0835040672529,0.0611345927309,0,0.0255712335962,Horizontal,-0.407410281865
ENSG00000273340,MICE,1,1,False,False,False,False,chr6:29839124:G:C,,,,,,,,,,False,,,,,,,,,,,
ENSG00000155363,MOV10,1,1,False,False,False,False,chr1:112699500:G:T,0.00585804816667,0.011115419,0.00814437166667,0.042190354,0,0.029994135,0.160912826,0.485283154,0.007798736,True,0.00779724639508,0.0147949723631,0.0108404148978,0.0561566884181,0,0.0399231372547,0.214180033478,0.645927144241,0.0103803629523,Astrocyte,-1.32448735943
ENSG00000243147,MRPL33,1,1,False,False,False,False,chr2:28143047:G:A,3.20422323183,4.567220233,3.27629004033,2.848026427,4.467421887,2.671178968,2.062775051,2.573715703,1.166577452,True,0.119393822435,0.170180989921,0.122079132139,0.106121433157,0.166462364489,0.0995318504124,0.0768618727049,0.0959002333515,0.0434683013897,Cone,-0.176822207208
ENSG00000109919,MTCH2,1,1,False,False,False,False,chr11:47447887:G:A,0.748932802167,0.881029933,0.588838936333,0.568086554,0.630559549,0.901557491,0.662336304,0.290990467,0.300150272,True,0.134398417205,0.158103675207,0.105669054424,0.101944972196,0.113155953504,0.161787411981,0.118858395116,0.0522191818458,0.0538629385224,RGC,0.618197177
ENSG00000196814,MVB12B,1,2,False,False,False,False,chr9:126628521:C:T,0.0350275348333,0.002756607,0.0473818443333,0.232259868,0.257913834,0.142638988,0.150986027,0,0.054441864,True,0.0379329496657,0.00298525817123,0.0513120071029,0.251525033781,0.279306908972,0.154470406722,0.163509804206,0,0.058957631379,Horizontal,0.504499771615
ENSG00000274883,Metazoa_SRP,1,1,False,False,False,False,chr17:45948522:C:A,,,,,,,,,,False,,,,,,,,,,,
ENSG00000245532,NEAT1,1,1,False,False,False,False,chr11:65569780:T:A,0.1917790925,0.105193466,4.434966044,2.353561509,12.78806384,6.684309767,7.901607653,12.08478557,14.56014482,True,0.00313854739734,0.00172153635012,0.072580128278,0.0385170471518,0.209282169181,0.109391606503,0.129313210376,0.197772717577,0.238283037186,Microglia,-0.0252517140624
ENSG00000136448,NMT1,1,1,False,False,False,False,chr17:45948522:C:A,1.31322335817,1.687351722,0.803180481333,0.494585383,1.136281383,0.992175118,0.656500437,1.000278526,0.494048219,True,0.153098720823,0.196715500535,0.0936367020257,0.0576599471857,0.132470402045,0.115670148915,0.0765363915431,0.116614863606,0.0575973233214,Cone,0.0647642286767
ENSG00000141279,NPEPPS,1,11,False,False,False,False,chr17:47617876:AT:A,0.886203038167,1.309371402,1.33077632467,1.113116189,1.06350141,1.087503914,0.42296804,0.89051697,0.245541822,True,0.106138467291,0.156820353506,0.159383971081,0.13331532519,0.127373079033,0.130247802856,0.0506578938971,0.106655136827,0.0294079703189,Bipolar,0.258053914392
ENSG00000115216,NRBP1,1,1,False,False,False,False,chr2:28143047:G:A,0.525076558167,0.469388929,0.455867450333,0.456991755,0.59901611,0.520946799,0.425800849,0.388814148,0.232621622,True,0.128868189205,0.115200917604,0.111882375871,0.112158311074,0.147014983243,0.127854633034,0.104503207235,0.0954256563365,0.0570917263983,Horizontal,0.225248568489
ENSG00000073969,NSF,1,9,False,False,False,False,chr17:45948522:C:A,0.936512337167,1.661852846,1.252215584,0.690307882,0.368802714,1.49782331,0.2618723,0,0.190218662,True,0.136525681938,0.242266528775,0.182549209182,0.100633756329,0.0537644193581,0.218354143031,0.0381759993107,0,0.0277302620758,Cone,1.14838813138
ENSG00000070081,NUCB2,1,1,False,False,False,False,chr11:16989629:C:A,1.529766211,1.114740294,1.052209739,0.531076379,0.749580355,0.877587641,1.26989409,0.311678153,0.412449649,True,0.194899938795,0.142023541579,0.134056833166,0.0676618119936,0.0955003217232,0.111809096245,0.161790918532,0.039709370299,0.0525481676666,Rod,0.0100528122098
ENSG00000140876,NUDT7,1,1,False,False,False,False,chr16:77627835:C:T,0.133354111,0.03606003,0.0600949493333,0.035611394,0.036268284,0.103525712,0.496348237,0,0.098712294,True,0.133357443425,0.0360609311146,0.0600964510635,0.0356122839035,0.0362691903187,0.103528299034,0.496360640391,0,0.0987147607503,Muller glia,-0.104526051327
ENSG00000095464,PDE6C,1,1,False,False,False,False,chr10:93169359:C:T,0.00377056433333,1.178195643,0.000999785,0,0,0.020336984,0,0,0,True,0.00313351201442,0.979134653676,0.000830867221027,0,0,0.0169009670881,0,0,0,Cone,-2.37959431735
ENSG00000255200,PGAM1P8,1,1,False,False,False,False,chr11:65569780:T:A,,,,,,,,,,False,,,,,,,,,,,
ENSG00000083535,PIBF1,1,2,False,False,False,False,chr13:73065233:G:A,0.269621860167,0.211310442,0.221866278,0.236012324,0.339199478,0.216395383,0.225356214,0.114234551,0.157244948,True,0.135403899087,0.10611994794,0.111421080985,0.118525214841,0.170345727386,0.108673601556,0.113173724267,0.0573685071613,0.0789682967757,Horizontal,-0.0343830430411
ENSG00000135845,PIGC,1,4,False,False,False,False,chr1:171636338:G:A,0.332112475667,0.220235108,0.352864173333,0.496882317,0.468601687,0.445160166,0.310831938,0.111723282,0.256593927,True,0.110888785648,0.0735341351879,0.117817554433,0.165903664509,0.156461066149,0.148634194267,0.103783442872,0.0373032029127,0.0856739540202,Amacrine,0.469468487951
ENSG00000135549,PKIB,1,1,False,False,False,False,chr6:122324153:C:A,2.58601408833,3.196541244,0.538672289667,0.603974806,0.136696437,2.284928316,0.240173595,0.094619912,0.643376373,True,0.250461484207,0.309592460425,0.0521716651815,0.0584963659003,0.0132393681269,0.221300626286,0.0232613717545,0.00916415873448,0.0623124993837,Cone,1.17695714915
ENSG00000138193,PLCE1,1,1,False,False,False,False,chr10:94263320:C:T,0.140592462167,0.130116686,0.112013300333,0,0,0.204348665,1.000093986,1.321384994,0,True,0.0483376450971,0.0447359274612,0.0385117315269,0,0,0.0702579149167,0.343846230545,0.454310550454,0,Astrocyte,-0.699232252613
ENSG00000268894,PLCE1-AS1,1,1,False,False,False,False,chr10:94263320:C:T,,,,,,,,,,False,,,,,,,,,,,
ENSG00000166689,PLEKHA7,1,1,False,False,False,False,chr11:16989629:C:A,0.0969210263333,0.257642389,0.045815146,0,0,0.00893822,0.136364625,0.435449165,0,True,0.0987850436682,0.262597452906,0.0466962780884,0,0,0.00911012281256,0.138987234711,0.443823867814,0,Astrocyte,-2.79595391914
ENSG00000225190,PLEKHM1,1,31,False,False,False,False,chr17:45948522:C:A,0.0456263906667,0.019151718,0.0618665583333,0.037033471,0.062163153,0.086409124,0.049340044,0.086896072,0.244024675,True,0.0658854185627,0.02765546295,0.0893365447336,0.0534770710988,0.0897648333506,0.124776499285,0.0712480080792,0.125479661913,0.352376500027,Microglia,0.168818347917
ENSG00000146112,PPP1R18,1,1,False,False,False,False,chr6:29839124:G:C,0.0616705038333,0.032360401,0.008944822,0.035694781,0,0.03357452,0.026231011,0.171658248,0.662216362,True,0.0597379426293,0.0313463269835,0.00866451918261,0.0345762179162,0,0.0325223992816,0.025409012945,0.166279014009,0.641464567052,Microglia,-1.62976692058
ENSG00000171132,PRKCE,1,1,False,False,False,False,chr2:45651621:G:T,0.0264814076667,0.020241554,0.790698879,0.053746681,0,0.205271794,0.068188443,0,0,True,0.0227380677916,0.0173802628944,0.678927832681,0.046149196128,0,0.176255130635,0.0585495098696,0,0,Bipolar,0.72853997828
ENSG00000119608,PROX2,1,1,False,False,False,False,chr14:74618126:G:A,,,,,,,,,,False,,,,,,,,,,,
ENSG00000150687,PRSS23,1,4,False,False,False,False,chr11:86657064:C:T,0,0,0.0579436196667,0,0.040857184,0,0,0,0,True,0,0,0.586469112763,0,0.413530887237,0,0,0,0,Bipolar,-1.16028131599
ENSG00000204528,PSORS1C3,1,1,False,False,False,False,chr6:29839124:G:C,,,,,,,,,,False,,,,,,,,,,,
ENSG00000165917,RAPSN,1,5,False,False,False,False,chr11:47447887:G:A,0,0,0,0,0,0,0.007324129,0,0,True,0,0,0,0,0,0,1,0,0,Muller glia,-0.12638034777
ENSG00000142599,RERE,1,20,False,False,False,False,chr1:8435530:G:A,0.756281052,1.480498314,1.682415042,2.8444545,1.090064667,1.430627363,0.755589236,0.998068465,0.09166021,True,0.0679518628792,0.133022793788,0.151165014564,0.255574275779,0.0979423252581,0.128541888158,0.0678897032022,0.0896764652485,0.00823567112376,Amacrine,0.237005624011
ENSG00000111785,RIC8B,1,1,False,False,False,False,chr12:106825530:G:A,0.547045931667,0.097566993,0.211690899667,0.247213767,0.130437455,0.286973439,0.244797973,0.390255207,0.088919986,True,0.24368369605,0.0434615890376,0.0942985183965,0.110122315093,0.0581038616647,0.127833412582,0.109046190444,0.173840669932,0.0396097467999,Rod,0.221302576442
ENSG00000069667,RORA,1,2,False,False,False,False,chr15:61655081:G:C,1.47538976567,4.787181912,1.7852617,1.627944218,3.600838545,1.565943741,1.182949697,0.982850109,0.130156951,True,0.0860861996853,0.279323001688,0.104166640418,0.0949874631698,0.210102112156,0.0913698527133,0.069022875313,0.0573474431727,0.00759441168358,Cone,-0.312111881581
ENSG00000224842,RP11-123K19.1,1,1,False,False,False,False,chr9:126628521:C:T,,,,,,,,,,False,,,,,,,,,,,
ENSG00000267667,RP11-136H19.1,1,1,False,False,False,False,chr17:61161860:G:A,,,,,,,,,,False,,,,,,,,,,,
ENSG00000266446,RP11-149I2.4,1,1,False,False,False,False,chr9:22051671:G:C,,,,,,,,,,False,,,,,,,,,,,
ENSG00000259284,RP11-162I7.1,1,2,False,False,False,False,chr15:61655081:G:C,,,,,,,,,,False,,,,,,,,,,,
ENSG00000256897,RP11-17G12.2,1,1,False,False,False,False,chr11:47447887:G:A,,,,,,,,,,False,,,,,,,,,,,
ENSG00000233721,RP11-205K6.1,1,1,False,False,False,False,chr9:126628521:C:T,,,,,,,,,,False,,,,,,,,,,,
ENSG00000226334,RP11-217B7.2,1,39,False,False,False,False,chr9:104933258:C:T,0.0048738985,0,0,0,0,0,0,0,0,True,1,0,0,0,0,0,0,0,0,Rod,-0.0853209460714
ENSG00000259530,RP11-259A24.1,1,5,False,False,False,False,chr15:61655081:G:C,,,,,,,,,,False,,,,,,,,,,,
ENSG00000261575,RP11-259G18.1,1,23,False,False,False,False,chr17:45948522:C:A,,,,,,,,,,False,,,,,,,,,,,
ENSG00000262539,RP11-259G18.3,1,4,False,False,False,False,chr17:45948522:C:A,,,,,,,,,,False,,,,,,,,,,,
ENSG00000265964,RP11-293E1.1,1,1,False,False,False,False,chr17:45948522:C:A,,,,,,,,,,False,,,,,,,,,,,
ENSG00000265547,RP11-293E1.2,1,1,False,False,False,False,chr17:45948522:C:A,,,,,,,,,,False,,,,,,,,,,,
ENSG00000273100,RP11-302L19.3,1,1,False,False,False,False,chr6:170139691:G:A,0.000177420166667,0.002485003,0,0,0,0,0,0,0,True,0.0666386053457,0.933361394654,0,0,0,0,0,0,0,Cone,-0.0472316555016
ENSG00000275830,RP11-403A3.3,1,2,False,False,False,False,chr13:110125592:G:C,0,0,0,0,0,0.006983289,0,0.538237402,0,True,0,0,0,0,0,0.0128081877949,0,0.987191812205,0,Astrocyte,-2.18597315194
ENSG00000260329,RP11-412D9.4,1,1,False,False,False,False,chr12:106825530:G:A,0.314319921333,0.270433228,0.379748977333,0.454053067,0.415168053,0.142017408,0.195382801,0,0.077252455,True,0.139798651926,0.120279365526,0.168899237682,0.201947132081,0.184652420011,0.0631644411979,0.0868995260415,0,0.0343592255341,Amacrine,-0.846221536849
ENSG00000259675,RP11-507B12.1,1,7,False,False,False,False,chr15:61655081:G:C,,,,,,,,,,False,,,,,,,,,,,
ENSG00000259616,RP11-507B12.2,1,12,False,False,False,False,chr15:61655081:G:C,0,0,0,0,0,0,0.001823125,0,0,True,0,0,0,0,0,0,1,0,0,Muller glia,-0.0325086378848
ENSG00000262372,RP11-669E14.6,1,1,False,False,False,False,chr17:45948522:C:A,0.00616978533333,0.007628537,0.00940568633333,0,0,0.01933538,0.002727489,0,0,True,0.136298009745,0.16852359591,0.207782971085,0,0,0.427141897048,0.0602535262115,0,0,RGC,1.1475819614
ENSG00000280022,RP11-707O23.1,1,14,False,False,False,False,chr17:45948522:C:A,,,,,,,,,,False,,,,,,,,,,,
ENSG00000255197,RP11-750H9.5,1,1,False,False,False,False,chr11:47447887:G:A,,,,,,,,,,False,,,,,,,,,,,
ENSG00000255320,RP11-755F10.1,1,1,False,False,False,False,chr11:65569780:T:A,0.00140641883333,0.004701547,0.00531408366667,0,0,0.009874349,0,0,0,True,0.0660402195861,0.220767234422,0.249529687692,0,0,0.4636628583,0,0,0,RGC,0.798365442906
ENSG00000278989,RP11-762L8.6,1,3,False,False,False,False,chr11:86657064:C:T,,,,,,,,,,False,,,,,,,,,,,
ENSG00000255557,RP11-770G2.2,1,1,False,False,False,False,chr11:65569780:T:A,,,,,,,,,,False,,,,,,,,,,,
ENSG00000267198,RP11-798G7.6,1,3,False,False,False,False,chr17:45948522:C:A,0.0252483538333,0.004959579,0.015976837,0,0.067666324,0,0.050000179,0,0,True,0.154093119917,0.030268785309,0.0975081653241,0,0.412974051589,0,0.30515587786,0,0,Horizontal,-1.60792959773
ENSG00000266918,RP11-798G7.8,1,7,False,False,False,False,chr17:45948522:C:A,,,,,,,,,,False,,,,,,,,,,,
ENSG00000232912,RP5-1115A15.1,1,5,False,False,False,False,chr1:8435530:G:A,0.000132643666667,0,0,0,0,0,0,0,0,True,1,0,0,0,0,0,0,0,0,Rod,-0.00239007362261
ENSG00000204652,RPS26P8,1,1,False,False,False,False,chr17:45948522:C:A,,,,,,,,,,False,,,,,,,,,,,
ENSG00000141295,SCRN2,1,5,False,False,False,False,chr17:47617876:AT:A,0.25499862,0.268654581,0.236072787333,0.215982694,0.271761389,0.189279094,0.46158706,0.286262541,0.245771728,True,0.104921706626,0.110540586971,0.0971344854144,0.0888682176251,0.111818913879,0.0778807570456,0.189924565442,0.117785556427,0.101125210569,Muller glia,-0.541941061724
ENSG00000170381,SEMA3E,1,1,False,False,False,False,chr7:83320213:G:T,0.00436163133333,0,1.791837833,0,0.042883302,0.159823377,0.216636923,0.752834908,0,True,0.0014693652126,0,0.603642072706,0,0.0144467121003,0.0538419899292,0.0729815828285,0.253618277224,0,Bipolar,-1.08824079215
ENSG00000122545,SEPT7,1,2,False,False,False,False,chr7:35921527:C:T,,,,,,,,,,False,,,,,,,,,,,
ENSG00000183431,SF3A3,1,29,False,False,False,False,chr1:37611020:C:T,0.406346466333,0.211654144,0.476202204667,0.451668047,0.832701447,0.351193192,0.252840441,0.32744358,0.207360268,True,0.115524346207,0.0601732970101,0.135384340494,0.128409276702,0.236737115296,0.0998442640941,0.0718825658923,0.093092246724,0.0589525475791,Horizontal,-0.167916658995
ENSG00000225383,SFTA1P,1,7,False,False,False,False,chr10:10798886:C:A,0,0,0,0,0,0,0.006141681,0,0,True,0,0,0,0,0,0,1,0,0,Muller glia,-0.106711477129
ENSG00000141258,SGSM2,1,1,False,False,False,False,chr17:2298650:G:A,0.145460893667,0.263559565,0.254729645333,0,0.19087721,0.183552268,0.088418175,0.428812896,0.02076355,True,0.0922873203925,0.167214743458,0.161612621783,0,0.121101595012,0.116454302862,0.0560967022755,0.272059328965,0.0131733852518,Astrocyte,0.0724080219873
ENSG00000162241,SLC25A45,1,3,False,False,False,False,chr11:65569780:T:A,0.0013771175,0,0.0462395656667,0.082213728,0,0.04464316,0.045630903,0.094295144,0.137619375,True,0.00304659211409,0,0.10229562555,0.181881136065,0,0.0987639030105,0.100949083312,0.208608809421,0.304454850527,Microglia,-0.156921894066
ENSG00000165915,SLC39A13,1,3,False,False,False,False,chr11:47447887:G:A,0.1073976835,0.153553014,0.128247519,0.397867478,0.548320765,0.146931249,0.21956031,0.208252169,0.097901781,True,0.053484050645,0.0764694070656,0.0638672695514,0.198138019833,0.27306376273,0.0731717678328,0.109341043093,0.103709588426,0.0487550908231,Horizontal,-0.628670415033
ENSG00000137834,SMAD6,1,1,False,False,False,False,chr15:66733065:C:T,0.00146416416667,0.002066973,0,0,0,0,0.06453173,0,0,True,0.0215119378248,0.0303685854864,0,0,0,0,0.948119476689,0,0,Muller glia,-0.888137965956
ENSG00000272034,SNORD14A,1,3,False,False,False,False,chr11:16989629:C:A,,,,,,,,,,False,,,,,,,,,,,
ENSG00000260233,SSSCA1-AS1,1,23,False,False,False,False,chr11:65569780:T:A,,,,,,,,,,False,,,,,,,,,,,
ENSG00000227954,TARID,1,1,False,False,False,False,chr6:134051012:G:C,0,0.003608894,0.000424321333333,0,0,0,0,0,0,True,0,0.894793285688,0.105206714312,0,0,0,0,0,0,Cone,-0.0709596865221
ENSG00000156787,TBC1D31,1,1,False,False,False,False,chr8:123542077:T:A,0.0589289013333,0.069515751,0.061336661,0.08800907,0,0.09275043,0.045448622,0,0.233135728,True,0.0907820319747,0.10709144388,0.0944912698886,0.135581048111,0,0.142885278894,0.0700151905476,0,0.359153736704,Microglia,0.369267875508
ENSG00000198933,TBKBP1,1,7,False,False,False,False,chr17:47617876:AT:A,0.025467398,0.079877605,0.139779442667,0.131072834,0.297999112,0.116059352,0.045968702,0,0,True,0.0304552182515,0.0955217291409,0.167155413108,0.156743604757,0.356362593254,0.138789714414,0.0549717270742,0,0,Horizontal,0.333805457731
ENSG00000028839,TBPL1,1,2,False,False,False,False,chr6:134051012:G:C,0.3816536665,0.349160799,0.775893234,0.650164957,0.423288083,0.776189521,0.373268022,0.078097506,0.239609942,True,0.0942977392761,0.0862695078799,0.191705161794,0.160640630454,0.104584634691,0.191778367417,0.092225841668,0.0192960762736,0.059202040546,RGC,0.908298712361
ENSG00000119699,TGFB3,1,2,False,False,False,False,chr14:75905315:G:C,0.0079991765,0.007650613,0,0.079180082,0,0,0.012623541,0,0,True,0.074443205794,0.0711993488341,0,0.736878244793,0,0,0.117479200579,0,0,Amacrine,-1.22846018433
ENSG00000263293,THCAT158,1,2,False,False,False,False,chr17:47617876:AT:A,0.000337493833333,0,0,0,0,0,0.001902312,0,0,True,0.150679951052,0,0,0,0,0,0.849320048948,0,0,Muller glia,-0.0398368583594
ENSG00000005108,THSD7A,1,1,False,False,False,False,chr7:11639486:G:A,0.009569031,0.634584144,1.58703004467,0.083115501,2.525012031,0.602180197,0.452652632,0,0,True,0.00162348115024,0.107663502817,0.269255409704,0.0141013702606,0.428393369867,0.102165851367,0.0767970148343,0,0,Horizontal,-0.133421189139
ENSG00000173825,TIGD3,1,1,False,False,False,False,chr11:65569780:T:A,0.0456988591667,0.017878237,0.0616907136667,0.244750857,0.06252501,0.041407666,0.01030352,0,0,True,0.0943694378189,0.0369190655007,0.127393070058,0.505417448093,0.129115915603,0.085508002455,0.0212770604712,0,0,Amacrine,-0.346333959732
ENSG00000198270,TMEM116,1,1,False,False,False,False,chr12:111494996:C:T,0.219475606833,0.121821572,0.208751727333,0.240141315,0.042614665,0.069800991,0.187289277,0.059672992,0.00582844,True,0.189956945919,0.105437019166,0.180675388722,0.207843192437,0.0368831494832,0.0604130147481,0.162099558924,0.0516471943179,0.00504453628285,Amacrine,-0.868516857785
ENSG00000181264,TMEM136,1,26,False,False,False,False,chr11:120327384:G:A,1.85504951,1.066644893,0.274363907667,0.18174509,0.296163216,0.157067869,0.294851577,0.309166543,0.074679781,True,0.411343590029,0.236520662768,0.0608381793292,0.0403006374696,0.0656720156778,0.0348286451463,0.0653811693731,0.0685554078362,0.0165596923713,Rod,-1.72966797583
ENSG00000146433,TMEM181,1,1,False,False,False,False,chr6:158550234:G:A,0.110090944167,0.120462548,0.122354659,0.448830141,0.384075844,0.127685572,0.074208787,0.128561144,0.064079816,True,0.06966240524,0.0762252599298,0.0774225337314,0.284006894508,0.243032224768,0.0807957832254,0.0469572009896,0.0813498201804,0.040547877427,Amacrine,-0.476592051994
ENSG00000151135,TMEM263,1,1,False,False,False,False,chr12:106825530:G:A,0.207580062667,0.249816395,0.464366443667,0.280490402,0.285064124,0.365047898,0.591649055,0.10108784,0.130838044,True,0.0775727565497,0.0933564916713,0.173533934915,0.104819380962,0.106528582794,0.13641855271,0.221099500197,0.0377765682393,0.0488942319617,Muller glia,0.327597577526
ENSG00000234127,TRIM26,1,1,False,False,False,False,chr6:29839124:G:C,0.1891975445,0.130901143,0.150229853667,0.083695928,0.133510793,0.107188692,0.08408269,0,0.023271429,True,0.209735221516,0.145110658261,0.166537529439,0.0927812464238,0.14800358968,0.118824185166,0.0932099920186,0,0.025797577496,Rod,0.0997327474208
ENSG00000100106,TRIOBP,1,37,False,False,False,False,chr22:37780972:G:T,0.0247429455,0.027832715,0.183711984667,0.051993698,0.118766191,0.058822278,0.172662065,0.131431653,0.045124631,True,0.0303561586081,0.0341468767749,0.225389097056,0.0637890482001,0.145709625852,0.0721667677222,0.21183237989,0.161248389146,0.0553616567506,Bipolar,-0.603014156248
ENSG00000196428,TSC22D2,1,1,False,False,False,False,chr3:150347493:C:T,0.1864003595,0.230831627,0.176673308,0.358365396,0.28867003,0.189754157,0.366051085,0.066880685,0.049522232,True,0.0974311834784,0.120655339202,0.092346868502,0.187317045652,0.150887384193,0.099184208314,0.191334343564,0.0349584319948,0.0258851950994,Muller glia,-0.174417772894
ENSG00000100154,TTC28,1,4,False,False,False,False,chr22:28712241:G:A,0.1612226695,0.212419382,0.431524095,0.757542973,0.405938737,0.310287281,0.255203301,0.229957529,0.067236395,True,0.056942332746,0.0750245307875,0.152410257699,0.267557063605,0.143373749538,0.109590553589,0.0901354091735,0.0812188395985,0.0237472632639,Amacrine,-0.0216529912149
ENSG00000119685,TTLL5,1,3,False,False,False,False,chr14:75905315:G:C,0.452971705167,0.35533069,0.0852375856667,0.085132795,0.290323904,0.150876768,0.092424266,0,0.092838464,True,0.282201417812,0.221371055557,0.0531030244311,0.0530377398352,0.18087182135,0.0939962416171,0.0575803270005,0,0.0578383723961,Rod,-0.253514523214
ENSG00000204193,TXNDC8,1,1,False,False,False,False,chr9:110549951:G:C,,,,,,,,,,False,,,,,,,,,,,
ENSG00000184470,TXNRD2,1,33,False,False,False,False,chr22:19882624:C:T,0.0944180471667,0.160515938,0.319149319333,0.114331986,0.209541542,0.127588641,0.225904413,0.158093647,0.00836084,True,0.0665898553748,0.113206462297,0.225085221047,0.080634482929,0.147782562715,0.0899839533502,0.159322742226,0.111498102379,0.00589661768188,Bipolar,-0.316075066297
ENSG00000183520,UTP11,1,13,False,False,False,False,chr1:37611020:C:T,0.262066777167,0.284452057,0.224729802,0.539519598,0.550965976,0.368271891,0.255851452,0.233930434,0.299176402,True,0.0868068461182,0.0942217331283,0.0744393682835,0.178710156349,0.182501647909,0.121986165959,0.0847480854422,0.0774869802504,0.0990990165613,Horizontal,0.148228618153
ENSG00000137411,VARS2,1,2,False,False,False,False,chr6:29839124:G:C,0.0378530173333,0.05076879,0.0477801753333,0.124770625,0,0.093446204,0.092305095,0.093960236,0.050508285,True,0.0640065979246,0.0858461955631,0.0807926735245,0.210977718285,0,0.158010484457,0.156080955186,0.158879673808,0.085405701252,Amacrine,0.517945445797
ENSG00000162692,VCAM1,1,4,False,False,False,False,chr1:100629646:G:A,0,0,0,0,0,0,0.040178754,0,0,True,0,0,0,0,0,0,1,0,0,Muller glia,-0.587109964247
ENSG00000116729,WLS,1,1,False,False,False,False,chr1:68371486:C:A,1.6438349945,1.435410293,0.0935017083333,0,0,0.142609473,0.10338783,0.031539971,0.232928822,True,0.446304613259,0.389716874156,0.0253859079022,0,0,0.0387187679464,0.0280700104562,0.00856316759677,0.0632406586837,Rod,-1.56831381705
ENSG00000134245,WNT2B,1,1,False,False,False,False,chr1:112699500:G:T,0.247163903167,0.165897963,0.0992889156667,0.203428812,0.039081125,0.074376038,0.271002347,1.107395327,0.032535594,True,0.110332653516,0.0740559694849,0.0443220445618,0.0908095411263,0.0174456066132,0.0332010683008,0.120974008221,0.494335391834,0.0145237163427,Astrocyte,-1.7342484357
ENSG00000237417,XRCC6P1,1,1,False,False,False,False,chr10:93169359:C:T,,,,,,,,,,False,,,,,,,,,,,
ENSG00000272236,XXbac-BPG170G13.32,1,1,False,False,False,False,chr6:29839124:G:C,0,0,0,0,0,0,0.002833253,0,0.010886795,True,0,0,0,0,0,0,0.206504598235,0,0.793495401765,Microglia,-0.228357693097
ENSG00000280128,XXbac-BPG283O16.9,1,7,False,False,False,False,chr6:29839124:G:C,,,,,,,,,,False,,,,,,,,,,,
ENSG00000137693,YAP1,1,3,False,False,False,False,chr11:102194103:C:A,0.00609721933333,0.001744612,0.00415158833333,0,0,0,0.253782526,0.442924586,0,True,0.00860337908735,0.00246170550472,0.00585802909385,0,0,0,0.358095577272,0.624981309042,0,Astrocyte,-3.30140571009
ENSG00000174851,YIF1A,1,1,False,False,False,False,chr11:65569780:T:A,0.627109476,0.726231682,0.487974330333,0.399058177,0.418165859,0.389920791,0.994482525,1.382114707,0.445647048,True,0.106820138165,0.123704347614,0.083120232403,0.0679744944614,0.0712292455206,0.0664180567542,0.16939747331,0.235425694575,0.0759103171967,Astrocyte,-0.797502057479
ENSG00000137871,ZNF280D,1,2,False,False,False,False,chr15:57261634:T:A,0.534423489,0.647580111,1.07297834233,1.002896794,1.212854214,0.763884225,0.290161222,0.802922986,0.131270177,True,0.0827412667803,0.100260560826,0.166122165473,0.155271901205,0.187778224857,0.118267160316,0.0449237497471,0.124311274403,0.0203236963925,Horizontal,0.100346892625
ENSG00000075292,ZNF638,1,8,False,False,False,False,chr2:71424809:T:A,1.2392038245,1.243407764,1.83906040533,1.646859369,2.219464512,1.602654933,1.380514655,1.647880814,0.467844617,True,0.0932651464065,0.0935815439395,0.138411643478,0.123946179897,0.167041675117,0.120619258923,0.103900503589,0.124023056046,0.0352109926045,Horizontal,0.133102050265
ENSG00000281195,ZNF638-IT1,1,1,False,False,False,False,chr2:71424809:T:A,,,,,,,,,,False,,,,,,,,,,,
