gene,study,primary_GWAS,primary_settings,half_window_bp,allele_policy,shared_variants,p1,p2,p12,eqtl_prior_sd,gwas_prior_sd,PP_H0,PP_H1,PP_H2,PP_H3,PP_H4,PP_H4_given_H3_or_H4,highest_posterior_hypothesis,H4_ge_08
NPC2,GCST90011766,True,False,1000000,exact_all,4891,0.0001,0.0001,1e-06,0.075,0.2,0.019706468961027214,0.44514841243999376,0.018001513095473716,0.4055190062085283,0.111624599294977,0.215848360314339,H1,False
NPC2,GCST90011766,True,False,1000000,exact_all,4891,0.0001,0.0001,1e-05,0.075,0.2,0.009830519131145608,0.22206109036300686,0.008980006475264464,0.20229206746576353,0.5568363165648191,0.7335206116366031,H4,False
NPC2,GCST90011766,True,False,1000000,exact_all,4891,0.0001,0.0001,0.0001,0.075,0.2,0.0016352782542499234,0.036939216265309736,0.0014937979486249343,0.03365069682698141,0.9262810107048342,0.9649446970415173,H4,True
NPC2,GCST90011766,True,False,1000000,exact_all,4891,0.0001,0.0001,1e-06,0.15,0.2,0.004687831016829775,0.10589317340695019,0.03156923871421597,0.7116539493645901,0.14619580749741365,0.17042122624385278,H3,False
NPC2,GCST90011766,True,True,1000000,exact_all,4891,0.0001,0.0001,1e-05,0.15,0.2,0.0020243144482778377,0.045727134816102015,0.013632331417427458,0.3073087248027473,0.631307494515445,0.6725938477539037,H4,False
NPC2,GCST90011766,True,False,1000000,exact_all,4891,0.0001,0.0001,0.0001,0.15,0.2,0.0003029609251193321,0.0068435687344564605,0.0020402283554665944,0.04599213113490767,0.9448211108500493,0.9535814327200868,H4,True
NPC2,GCST90011766,True,False,1000000,exact_all,4891,0.0001,0.0001,1e-06,0.3,0.2,0.0014195536084705977,0.0320662233520303,0.03819111112390526,0.8620341526705504,0.06628895924504344,0.07140720552379251,H3,False
NPC2,GCST90011766,True,False,1000000,exact_all,4891,0.0001,0.0001,1e-05,0.3,0.2,0.0008891100122017698,0.020084060274768306,0.02392026555020931,0.5399184584687914,0.41518810569402953,0.4347034365300946,H3,False
NPC2,GCST90011766,True,False,1000000,exact_all,4891,0.0001,0.0001,0.0001,0.3,0.2,0.00018770691310439206,0.00424010179285191,0.005049992852907146,0.11398637488772281,0.8765358235534141,0.8849229476460879,H4,True
NPC2,GCST90011766,True,False,1000000,exclude_palindromic,4177,0.0001,0.0001,1e-06,0.075,0.2,0.02387725602384278,0.4737436962433454,0.018483756104212806,0.36554891657517674,0.11834637505342235,0.2445702140541924,H1,False
NPC2,GCST90011766,True,False,1000000,exclude_palindromic,4177,0.0001,0.0001,1e-05,0.075,0.2,0.011562178647731193,0.22940279417921636,0.008950462730918346,0.17701120571418844,0.5730733587279461,0.7640116673433505,H4,False
NPC2,GCST90011766,True,False,1000000,exclude_palindromic,4177,0.0001,0.0001,0.0001,0.075,0.2,0.00187769026197975,0.03725486396854658,0.001453549302609667,0.028746504214934108,0.9306673922519298,0.9700374318937885,H4,True
NPC2,GCST90011766,True,False,1000000,exclude_palindromic,4177,0.0001,0.0001,1e-06,0.15,0.2,0.005962538995595006,0.11830150248201153,0.03428302119339421,0.678573535864865,0.1628794014641342,0.19356923511510674,H3,False
NPC2,GCST90011766,True,False,1000000,exclude_palindromic,4177,0.0001,0.0001,1e-05,0.15,0.2,0.002417982749172558,0.04797469541314979,0.013902760870224242,0.2751812784752337,0.66052328249222,0.7059100810722614,H4,False
NPC2,GCST90011766,True,False,1000000,exclude_palindromic,4177,0.0001,0.0001,0.0001,0.15,0.2,0.000348176224563381,0.006908092429213851,0.0020019211437545016,0.039624591466923535,0.9511172187355448,0.9600051284210708,H4,True
NPC2,GCST90011766,True,False,1000000,exclude_palindromic,4177,0.0001,0.0001,1e-06,0.3,0.2,0.0018441691677431131,0.03658977887376315,0.042551518124333595,0.8435007285703168,0.07551380526384369,0.08216823835070103,H3,False
NPC2,GCST90011766,True,False,1000000,exclude_palindromic,4177,0.0001,0.0001,1e-05,0.3,0.2,0.0010979653161269367,0.02178450265346927,0.02533395084695016,0.5021960893269943,0.4495874918564593,0.47236315139775725,H3,False
NPC2,GCST90011766,True,False,1000000,exclude_palindromic,4177,0.0001,0.0001,0.0001,0.3,0.2,0.0002175788303923815,0.004316936553826075,0.00502031467983114,0.09951793206804985,0.8909272378679011,0.8995220178876885,H4,True
NPC2,GCST90011766,True,False,500000,exact_all,2169,0.0001,0.0001,1e-06,0.075,0.2,0.02297246477257203,0.516444228216331,0.014129927175295794,0.3163540518817953,0.13009932795400586,0.2914063009263239,H1,False
NPC2,GCST90011766,True,False,500000,exact_all,2169,0.0001,0.0001,1e-05,0.075,0.2,0.010582029930936232,0.2378947289613192,0.006508805814753177,0.14572524450154165,0.5992891907914499,0.8043994349663408,H4,False
NPC2,GCST90011766,True,False,500000,exact_all,2169,0.0001,0.0001,0.0001,0.075,0.2,0.0016550965706073545,0.03720824384727572,0.0010180184948497958,0.022792352128990896,0.9373262889582764,0.9762609003162566,H4,True
NPC2,GCST90011766,True,False,500000,exact_all,2169,0.0001,0.0001,1e-06,0.15,0.2,0.004861070905712084,0.10928178743809483,0.03133509731144344,0.7029287273091558,0.15159331703559376,0.1774012947224036,H3,False
NPC2,GCST90011766,True,False,500000,exact_all,2169,0.0001,0.0001,1e-05,0.15,0.2,0.0020559949953410784,0.046220845655765515,0.013253211998029063,0.29730443629836173,0.6411655110525026,0.6832030294229454,H4,False
NPC2,GCST90011766,True,False,500000,exact_all,2169,0.0001,0.0001,0.0001,0.15,0.2,0.0003036700618373678,0.006826809934006318,0.0019574968402671484,0.04391180754808692,0.9470002156158026,0.9556854629658438,H4,True
NPC2,GCST90011766,True,False,500000,exact_all,2169,0.0001,0.0001,1e-06,0.3,0.2,0.001436653651451989,0.03229742622672988,0.03832248753629564,0.860857395079822,0.06708603750570026,0.07229539554882015,H3,False
NPC2,GCST90011766,True,False,500000,exact_all,2169,0.0001,0.0001,1e-05,0.3,0.2,0.000895795385805662,0.020138385725789014,0.02389518689693447,0.5367696532631945,0.41830097872827593,0.4379791030282792,H3,False
NPC2,GCST90011766,True,False,500000,exact_all,2169,0.0001,0.0001,0.0001,0.3,0.2,0.00018800632353384615,0.0042265721862441725,0.0050150361453429,0.11265529014060334,0.8779150952042754,0.8862723014868034,H4,True
NPC2,GCST90011766,True,False,500000,exclude_palindromic,1874,0.0001,0.0001,1e-06,0.075,0.2,0.02743551272954511,0.5418908610285527,0.01426770536798366,0.2804481369637748,0.1359577839101437,0.32650300366720697,H1,False
NPC2,GCST90011766,True,False,500000,exclude_palindromic,1874,0.0001,0.0001,1e-05,0.075,0.2,0.012338219681682487,0.2436975956227086,0.006416431320932764,0.12612232755728067,0.6114254258173952,0.828997746952379,H4,False
NPC2,GCST90011766,True,False,500000,exclude_palindromic,1874,0.0001,0.0001,0.0001,0.075,0.2,0.0018973619019910812,0.03747562820816167,0.0009867138573609836,0.019394994210784906,0.9402453018217017,0.9797893082533412,H4,True
NPC2,GCST90011766,True,False,500000,exclude_palindromic,1874,0.0001,0.0001,1e-06,0.15,0.2,0.006173330604808899,0.12193216397415131,0.033971076141906247,0.6692913232090965,0.1686321060700372,0.20125001900843323,H3,False
NPC2,GCST90011766,True,False,500000,exclude_palindromic,1874,0.0001,0.0001,1e-05,0.15,0.2,0.0024519830352575525,0.04843019378938903,0.013492959914460182,0.2658355878227885,0.669789275438105,0.7158737457058558,H4,False
NPC2,GCST90011766,True,False,500000,exclude_palindromic,1874,0.0001,0.0001,0.0001,0.15,0.2,0.00034888260291044234,0.006890933512076443,0.0019198578898114863,0.037824654776251375,0.9530156712189503,0.9618256809054877,H4,True
NPC2,GCST90011766,True,False,500000,exclude_palindromic,1874,0.0001,0.0001,1e-06,0.3,0.2,0.0018656954779157884,0.03685017075901488,0.042679181104634964,0.8422113134150347,0.07639363924339942,0.08316266859036298,H3,False
NPC2,GCST90011766,True,False,500000,exclude_palindromic,1874,0.0001,0.0001,1e-05,0.3,0.2,0.001105569310400205,0.021836584992790967,0.025290725834318878,0.49907554153676237,0.45269157832572754,0.475632714010053,H3,False
NPC2,GCST90011766,True,False,500000,exclude_palindromic,1874,0.0001,0.0001,0.0001,0.3,0.2,0.00021787947590603526,0.0043034332167601825,0.004984156161199825,0.0983550433289328,0.8921394878172014,0.9007010738210509,H4,True
LTBP2,GCST90011766,True,False,1000000,exact_all,5183,0.0001,0.0001,1e-06,0.075,0.2,0.025453191050511033,0.5753954176097771,0.01359909765944983,0.3066323121414865,0.07891998153877544,0.20469332651467426,H1,False
LTBP2,GCST90011766,True,False,1000000,exact_all,5183,0.0001,0.0001,1e-05,0.075,0.2,0.014882471597193966,0.33643349247406606,0.007951387480752267,0.17928780195660243,0.4614448464913854,0.7201831334943184,H4,False
LTBP2,GCST90011766,True,False,1000000,exact_all,5183,0.0001,0.0001,0.0001,0.075,0.2,0.002888115883324384,0.06528881355163126,0.0015430587807711425,0.03479287328959593,0.8954871384946775,0.962599569109452,H4,True
LTBP2,GCST90011766,True,False,1000000,exact_all,5183,0.0001,0.0001,1e-06,0.15,0.2,0.019883116447775087,0.4494781840574632,0.012393387013257607,0.2777603398541434,0.2404849726273604,0.4640369470509071,H1,False
LTBP2,GCST90011766,True,True,1000000,exact_all,5183,0.0001,0.0001,1e-05,0.15,0.2,0.00628344644051041,0.14204373359282849,0.003916548178896545,0.08777759881634535,0.7599786729714189,0.8964589213462988,H4,False
LTBP2,GCST90011766,True,False,1000000,exact_all,5183,0.0001,0.0001,0.0001,0.15,0.2,0.0008014796274388643,0.018118266743872763,0.000499571947495327,0.01119639641443141,0.9693842852667613,0.988581871309931,H4,True
LTBP2,GCST90011766,True,False,1000000,exact_all,5183,0.0001,0.0001,1e-06,0.3,0.2,0.018912663001773307,0.4275400913159706,0.011195058317140651,0.2501537594566953,0.29219842790842027,0.5387614076528285,H1,False
LTBP2,GCST90011766,True,False,1000000,exact_all,5183,0.0001,0.0001,1e-05,0.3,0.2,0.0052104073841290136,0.11778658820257382,0.0030842200548867886,0.06891694709087702,0.8050018372675332,0.9211403298288495,H4,True
LTBP2,GCST90011766,True,False,1000000,exact_all,5183,0.0001,0.0001,0.0001,0.3,0.2,0.0006319462625397027,0.014285791629009503,0.0003740708149755383,0.008358618420583714,0.9763495728728914,0.991511578257916,H4,True
LTBP2,GCST90011766,True,False,1000000,exclude_palindromic,4421,0.0001,0.0001,1e-06,0.075,0.2,0.03027766322442744,0.6011734269738261,0.013759428058736669,0.2723740264946271,0.08241545524838252,0.23229396441938444,H1,False
LTBP2,GCST90011766,True,False,1000000,exclude_palindromic,4421,0.0001,0.0001,1e-05,0.075,0.2,0.017383581313920867,0.34515699161144886,0.00789982155224981,0.15638049747344476,0.47317910804893537,0.7516033492274535,H4,False
LTBP2,GCST90011766,True,False,1000000,exclude_palindromic,4421,0.0001,0.0001,0.0001,0.075,0.2,0.0033057356969910592,0.06563652032520438,0.001502263637943161,0.02973797996372635,0.8998175003761354,0.9680083861666292,H4,True
LTBP2,GCST90011766,True,False,1000000,exclude_palindromic,4421,0.0001,0.0001,1e-06,0.15,0.2,0.023610327206935015,0.468791174991177,0.012401492025692946,0.24372113490741862,0.2514758708687762,0.5078299503741974,H1,False
LTBP2,GCST90011766,True,False,1000000,exclude_palindromic,4421,0.0001,0.0001,1e-05,0.15,0.2,0.007235145827174143,0.14365631123304462,0.003800311723510147,0.07468587524283053,0.7706223559734406,0.9116465775621647,H4,False
LTBP2,GCST90011766,True,False,1000000,exclude_palindromic,4421,0.0001,0.0001,0.0001,0.15,0.2,0.0009117325381402909,0.018102763425783108,0.0004788939899990234,0.009411495528207001,0.9710951145178702,0.9904013951239302,H4,True
LTBP2,GCST90011766,True,False,1000000,exclude_palindromic,4421,0.0001,0.0001,1e-06,0.3,0.2,0.02235729236964493,0.44391173691606395,0.011123367704622855,0.2178103223968885,0.3047972806127798,0.5832239692983208,H1,False
LTBP2,GCST90011766,True,False,1000000,exclude_palindromic,4421,0.0001,0.0001,1e-05,0.3,0.2,0.0059728143169478646,0.1185922845162296,0.0029716393550880626,0.05818864782380742,0.8142746139879272,0.9333053317305599,H4,True
LTBP2,GCST90011766,True,False,1000000,exclude_palindromic,4421,0.0001,0.0001,0.0001,0.3,0.2,0.0007171561190285301,0.014239381637741416,0.00035680488861010093,0.00698671390577634,0.9776999434488434,0.9929046322973988,H4,True
LTBP2,GCST90011766,True,False,500000,exact_all,2169,0.0001,0.0001,1e-06,0.075,0.2,0.03036119048419201,0.6825502505964672,0.008258819622173287,0.18472557128355557,0.09410416801361167,0.33749688340567807,H1,False
LTBP2,GCST90011766,True,False,500000,exact_all,2169,0.0001,0.0001,1e-05,0.075,0.2,0.016438666866049455,0.36955784703949157,0.004471629152565232,0.10001722855867963,0.5095146283832145,0.8359114008241013,H4,False
LTBP2,GCST90011766,True,False,500000,exact_all,2169,0.0001,0.0001,0.0001,0.075,0.2,0.0029430273745339234,0.06616223013541858,0.0008005592614047572,0.01790616258433549,0.9121880206443074,0.9807480114302213,H4,True
LTBP2,GCST90011766,True,False,500000,exact_all,2169,0.0001,0.0001,1e-06,0.15,0.2,0.02214032959010723,0.497736988208163,0.009157800396582039,0.2031989501282386,0.26776593167690904,0.5685475542265419,H1,False
LTBP2,GCST90011766,True,False,500000,exact_all,2169,0.0001,0.0001,1e-05,0.15,0.2,0.0064929682807395766,0.14596848991943115,0.002685655931830395,0.05959099806950283,0.7852618877984957,0.929465828825004,H4,False
LTBP2,GCST90011766,True,False,500000,exact_all,2169,0.0001,0.0001,0.0001,0.15,0.2,0.0008048445468122886,0.018093718933845922,0.00033290406450307847,0.007386681678025686,0.9733818507768132,0.9924684760638303,H4,True
LTBP2,GCST90011766,True,False,500000,exact_all,2169,0.0001,0.0001,1e-06,0.3,0.2,0.020280443061895685,0.45592485911616476,0.009097146907993344,0.20137988101515805,0.3133176698987882,0.608741326517741,H1,False
LTBP2,GCST90011766,True,False,500000,exact_all,2169,0.0001,0.0001,1e-05,0.3,0.2,0.005309212436232732,0.11935646201710427,0.0023815399570289147,0.052719191855407424,0.820233593734227,0.9396081979166854,H4,True
LTBP2,GCST90011766,True,False,500000,exact_all,2169,0.0001,0.0001,0.0001,0.3,0.2,0.0006333986652264371,0.014239442221571297,0.00028412203280302455,0.006289495128344445,0.9785535419520545,0.9936137080818586,H4,True
LTBP2,GCST90011766,True,False,500000,exclude_palindromic,1874,0.0001,0.0001,1e-06,0.075,0.2,0.035374407573341426,0.6986954596860844,0.008222875443671286,0.16145106225361083,0.09625619504329223,0.3735098345810107,H1,False
LTBP2,GCST90011766,True,False,500000,exclude_palindromic,1874,0.0001,0.0001,1e-05,0.075,0.2,0.018954240199487722,0.3743735224886649,0.00440596371731951,0.08650836648141,0.5157579071131176,0.8563619278145878,H4,False
LTBP2,GCST90011766,True,False,500000,exclude_palindromic,1874,0.0001,0.0001,0.0001,0.075,0.2,0.0033595960680874617,0.06635685740560388,0.0007809470717397949,0.015333411670886664,0.9141691877836818,0.9835036376661191,H4,True
LTBP2,GCST90011766,True,False,500000,exclude_palindromic,1874,0.0001,0.0001,1e-06,0.15,0.2,0.02597223775937958,0.5129890744528411,0.009020651346258757,0.175404713190139,0.27661332325138155,0.6119519597691279,H1,False
LTBP2,GCST90011766,True,False,500000,exclude_palindromic,1874,0.0001,0.0001,1e-05,0.15,0.2,0.0074429257991736894,0.14700849623788792,0.0025850694596453597,0.050266144842604936,0.7926973636606884,0.9403697261677982,H4,False
LTBP2,GCST90011766,True,False,500000,exclude_palindromic,1874,0.0001,0.0001,0.0001,0.15,0.2,0.0009150077461627556,0.018072719846856388,0.00031779956481722176,0.006179547283116647,0.9745149255590466,0.9936988048222525,H4,True
LTBP2,GCST90011766,True,False,500000,exclude_palindromic,1874,0.0001,0.0001,1e-06,0.3,0.2,0.02378747815310688,0.4698369279683112,0.008931234639805608,0.1731619133243925,0.32428244591438377,0.6518969205131266,H1,False
LTBP2,GCST90011766,True,False,500000,exclude_palindromic,1874,0.0001,0.0001,1e-05,0.3,0.2,0.006070492053625457,0.11990095458517161,0.0022792239076811537,0.044190393452405996,0.8275589360011161,0.9493083711574428,H4,True
LTBP2,GCST90011766,True,False,500000,exclude_palindromic,1874,0.0001,0.0001,0.0001,0.3,0.2,0.0007185689147582351,0.01419277021593133,0.0002697935250331719,0.005230851599067751,0.9795880157452097,0.9946885140277891,H4,True
YLPM1,GCST90011766,True,False,1000000,exact_all,4764,0.0001,0.0001,1e-06,0.075,0.2,3.469979840318576e-05,0.0007840978309077628,0.04234082208736918,0.9567582460099333,8.213427338593653e-05,8.583905432755321e-05,H3,False
YLPM1,GCST90011766,True,False,1000000,exact_all,4764,0.0001,0.0001,1e-05,0.075,0.2,3.467416696560492e-05,0.0007835186472947438,0.04230954651262825,0.9560515246342751,0.0008207360388356419,0.0008577279043059479,H3,False
YLPM1,GCST90011766,True,False,1000000,exact_all,4764,0.0001,0.0001,0.0001,0.075,0.2,3.441991994681723e-05,0.0007777735264260331,0.04199931336188621,0.9490413129632403,0.008147180228500656,0.008511573516031224,H3,False
YLPM1,GCST90011766,True,False,1000000,exact_all,4764,0.0001,0.0001,1e-06,0.15,0.2,8.319100590082323e-08,1.8798347621489837e-06,0.042377381089154426,0.9575848185045399,3.583738053612486e-05,3.742335789843875e-05,H3,False
YLPM1,GCST90011766,True,True,1000000,exact_all,4764,0.0001,0.0001,1e-05,0.15,0.2,8.316418242275118e-08,1.8792286424612171e-06,0.042363717247251235,0.9572760621058987,0.00035825825402483147,0.000374107575729096,H3,False
YLPM1,GCST90011766,True,False,1000000,exact_all,4764,0.0001,0.0001,0.0001,0.15,0.2,8.289689594789402e-08,1.8731888740818355e-06,0.042227561893888856,0.954199413762207,0.003571068258135857,0.003728521942546156,H3,False
YLPM1,GCST90011766,True,False,1000000,exact_all,4764,0.0001,0.0001,1e-06,0.3,0.2,9.612174800712459e-09,2.172025705732325e-07,0.042377531847161067,0.9575882435201347,3.3997817958785854e-05,3.5502327004519464e-05,H3,False
YLPM1,GCST90011766,True,False,1000000,exact_all,4764,0.0001,0.0001,1e-05,0.3,0.2,9.609234563645684e-09,2.171361311812906e-07,0.04236456912098111,0.9572953299488899,0.00033987418476189604,0.0003549098689091861,H3,False
YLPM1,GCST90011766,True,False,1000000,exact_all,4764,0.0001,0.0001,0.0001,0.3,0.2,9.579930823038684e-09,2.1647396596694395e-07,0.04223537669298636,0.9543760200030964,0.0033883772500193205,0.003537798293335233,H3,False
YLPM1,GCST90011766,True,False,1000000,exclude_palindromic,4056,0.0001,0.0001,1e-06,0.075,0.2,4.4649539083595714e-05,0.0008861602234130381,0.047919374604896266,0.9510557686754757,9.404695713205646e-05,9.887712281109577e-05,H3,False
YLPM1,GCST90011766,True,False,1000000,exclude_palindromic,4056,0.0001,0.0001,1e-05,0.075,0.2,4.461177866527422e-05,0.0008854107916960992,0.04787884886447602,0.950251454355343,0.0009396742098194022,0.000987892108746711,H3,False
YLPM1,GCST90011766,True,False,1000000,exclude_palindromic,4056,0.0001,0.0001,0.0001,0.075,0.2,4.423765779012045e-05,0.0008779856078058685,0.047477329862668644,0.9422825072217402,0.009317939649994247,0.009791861364321327,H3,False
YLPM1,GCST90011766,True,False,1000000,exclude_palindromic,4056,0.0001,0.0001,1e-06,0.15,0.2,1.0543824859663534e-07,2.0926348591804837e-06,0.04796644000152197,0.9519904073922076,4.095453316375778e-05,4.3018050456795935e-05,H3,False
YLPM1,GCST90011766,True,False,1000000,exclude_palindromic,4056,0.0001,0.0001,1e-05,0.15,0.2,1.0539939934787105e-07,2.09186381742572e-06,0.04794876652738181,0.9516396417767857,0.00040939443261676857,0.00043001401928495053,H3,False
YLPM1,GCST90011766,True,False,1000000,exclude_palindromic,4056,0.0001,0.0001,0.0001,0.15,0.2,1.0501247564192309e-07,2.0841845355172396e-06,0.04777274546317085,0.9481461499808033,0.0040789153590158255,0.004283562266406198,H3,False
YLPM1,GCST90011766,True,False,1000000,exclude_palindromic,4056,0.0001,0.0001,1e-06,0.3,0.2,1.2121377363180668e-08,2.405731994706381e-07,0.0479666374830664,0.9519943487466408,3.8761075715461967e-05,4.071399966614035e-05,H3,False
YLPM1,GCST90011766,True,False,1000000,exclude_palindromic,4056,0.0001,0.0001,1e-05,0.3,0.2,1.2117150299158868e-08,2.404893048532507e-07,0.04794991017217785,0.9516623616349479,0.0003874755864197318,0.00040699086462806384,H3,False
YLPM1,GCST90011766,True,False,1000000,exclude_palindromic,4056,0.0001,0.0001,0.0001,0.3,0.2,1.2075041245968452e-08,2.396535657000858e-07,0.04778327649445115,0.9483551813148204,0.0038612904621219937,0.004055055312072468,H3,False
YLPM1,GCST90011766,True,False,500000,exact_all,2169,0.0001,0.0001,1e-06,0.075,0.2,3.489147408591221e-05,0.0007843956050873315,0.04254925360317284,0.9565494084642074,8.205085344713435e-05,8.577059916643294e-05,H3,False
YLPM1,GCST90011766,True,False,500000,exact_all,2169,0.0001,0.0001,1e-05,0.075,0.2,3.4865727221840695e-05,0.0007838167895585651,0.04251785596585411,0.9558435584466136,0.0008199030707510503,0.0008570444087522705,H3,False
YLPM1,GCST90011766,True,False,500000,exact_all,2169,0.0001,0.0001,0.0001,0.075,0.2,3.461033315593236e-05,0.0007780752728094985,0.0422064094831884,0.9488419327179797,0.00813897219286732,0.008504842835527165,H3,False
YLPM1,GCST90011766,True,False,500000,exact_all,2169,0.0001,0.0001,1e-06,0.15,0.2,8.360104000225043e-08,1.879435881586113e-06,0.04258600274700433,0.9573760267972208,3.600741885409435e-05,3.7609114537166933e-05,H3,False
YLPM1,GCST90011766,True,False,500000,exact_all,2169,0.0001,0.0001,1e-05,0.15,0.2,8.357395646015052e-08,1.8788270161841793e-06,0.042572206509562366,0.9570658735512023,0.0003599575382642938,0.0003759638883512195,H3,False
YLPM1,GCST90011766,True,False,500000,exact_all,2169,0.0001,0.0001,0.0001,0.15,0.2,8.330408306613959e-08,1.8727599895039383e-06,0.04243473418746706,0.9539753579584597,0.0035879517899992793,0.003746960387341693,H3,False
YLPM1,GCST90011766,True,False,500000,exact_all,2169,0.0001,0.0001,1e-06,0.3,0.2,9.659503987279315e-09,2.171554132762963e-07,0.04258615440272271,0.9573794546034167,3.4164178943037674e-05,3.5683823869653885e-05,H3,False
YLPM1,GCST90011766,True,False,500000,exact_all,2169,0.0001,0.0001,1e-05,0.3,0.2,9.65653481902759e-09,2.1708866337281892e-07,0.042573064138690296,0.9570851723415938,0.0003415367745190544,0.00035672367531333843,H3,False
YLPM1,GCST90011766,True,False,500000,exact_all,2169,0.0001,0.0001,0.0001,0.3,0.2,9.626943222796465e-09,2.1642341437892257e-07,0.04244260275187568,0.9541522695447311,0.003404901653037352,0.003555820744131969,H3,False
YLPM1,GCST90011766,True,False,500000,exclude_palindromic,1874,0.0001,0.0001,1e-06,0.075,0.2,4.487862679065612e-05,0.0008864174675029279,0.04814006630312644,0.9508346518123083,9.398579027180393e-05,9.883579750921672e-05,H3,False
YLPM1,GCST90011766,True,False,500000,exclude_palindromic,1874,0.0001,0.0001,1e-05,0.075,0.2,4.484069729531136e-05,0.000885668305382527,0.0480993803786382,0.9500310470436558,0.0009390635750281081,0.0009874795900968647,H3,False
YLPM1,GCST90011766,True,False,500000,exclude_palindromic,1874,0.0001,0.0001,0.0001,0.075,0.2,4.4464898992213334e-05,0.0008782457480552291,0.04769627189423358,0.9420690822013565,0.00931193525736221,0.009787808550391077,H3,False
YLPM1,GCST90011766,True,False,500000,exclude_palindromic,1874,0.0001,0.0001,1e-06,0.15,0.2,1.059243695003089e-07,2.092158741783451e-06,0.04818736030367429,0.9517693048782462,4.113673496866545e-05,4.321946174381442e-05,H3,False
YLPM1,GCST90011766,True,False,500000,exclude_palindromic,1874,0.0001,0.0001,1e-05,0.15,0.2,1.0588516756963016e-07,2.0913844472339416e-06,0.04816952647027856,0.9514170611548424,0.0004112151052654508,0.00043202656983587793,H3,False
YLPM1,GCST90011766,True,False,500000,exclude_palindromic,1874,0.0001,0.0001,0.0001,0.15,0.2,1.0549473830039381e-07,2.0836729072688293e-06,0.04799191147989869,0.9479089109913041,0.004096988361152687,0.0043035325347662344,H3,False
YLPM1,GCST90011766,True,False,500000,exclude_palindromic,1874,0.0001,0.0001,1e-06,0.3,0.2,1.2177214040192184e-08,2.405175024873002e-07,0.048187558919106886,0.95177324980037,3.893858580632413e-05,4.090994660653124e-05,H3,False
YLPM1,GCST90011766,True,False,500000,exclude_palindromic,1874,0.0001,0.0001,1e-05,0.3,0.2,1.2172948063747914e-08,2.404332433130212e-07,0.048170677636526375,0.9514398203106251,0.00038924944665643264,0.00040894889536804345,H3,False
YLPM1,GCST90011766,True,False,500000,exclude_palindromic,1874,0.0001,0.0001,0.0001,0.3,0.2,1.2130452117777078e-08,2.3959388722081446e-07,0.048002513071665,0.9481183294945399,0.0038789057094549893,0.004074492620373854,H3,False
NPC2,GCST90011770,False,False,1000000,exact_all,4896,0.0001,0.0001,1e-06,0.075,0.2,4.9041099531291e-05,0.44597301525090355,4.482131138522607e-05,0.4061207180922846,0.14781240424589492,0.26684160647764,H1,False
NPC2,GCST90011770,False,False,1000000,exact_all,4896,0.0001,0.0001,1e-05,0.075,0.2,2.1044867444809678e-05,0.19137913055821487,1.9234041769450318e-05,0.17427742771937105,0.6343031628131995,0.784464987460825,H4,False
NPC2,GCST90011770,False,False,1000000,exact_all,4896,0.0001,0.0001,0.0001,0.075,0.2,3.1369383264805606e-06,0.028526885764949547,2.867017478629804e-06,0.025977713753106743,0.9454893965261381,0.9732592967088309,H4,True
NPC2,GCST90011770,False,False,1000000,exact_all,4896,0.0001,0.0001,1e-06,0.15,0.2,1.1248313401165088e-05,0.10229061525841127,7.575420589856303e-05,0.6867900073534411,0.2108323748688481,0.23487869625853103,H3,False
NPC2,GCST90011770,False,True,1000000,exact_all,4896,0.0001,0.0001,1e-05,0.15,0.2,3.882086933131039e-06,0.03530316472472055,2.614475631680647e-05,0.23702918102153908,0.727637627410491,0.7542890675311962,H4,False
NPC2,GCST90011770,False,False,1000000,exact_all,4896,0.0001,0.0001,0.0001,0.15,0.2,5.142696170612547e-07,0.004676697177770183,3.463460260113148e-06,0.03139983937917011,0.9639194857131819,0.96845249701521,H4,True
NPC2,GCST90011770,False,False,1000000,exact_all,4896,0.0001,0.0001,1e-06,0.3,0.2,3.5336233036787295e-06,0.03213428439745623,9.506838351360699e-05,0.8634960961700132,0.10427101742571306,0.10774391479195385,H3,False
NPC2,GCST90011770,False,False,1000000,exact_all,4896,0.0001,0.0001,1e-05,0.3,0.2,1.8229219582289127e-06,0.016577401609026043,4.904377998069656e-05,0.4454594786361458,0.5379122530528888,0.5470080496710773,H4,False
NPC2,GCST90011770,False,False,1000000,exact_all,4896,0.0001,0.0001,0.0001,0.3,0.2,3.1207949579527886e-07,0.002838008019151326,8.396167515114426e-06,0.0762615036054873,0.9208917801283505,0.9235207817599252,H4,True
NPC2,GCST90011770,False,False,1000000,exclude_palindromic,4182,0.0001,0.0001,1e-06,0.075,0.2,6.187439413301455e-05,0.4753797195727566,4.792711423833411e-05,0.36664438913431413,0.15786608978455727,0.3009779520705728,H1,False
NPC2,GCST90011770,False,False,1000000,exclude_palindromic,4182,0.0001,0.0001,1e-05,0.075,0.2,2.5559536862429946e-05,0.19637340512702173,1.979809031262848e-05,0.15145620269566976,0.6521250345501328,0.8115234705892694,H4,False
NPC2,GCST90011770,False,False,1000000,exclude_palindromic,4182,0.0001,0.0001,0.0001,0.075,0.2,3.72093035217763e-06,0.02858783269158745,2.8821850550702684e-06,0.022048833852864557,0.9493567303401399,0.977302133459384,H4,True
NPC2,GCST90011770,False,False,1000000,exclude_palindromic,4182,0.0001,0.0001,1e-06,0.15,0.2,1.4784229152035274e-05,0.11358693376916446,8.501163624901622e-05,0.6507874246632527,0.23552584570218105,0.2657365669421512,H3,False
NPC2,GCST90011770,False,False,1000000,exclude_palindromic,4182,0.0001,0.0001,1e-05,0.15,0.2,4.738941118989562e-06,0.03640918883785935,2.7249654646863075e-05,0.2086035906737447,0.7549552318926294,0.7835071551541161,H4,False
NPC2,GCST90011770,False,False,1000000,exclude_palindromic,4182,0.0001,0.0001,0.0001,0.15,0.2,6.079776884007e-07,0.004671080292068734,3.4959670580270185e-06,0.02676258802661618,0.9685622277365685,0.9731117042368773,H4,True
NPC2,GCST90011770,False,False,1000000,exclude_palindromic,4182,0.0001,0.0001,1e-06,0.3,0.2,4.764684653789346e-06,0.03660697589542026,0.00010993974325460411,0.8434667093154768,0.1198116103611941,0.1243790168571524,H3,False
NPC2,GCST90011770,False,False,1000000,exclude_palindromic,4182,0.0001,0.0001,1e-05,0.3,0.2,2.2925825687537926e-06,0.017613865540059552,5.289876609112441e-05,0.40584366345481065,0.5764872796564694,0.5868564801904687,H4,False
NPC2,GCST90011770,False,False,1000000,exclude_palindromic,4182,0.0001,0.0001,0.0001,0.3,0.2,3.704653762261384e-07,0.0028462779980229147,8.548072182411981e-06,0.06558150948190664,0.9315632939825121,0.9342307062584548,H4,True
NPC2,GCST90011770,False,False,500000,exact_all,2171,0.0001,0.0001,1e-06,0.075,0.2,5.6578590060938945e-05,0.5145153856136114,3.481131674474116e-05,0.3148624619023601,0.1705307625772233,0.35132497525085693,H1,False
NPC2,GCST90011770,False,False,500000,exact_all,2171,0.0001,0.0001,1e-05,0.075,0.2,2.23209351807099e-05,0.20298251616715507,1.3733483704306252e-05,0.12421703325218365,0.6727643961617765,0.8441406177512524,H4,False
NPC2,GCST90011770,False,False,500000,exact_all,2171,0.0001,0.0001,0.0001,0.075,0.2,3.1639002443080247e-06,0.028771932147651814,1.946664514522948e-06,0.017607250712033225,0.9536157065755569,0.9818710517704335,H4,True
NPC2,GCST90011770,False,False,500000,exact_all,2171,0.0001,0.0001,1e-06,0.15,0.2,1.159031956602212e-05,0.10540025360253544,7.471483798472648e-05,0.6772706910945656,0.21724275014534883,0.24286135918116725,H3,False
NPC2,GCST90011770,False,False,500000,exact_all,2171,0.0001,0.0001,1e-05,0.15,0.2,3.9220287533263545e-06,0.03566621462698026,2.5282628421675916e-05,0.2291804905919216,0.7351240901239223,0.7623359930305513,H4,False
NPC2,GCST90011770,False,False,500000,exact_all,2171,0.0001,0.0001,0.0001,0.15,0.2,5.149643644648891e-07,0.004682992069518596,3.319621934471552e-06,0.030091514649229784,0.9652216586949524,0.9697667875246497,H4,True
NPC2,GCST90011770,False,False,500000,exact_all,2171,0.0001,0.0001,1e-06,0.3,0.2,3.5598317634916826e-06,0.03237246121792292,9.495847707584084e-05,0.8624846389311756,0.10504438154206144,0.10856974759339232,H3,False
NPC2,GCST90011770,False,False,500000,exact_all,2171,0.0001,0.0001,1e-05,0.3,0.2,1.829871902653139e-06,0.01664052155776658,4.8811814901437356e-05,0.4433457848867759,0.5399630518686539,0.5491286477708676,H4,False
NPC2,GCST90011770,False,False,500000,exact_all,2171,0.0001,0.0001,0.0001,0.3,0.2,3.122825506763537e-07,0.0028398405970984676,8.330133950066071e-06,0.07566057074012361,0.9214909462462775,0.9241232957567115,H4,True
NPC2,GCST90011770,False,False,500000,exclude_palindromic,1876,0.0001,0.0001,1e-06,0.075,0.2,7.03863407118421e-05,0.5407742280580866,3.6617634785216265e-05,0.27953535863563306,0.17958340933078304,0.3911480467814797,H1,False
NPC2,GCST90011770,False,False,500000,exclude_palindromic,1876,0.0001,0.0001,1e-05,0.075,0.2,2.690351545550124e-05,0.2066981697778436,1.3996225594694409e-05,0.10684578520996414,0.6864151452711426,0.8653081462802372,H4,False
NPC2,GCST90011770,False,False,500000,exclude_palindromic,1876,0.0001,0.0001,0.0001,0.075,0.2,3.7481894434619505e-06,0.02879712501608408,1.9499498163768187e-06,0.014885721714130138,0.9563114551305267,0.9846728120004501,H4,True
NPC2,GCST90011770,False,False,500000,exclude_palindromic,1876,0.0001,0.0001,1e-06,0.15,0.2,1.5211273398603035e-05,0.11686734310547996,8.370854941645358e-05,0.6407047048934781,0.24232903217822702,0.27442782988318504,H3,False
NPC2,GCST90011770,False,False,500000,exclude_palindromic,1876,0.0001,0.0001,1e-05,0.15,0.2,4.781973753756842e-06,0.03673963071711174,2.6315488242509696e-05,0.20141857965622456,0.761810692164668,0.7908923809224963,H4,False
NPC2,GCST90011770,False,False,500000,exclude_palindromic,1876,0.0001,0.0001,0.0001,0.15,0.2,6.086804282928786e-07,0.004676456900802742,3.3496048868112414e-06,0.025637854502019525,0.9696817303118631,0.974241585423225,H4,True
NPC2,GCST90011770,False,False,500000,exclude_palindromic,1876,0.0001,0.0001,1e-06,0.3,0.2,4.799490669255892e-06,0.036874212176542034,0.00010979272603952099,0.8423243633045111,0.12068683230223884,0.12532235643034192,H3,False
NPC2,GCST90011770,False,False,500000,exclude_palindromic,1876,0.0001,0.0001,1e-05,0.3,0.2,2.3006103211083085e-06,0.01767545745208058,5.2628559177572117e-05,0.40376370275135604,0.5785059106270648,0.588948189731076,H4,False
NPC2,GCST90011770,False,False,500000,exclude_palindromic,1876,0.0001,0.0001,0.0001,0.3,0.2,3.7067439021115945e-07,0.0028478701293476526,8.479514719137895e-06,0.06505441748807697,0.9320888621934669,0.9347592078152969,H4,True
LTBP2,GCST90011770,False,False,1000000,exact_all,5188,0.0001,0.0001,1e-06,0.075,0.2,6.473993831729901e-05,0.5887421821521692,3.461947705492939e-05,0.31385498325452943,0.0973034751779294,0.23665687323787232,H1,False
LTBP2,GCST90011770,False,False,1000000,exact_all,5188,0.0001,0.0001,1e-05,0.075,0.2,3.4514505955565925e-05,0.3138734153961068,1.84565227902242e-05,0.1673240656429226,0.5187495479322256,0.7561135389379102,H4,False
LTBP2,GCST90011770,False,False,1000000,exact_all,5188,0.0001,0.0001,0.0001,0.075,0.2,6.088561098574863e-06,0.05536910971050374,3.2558387716802216e-06,0.029516945664540106,0.9151046002250853,0.968752622896462,H4,True
LTBP2,GCST90011770,False,False,1000000,exact_all,5188,0.0001,0.0001,1e-06,0.15,0.2,4.7792517577076656e-05,0.4346230753413533,2.980923215081017e-05,0.2681119867860256,0.2971873361228933,0.5257167735380007,H1,False
LTBP2,GCST90011770,False,True,1000000,exact_all,5188,0.0001,0.0001,1e-05,0.15,0.2,1.3005877849304844e-05,0.11827488726164352,8.112048742980704e-06,0.07296187618594954,0.8087421186258152,0.9172490125764643,H4,True
LTBP2,GCST90011770,False,False,1000000,exact_all,5188,0.0001,0.0001,0.0001,0.15,0.2,1.571008821945365e-06,0.014286685870463323,9.798723536339115e-07,0.008813226794986294,0.9768975364533748,0.9910590133296884,H4,True
LTBP2,GCST90011770,False,False,1000000,exact_all,5188,0.0001,0.0001,1e-06,0.3,0.2,4.4444492373573875e-05,0.4041762798169284,2.632133592079238e-05,0.23576520611120827,0.3599877482435695,0.604256757120826,H1,False
LTBP2,GCST90011770,False,False,1000000,exact_all,5188,0.0001,0.0001,1e-05,0.3,0.2,1.0482464205414632e-05,0.09532707338058663,6.208023691872663e-06,0.05560644754742224,0.8490497885840943,0.9385330633598392,H4,True
LTBP2,GCST90011770,False,False,1000000,exact_all,5188,0.0001,0.0001,0.0001,0.3,0.2,1.2130448609350771e-06,0.011031377184438251,7.184008538850495e-07,0.00643485292298104,0.982531838446866,0.9934933572797402,H4,True
LTBP2,GCST90011770,False,False,1000000,exclude_palindromic,4426,0.0001,0.0001,1e-06,0.075,0.2,8.040413611278312e-05,0.6177499446568722,3.6576620291972026e-05,0.27999909338317747,0.10213398120354619,0.26727333485593713,H1,False
LTBP2,GCST90011770,False,False,1000000,exclude_palindromic,4426,0.0001,0.0001,1e-05,0.075,0.2,4.18944830309996e-05,0.3218779011259555,1.905820611024156e-05,0.1458932069114269,0.532167939273477,0.7848376835447779,H4,False
LTBP2,GCST90011770,False,False,1000000,exclude_palindromic,4426,0.0001,0.0001,0.0001,0.075,0.2,7.236272588415505e-06,0.05559672931185215,3.2918504891889435e-06,0.025199571342795025,0.9191931712222756,0.9733166401995527,H4,True
LTBP2,GCST90011770,False,False,1000000,exclude_palindromic,4426,0.0001,0.0001,1e-06,0.15,0.2,5.905333381648387e-05,0.4537104116853619,3.104237361405695e-05,0.23539240320098465,0.3108070894062236,0.5690358442528547,H1,False
LTBP2,GCST90011770,False,False,1000000,exclude_palindromic,4426,0.0001,0.0001,1e-05,0.15,0.2,1.555154891900734e-05,0.11948351102945376,8.17493205923549e-06,0.061990005253877434,0.8185027572356909,0.9295962353187294,H4,True
LTBP2,GCST90011770,False,False,1000000,exclude_palindromic,4426,0.0001,0.0001,0.0001,0.15,0.2,1.8587823812941161e-06,0.014281139860304421,9.771000791703319e-07,0.007409289594389288,0.9783067346628466,0.9924833426544198,H4,True
LTBP2,GCST90011770,False,False,1000000,exclude_palindromic,4426,0.0001,0.0001,1e-06,0.3,0.2,5.4634359740610794e-05,0.41975916088177617,2.7198207242181843e-05,0.20521607709501072,0.374942929456231,0.6462761505420407,H1,False
LTBP2,GCST90011770,False,False,1000000,exclude_palindromic,4426,0.0001,0.0001,1e-05,0.3,0.2,1.2489319929400668e-05,0.09595621653551493,6.21746302814738e-06,0.046912039486956894,0.8571130371945711,0.9481075904894581,H4,True
LTBP2,GCST90011770,False,False,1000000,exclude_palindromic,4426,0.0001,0.0001,0.0001,0.3,0.2,1.4332447882096537e-06,0.0110117082453859,7.13501338051324e-07,0.005383514593191541,0.9836026304152959,0.9945565318378193,H4,True
LTBP2,GCST90011770,False,False,500000,exact_all,2171,0.0001,0.0001,1e-06,0.075,0.2,7.657741418810093e-05,0.6963810471036351,2.0846853922606867e-05,0.18842653999576772,0.11509498863248728,0.37919876442587547,H1,False
LTBP2,GCST90011770,False,False,500000,exact_all,2171,0.0001,0.0001,1e-05,0.075,0.2,3.7614377269667115e-05,0.34205829103683855,1.023985252889904e-05,0.09255401267022847,0.5653398420631345,0.8593177121136972,H4,False
LTBP2,GCST90011770,False,False,500000,exact_all,2171,0.0001,0.0001,0.0001,0.075,0.2,6.178386226781878e-06,0.05618511823144836,1.6819569648929403e-06,0.015202549626583137,0.9286044717987774,0.9838923113714243,H4,True
LTBP2,GCST90011770,False,False,500000,exact_all,2171,0.0001,0.0001,1e-06,0.15,0.2,5.259082917232048e-05,0.47825141492907297,2.1764229645790333e-05,0.1946496921226573,0.32702453788945246,0.6268750094898519,H1,False
LTBP2,GCST90011770,False,False,500000,exact_all,2171,0.0001,0.0001,1e-05,0.15,0.2,1.3337023538077025e-05,0.1212844611581972,5.519404193512772e-06,0.04936312217122588,0.8293335602428459,0.9438223414755488,H4,True
LTBP2,GCST90011770,False,False,500000,exact_all,2171,0.0001,0.0001,0.0001,0.15,0.2,1.5757349149496504e-06,0.014329446112335588,6.521033626886415e-07,0.005832125503419547,0.9798362005459675,0.9940830750575146,H4,True
LTBP2,GCST90011770,False,False,500000,exact_all,2171,0.0001,0.0001,1e-06,0.3,0.2,4.7181518379282954e-05,0.4290601285151502,2.117221198811892e-05,0.18871466833366624,0.38215684942081607,0.6694270734052846,H1,False
LTBP2,GCST90011770,False,False,500000,exact_all,2171,0.0001,0.0001,1e-05,0.3,0.2,1.0627876429229633e-05,0.09664797113800945,4.769148184980515e-06,0.04250893664146932,0.860827695195907,0.9529423083895018,H4,True
LTBP2,GCST90011770,False,False,500000,exact_all,2171,0.0001,0.0001,0.0001,0.3,0.2,1.2149686288277222e-06,0.0110487032620721,5.452044413167876e-07,0.004859580821072283,0.9840899557437851,0.9950861185112112,H4,True
LTBP2,GCST90011770,False,False,500000,exclude_palindromic,1876,0.0001,0.0001,1e-06,0.075,0.2,9.320281161851951e-05,0.7160718684352396,2.1685135818169872e-05,0.16542174261916506,0.11839150099815936,0.4171457944992548,H1,False
LTBP2,GCST90011770,False,False,500000,exclude_palindromic,1876,0.0001,0.0001,1e-05,0.075,0.2,4.5123094079132534e-05,0.34667814978666617,1.0498614866331098e-05,0.08008707811831141,0.5731791503860765,0.8774051456759586,H4,False
LTBP2,GCST90011770,False,False,500000,exclude_palindromic,1876,0.0001,0.0001,0.0001,0.075,0.2,7.326828104982777e-06,0.05629160107651034,1.7047046093764558e-06,0.013004078438729168,0.9306952889520457,0.9862201047408943,H4,True
LTBP2,GCST90011770,False,False,500000,exclude_palindromic,1876,0.0001,0.0001,1e-06,0.15,0.2,6.4247101933774e-05,0.49360680782429844,2.2328082483047194e-05,0.1681639534292319,0.3381426635620532,0.6678614345817913,H1,False
LTBP2,GCST90011770,False,False,500000,exclude_palindromic,1876,0.0001,0.0001,1e-05,0.15,0.2,1.5889831725340116e-05,0.12208066790149248,5.52226423801733e-06,0.04159093316011091,0.8363069868424329,0.9526244085872873,H4,True
LTBP2,GCST90011770,False,False,500000,exclude_palindromic,1876,0.0001,0.0001,0.0001,0.15,0.2,1.8635245222618658e-06,0.014317352270366394,6.476390061163319e-07,0.0048776931806030115,0.980802443385503,0.9950514441757994,H4,True
LTBP2,GCST90011770,False,False,500000,exclude_palindromic,1876,0.0001,0.0001,1e-06,0.3,0.2,5.758904448371696e-05,0.44245333342134197,2.1632262463804382e-05,0.16224723254580356,0.39522021272590735,0.7089565786810674,H1,False
LTBP2,GCST90011770,False,False,500000,exclude_palindromic,1876,0.0001,0.0001,1e-05,0.3,0.2,1.2637540715282078e-05,0.09709350217306459,4.747059099535723e-06,0.03560409841179384,0.8672850148153263,0.9605664772227266,H4,True
LTBP2,GCST90011770,False,False,500000,exclude_palindromic,1876,0.0001,0.0001,0.0001,0.3,0.2,1.4351765643565828e-06,0.011026379420608414,5.390976078938207e-07,0.004043363245022899,0.9849282830601956,0.9959115478586987,H4,True
YLPM1,GCST90011770,False,False,1000000,exact_all,4769,0.0001,0.0001,1e-06,0.075,0.2,9.003186111748254e-08,0.0008187453515176779,0.00010985759402563297,0.9990392788220739,3.2028200520496365e-05,3.205797253445898e-05,H3,False
YLPM1,GCST90011770,False,False,1000000,exact_all,4769,0.0001,0.0001,1e-05,0.075,0.2,9.000591656958728e-08,0.0008185094130651921,0.00010982593628164679,0.9987513849354328,0.00032018970930303614,0.000320487257799216,H3,False
YLPM1,GCST90011770,False,False,1000000,exact_all,4769,0.0001,0.0001,0.0001,0.075,0.2,8.974729113804533e-08,0.0008161574860114692,0.00010951035947016707,0.9958815457317807,0.003192696675446731,0.003195655077398515,H3,False
YLPM1,GCST90011770,False,False,1000000,exact_all,4769,0.0001,0.0001,1e-06,0.15,0.2,2.1584445194292894e-10,1.9628789129278344e-06,0.0001099508634678822,0.999887783838374,3.022034015635122e-07,3.02237226127811e-07,H3,False
YLPM1,GCST90011770,False,True,1000000,exact_all,4769,0.0001,0.0001,1e-05,0.15,0.2,2.158438648841771e-10,1.962873574244193e-06,0.00010995056442097091,0.9998850643203643,3.0220257962368397e-06,3.0223640400397937e-06,H3,False
YLPM1,GCST90011770,False,False,1000000,exact_all,4769,0.0001,0.0001,0.0001,0.15,0.2,2.1583799447229296e-10,1.9628201890049902e-06,0.00010994757404132593,0.9998578699538831,3.021943604713086e-05,3.022281830116497e-05,H3,False
YLPM1,GCST90011770,False,False,1000000,exact_all,4769,0.0001,0.0001,1e-06,0.3,0.2,2.4939368957248954e-11,2.2679740427543894e-07,0.00010995107037462418,0.9998896669082439,1.551990371813459e-07,1.5521613856840935e-07,H3,False
YLPM1,GCST90011770,False,False,1000000,exact_all,4769,0.0001,0.0001,1e-05,0.3,0.2,2.4939334122203143e-11,2.2679708748723226e-07,0.00010995091679613628,0.9998882702729717,1.551988204009782e-06,1.5521592174026508e-06,H3,False
YLPM1,GCST90011770,False,False,1000000,exact_all,4769,0.0001,0.0001,0.0001,0.3,0.2,2.4938985777097456e-11,2.267939196538401e-07,0.00010994938103485476,0.999874304134843,1.551966526306109e-05,1.5521375349214193e-05,H3,False
YLPM1,GCST90011770,False,False,1000000,exclude_palindromic,4061,0.0001,0.0001,1e-06,0.075,0.2,1.2114162655907955e-07,0.0009307379624964791,0.00013001375197925908,0.9989026385726626,3.648857123545129e-05,3.6527322079952e-05,H3,False
YLPM1,GCST90011770,False,False,1000000,exclude_palindromic,4061,0.0001,0.0001,1e-05,0.075,0.2,1.211018570554382e-07,0.000930432411152651,0.00012997106985149153,0.9985747094928702,0.000364765924267805,0.00036515317818978547,H3,False
YLPM1,GCST90011770,False,False,1000000,exclude_palindromic,4061,0.0001,0.0001,0.0001,0.075,0.2,1.2070559346914363e-07,0.0009273878956265241,0.0001295457848599466,0.9953072220637915,0.003635723550127753,0.0036395707743782607,H3,False
YLPM1,GCST90011770,False,False,1000000,exclude_palindromic,4061,0.0001,0.0001,1e-06,0.15,0.2,2.8606783075407654e-10,2.1978753092108048e-06,0.00013013926337530587,0.9998673110919581,3.5148328774501247e-07,3.5152980829456647e-07,H3,False
YLPM1,GCST90011770,False,False,1000000,exclude_palindromic,4061,0.0001,0.0001,1e-05,0.15,0.2,2.8606692582438487e-10,2.1978683565848468e-06,0.00013013885170062308,0.999864148172118,3.514821758840163e-06,3.515286961392297e-06,H3,False
YLPM1,GCST90011770,False,False,1000000,exclude_palindromic,4061,0.0001,0.0001,0.0001,0.15,0.2,2.8605787684233594e-10,2.1977988327444115e-06,0.00013013473509703629,0.999832520074245,3.514710576609263e-05,3.515175749728981e-05,H3,False
YLPM1,GCST90011770,False,False,1000000,exclude_palindromic,4061,0.0001,0.0001,1e-06,0.3,0.2,3.288682563338408e-11,2.526713397567364e-07,0.0001301395382219049,0.9998694244355164,1.8332203366288062e-07,1.8334594055121318e-07,H3,False
YLPM1,GCST90011770,False,False,1000000,exclude_palindromic,4061,0.0001,0.0001,1e-05,0.3,0.2,3.288677137355584e-11,2.5267092287540983e-07,0.00013013932350525604,0.9998677747553727,1.8332173120066748e-06,1.8334563801010706e-06,H3,False
YLPM1,GCST90011770,False,False,1000000,exclude_palindromic,4061,0.0001,0.0001,0.0001,0.3,0.2,3.288622878512045e-11,2.526667541377994e-07,0.00013013717637773415,0.9998512782533192,1.8331870663342835e-05,1.8334261265396102e-05,H3,False
YLPM1,GCST90011770,False,False,500000,exact_all,2171,0.0001,0.0001,1e-06,0.075,0.2,9.00872917971766e-08,0.0008192374116779295,0.00010985914996612678,0.9990387656352122,3.204771585200611e-05,3.207752185704663e-05,H3,False
YLPM1,GCST90011770,False,False,500000,exact_all,2171,0.0001,0.0001,1e-05,0.075,0.2,9.006131546215178e-08,0.0008190011876218382,0.00010982747248944686,0.9987506965284468,0.0003203847501251425,0.0003206826382314326,H3,False
YLPM1,GCST90011770,False,False,500000,exact_all,2171,0.0001,0.0001,0.0001,0.075,0.2,8.980237366273273e-08,0.0008166464180944237,0.00010951169958288728,0.9958791161922836,0.0031946358876659385,0.003197597655843822,H3,False
YLPM1,GCST90011770,False,False,500000,exact_all,2171,0.0001,0.0001,1e-06,0.15,0.2,2.1584889005480847e-10,1.962890464064292e-06,0.0001099524770090819,0.9998877822085044,3.022081732297429e-07,3.0224199881934527e-07,H3,False
YLPM1,GCST90011770,False,False,500000,exact_all,2171,0.0001,0.0001,1e-05,0.15,0.2,2.1584830297471686e-10,1.9628851252649443e-06,0.00010995217795306054,0.9998850626475624,3.0220735126395923e-06,3.0224117666954883e-06,H3,False
YLPM1,GCST90011770,False,False,500000,exact_all,2171,0.0001,0.0001,0.0001,0.15,0.2,2.158424323494369e-10,1.9628317388686685e-06,0.0001099491874823152,0.99985786785175,3.021991318520315e-05,3.0223295541758254e-05,H3,False
YLPM1,GCST90011770,False,False,500000,exact_all,2171,0.0001,0.0001,1e-06,0.3,0.2,2.4939758087712674e-11,2.2679761435887433e-07,0.00010995268392039348,0.9998896652922785,1.5520124608282458e-07,1.5521834796379916e-07,H3,False
YLPM1,GCST90011770,False,False,500000,exact_all,2171,0.0001,0.0001,1e-05,0.3,0.2,2.493972325162759e-11,2.2679729756586606e-07,0.00010995253033746624,0.9998882686371333,1.5520102929628651e-06,1.5521813112948206e-06,H3,False
YLPM1,GCST90011770,False,False,500000,exact_all,2171,0.0001,0.0001,0.0001,0.3,0.2,2.4939374896128734e-11,2.2679412968445308e-07,0.00010995099453178908,0.9998743023002534,1.5519886146421258e-05,1.552159628196319e-05,H3,False
YLPM1,GCST90011770,False,False,500000,exclude_palindromic,1876,0.0001,0.0001,1e-06,0.075,0.2,1.21207163783155e-07,0.0009312277036575369,0.00013001561007338554,0.9989021273895683,3.6508089537546495e-05,3.654687909837091e-05,H3,False
YLPM1,GCST90011770,False,False,500000,exclude_palindromic,1876,0.0001,0.0001,1e-05,0.075,0.2,1.21167351486501e-07,0.0009309218280604743,0.00012997290451146714,0.9985740231209533,0.0003649609791225327,0.000365348619817174,H3,False
YLPM1,GCST90011770,False,False,500000,exclude_palindromic,1876,0.0001,0.0001,0.0001,0.075,0.2,1.2077066227412555e-07,0.0009278740875410525,0.00012954738684116843,0.9953047964037666,0.003637661351189318,0.003641512404392815,H3,False
YLPM1,GCST90011770,False,False,500000,exclude_palindromic,1876,0.0001,0.0001,1e-06,0.15,0.2,2.860734300274007e-10,2.197885793272516e-06,0.00013014118958400882,0.9998673091498621,3.514886885795547e-07,3.515352105248425e-07,H3,False
YLPM1,GCST90011770,False,False,500000,exclude_palindromic,1876,0.0001,0.0001,1e-05,0.15,0.2,2.8607252506609013e-10,2.1978788405065503e-06,0.00013014077789690642,0.9998641461814229,3.5148757668438743e-06,3.5153409833532286e-06,H3,False
YLPM1,GCST90011770,False,False,500000,exclude_palindromic,1876,0.0001,0.0001,0.0001,0.15,0.2,2.860634757678815e-10,2.19780931526623e-06,0.000130136661169136,0.9998325175976404,3.514764581196206e-05,3.5152297682718e-05,H3,False
YLPM1,GCST90011770,False,False,500000,exclude_palindromic,1876,0.0001,0.0001,1e-06,0.3,0.2,3.28873365534244e-11,2.5267152486835295e-07,0.00013014146443637322,0.9998694225064849,1.8332466705370702e-07,1.8334857463870652e-07,H3,False
YLPM1,GCST90011770,False,False,500000,exclude_palindromic,1876,0.0001,0.0001,1e-05,0.3,0.2,3.288728229197364e-11,2.526711079807317e-07,0.00013014124971346148,0.9998677728026438,1.8332436458280358e-06,1.8334827208890721e-06,H3,False
YLPM1,GCST90011770,False,False,500000,exclude_palindromic,1876,0.0001,0.0001,0.0001,0.3,0.2,3.288673968731457e-11,2.5266693918018483e-07,0.0001301391025233165,0.9998512760636563,1.833213399286697e-05,1.833452466458323e-05,H3,False
