qc,cell_type,gene,minimum_cells,eligible_donors,total_cells,donor_mean_log1p_pseudobulk_CPM,donor_mean_log1p_CP10k,donor_mean_pct_detected
primary,Rod,COL8A2,20,3,14701,0.0,0.0,0.0
primary,Rod,DGKG,20,3,14701,0.041181511194163696,0.00012826429641184708,0.005595657769570813
primary,Rod,NPC2,20,3,14701,4.085773987780068,0.17497452596823374,9.735446049248123
primary,Rod,PSMC3,20,3,14701,4.476303226712248,0.2413459618886312,13.73506429514331
primary,Rod,RP11-466F5.8,20,3,14701,1.3936612762233118,0.010030181768039862,0.5799952160706784
primary,Rod,SLC2A12,20,3,14701,0.07783015533025538,0.00028848960452402633,0.011191315539141626
primary,Cone,COL8A2,20,3,537,0.0,0.0,0.0
primary,Cone,DGKG,20,3,537,0.0,0.0,0.0
primary,Cone,NPC2,20,3,537,4.667934905485411,0.5096011658509573,42.165473866840166
primary,Cone,PSMC3,20,3,537,4.625917334571265,0.45250152548154193,38.67346201113279
primary,Cone,RP11-466F5.8,20,3,537,1.3430931556092645,0.01979434536769986,1.7038964794332394
primary,Cone,SLC2A12,20,3,537,0.0,0.0,0.0
primary,Bipolar,COL8A2,20,3,2066,0.0,0.0,0.0
primary,Bipolar,DGKG,20,3,2066,0.09830719662628325,0.0004337807573998968,0.030385900941962928
primary,Bipolar,NPC2,20,3,2066,3.9430684621486134,0.20043992002805075,14.559986464726277
primary,Bipolar,PSMC3,20,3,2066,4.724751251780036,0.4352579613526662,29.340756155200413
primary,Bipolar,RP11-466F5.8,20,3,2066,0.6803065842105923,0.00521547890578707,0.38013934234811786
primary,Bipolar,SLC2A12,20,3,2066,0.0,0.0,0.0
primary,Amacrine,COL8A2,20,1,41,0.0,0.0,0.0
primary,Amacrine,DGKG,20,1,41,0.0,0.0,0.0
primary,Amacrine,NPC2,20,1,41,1.8716587678481733,0.031548142433166504,2.941176470588235
primary,Amacrine,PSMC3,20,1,41,4.803852948440055,0.5585799217224121,44.11764705882353
primary,Amacrine,RP11-466F5.8,20,1,41,0.0,0.0,0.0
primary,Amacrine,SLC2A12,20,1,41,0.0,0.0,0.0
primary,Horizontal,COL8A2,20,0,46,,,
primary,Horizontal,DGKG,20,0,46,,,
primary,Horizontal,NPC2,20,0,46,,,
primary,Horizontal,PSMC3,20,0,46,,,
primary,Horizontal,RP11-466F5.8,20,0,46,,,
primary,Horizontal,SLC2A12,20,0,46,,,
primary,RGC,COL8A2,20,3,304,0.5015990827225936,0.00767926499247551,0.4761904761904762
primary,RGC,DGKG,20,3,304,1.0824543361692438,0.013766596093773842,0.8465608465608465
primary,RGC,NPC2,20,3,304,3.8429131674823407,0.17777794102827707,11.199294532627865
primary,RGC,PSMC3,20,3,304,4.7831647708647465,0.35718661546707153,25.255731922398592
primary,RGC,RP11-466F5.8,20,3,304,0.5015990827225936,0.007184577484925588,0.4761904761904762
primary,RGC,SLC2A12,20,3,304,0.5808552534466501,0.0052253808826208115,0.3703703703703704
primary,Muller glia,COL8A2,20,3,658,0.0,0.0,0.0
primary,Muller glia,DGKG,20,3,658,2.3567358121832584,0.046002120400468506,3.0710102051130033
primary,Muller glia,NPC2,20,3,658,5.516396414791466,0.9074442783991495,52.03861584541679
primary,Muller glia,PSMC3,20,3,658,4.723365342241533,0.41394317150115967,27.2906586907459
primary,Muller glia,RP11-466F5.8,20,3,658,0.30160028818995865,0.002711756154894829,0.17873100983020554
primary,Muller glia,SLC2A12,20,3,658,2.178316369578083,0.038055822253227234,2.4031992229053767
primary,Astrocyte,COL8A2,20,0,42,,,
primary,Astrocyte,DGKG,20,0,42,,,
primary,Astrocyte,NPC2,20,0,42,,,
primary,Astrocyte,PSMC3,20,0,42,,,
primary,Astrocyte,RP11-466F5.8,20,0,42,,,
primary,Astrocyte,SLC2A12,20,0,42,,,
primary,Microglia,COL8A2,20,2,185,2.0941001343065087,0.0390686234459281,2.967289719626168
primary,Microglia,DGKG,20,2,185,0.8462545427815257,0.007631849031895399,0.46728971962616817
primary,Microglia,NPC2,20,2,185,7.038135897792131,2.0254886746406555,77.07943925233644
primary,Microglia,PSMC3,20,2,185,4.180208471701151,0.2721072807908058,19.40809968847352
primary,Microglia,RP11-466F5.8,20,2,185,0.0,0.0,0.0
primary,Microglia,SLC2A12,20,2,185,0.0,0.0,0.0
strict,Rod,COL8A2,20,3,11271,0.0,0.0,0.0
strict,Rod,DGKG,20,3,11271,0.053594582278913866,0.0002545204673272868,0.011103708638685322
strict,Rod,NPC2,20,3,11271,4.09579845469315,0.20240239799022675,11.911002996745703
strict,Rod,PSMC3,20,3,11271,4.500218872430121,0.28858577211697894,17.184506281196175
strict,Rod,RP11-466F5.8,20,3,11271,1.4702535499406861,0.013205976225435734,0.7588196329518256
strict,Rod,SLC2A12,20,3,11271,0.053594582278913866,0.0002264919069906076,0.011103708638685322
strict,Cone,COL8A2,20,3,297,0.0,0.0,0.0
strict,Cone,DGKG,20,3,297,0.0,0.0,0.0
strict,Cone,NPC2,20,3,297,4.688955743631082,0.519620289405187,43.58038914490527
strict,Cone,PSMC3,20,3,297,4.851263590950062,0.5786864459514618,49.929595494111624
strict,Cone,RP11-466F5.8,20,3,297,1.2932410114822277,0.025818558409810066,2.1249359959037375
strict,Cone,SLC2A12,20,3,297,0.0,0.0,0.0
strict,Bipolar,COL8A2,20,3,1666,0.0,0.0,0.0
strict,Bipolar,DGKG,20,3,1666,0.1140551916910953,0.0005229203185687462,0.03663003663003663
strict,Bipolar,NPC2,20,3,1666,3.9597953858195782,0.20757071177164713,15.336545484115256
strict,Bipolar,PSMC3,20,3,1666,4.73562993862265,0.4456583857536316,30.036492276794352
strict,Bipolar,RP11-466F5.8,20,3,1666,0.6899364434280161,0.005218121533592542,0.39191845037356526
strict,Bipolar,SLC2A12,20,3,1666,0.0,0.0,0.0
strict,Amacrine,COL8A2,20,1,41,0.0,0.0,0.0
strict,Amacrine,DGKG,20,1,41,0.0,0.0,0.0
strict,Amacrine,NPC2,20,1,41,1.8716587678481733,0.031548142433166504,2.941176470588235
strict,Amacrine,PSMC3,20,1,41,4.803852948440055,0.5585799217224121,44.11764705882353
strict,Amacrine,RP11-466F5.8,20,1,41,0.0,0.0,0.0
strict,Amacrine,SLC2A12,20,1,41,0.0,0.0,0.0
strict,Horizontal,COL8A2,20,0,36,,,
strict,Horizontal,DGKG,20,0,36,,,
strict,Horizontal,NPC2,20,0,36,,,
strict,Horizontal,PSMC3,20,0,36,,,
strict,Horizontal,RP11-466F5.8,20,0,36,,,
strict,Horizontal,SLC2A12,20,0,36,,,
strict,RGC,COL8A2,20,3,225,0.0,0.0,0.0
strict,RGC,DGKG,20,3,225,0.9586222923195398,0.011980072284738222,0.7634201221472194
strict,RGC,NPC2,20,3,225,3.6074851829719243,0.17730106661717096,11.82164669146347
strict,RGC,PSMC3,20,3,225,4.854919547031268,0.4477284252643585,31.53051384488222
strict,RGC,RP11-466F5.8,20,3,225,0.5086495418523843,0.007395888368288676,0.49019607843137253
strict,RGC,SLC2A12,20,3,225,0.4499727504671554,0.004510986929138501,0.273224043715847
strict,Muller glia,COL8A2,20,3,632,0.0,0.0,0.0
strict,Muller glia,DGKG,20,3,632,2.382190806280183,0.049034918968876205,3.268560175993556
strict,Muller glia,NPC2,20,3,632,5.496324259489486,0.8974160353342692,52.579946934785646
strict,Muller glia,PSMC3,20,3,632,4.72791532726264,0.4196471571922302,28.087173073147827
strict,Muller glia,RP11-466F5.8,20,3,632,0.3026341609497037,0.0027190459271272025,0.1792114695340502
strict,Muller glia,SLC2A12,20,3,632,2.204226786247199,0.040570554633935295,2.555104238133691
strict,Astrocyte,COL8A2,20,0,34,,,
strict,Astrocyte,DGKG,20,0,34,,,
strict,Astrocyte,NPC2,20,0,34,,,
strict,Astrocyte,PSMC3,20,0,34,,,
strict,Astrocyte,RP11-466F5.8,20,0,34,,,
strict,Astrocyte,SLC2A12,20,0,34,,,
strict,Microglia,COL8A2,20,2,131,2.1619875857295616,0.0475586261600256,3.3488244942591585
strict,Microglia,DGKG,20,2,131,0.9116290815597339,0.013171094469726086,0.8064516129032258
strict,Microglia,NPC2,20,2,131,6.991048301518683,2.0144296884536743,80.27610716238382
strict,Microglia,PSMC3,20,2,131,4.142022553537885,0.28450021892786026,21.62383816293056
strict,Microglia,RP11-466F5.8,20,2,131,0.0,0.0,0.0
strict,Microglia,SLC2A12,20,2,131,0.0,0.0,0.0
