qc,donor,cell_type,gene,n_cells,sum_all_UMIs,sum_gene_UMIs,pseudobulk_CPM,log1p_pseudobulk_CPM,mean_log1p_CP10k,pct_cells_detected,gene_in_matrix,eligible,status
primary,Retina 1,Rod,COL8A2,1341,2312869.0,0.0,0.0,0.0,0.0,0.0,True,True,eligible
primary,Retina 1,Rod,DGKG,1341,2312869.0,0.0,0.0,0.0,0.0,0.0,True,True,eligible
primary,Retina 1,Rod,NPC2,1341,2312869.0,115.0,49.72179574372781,3.926355714544179,0.1454678624868393,7.90454884414616,True,True,eligible
primary,Retina 1,Rod,PSMC3,1341,2312869.0,233.0,100.74068181120505,4.622427240878013,0.25844937562942505,14.615958240119314,True,True,eligible
primary,Retina 1,Rod,RP11-466F5.8,1341,2312869.0,9.0,3.8912709712482636,1.5874521820361334,0.01198725774884224,0.6711409395973155,True,True,eligible
primary,Retina 1,Rod,SLC2A12,1341,2312869.0,0.0,0.0,0.0,0.0,0.0,True,True,eligible
primary,Retina 1,Cone,COL8A2,30,142151.0,0.0,0.0,0.0,0.0,0.0,True,True,eligible
primary,Retina 1,Cone,DGKG,30,142151.0,0.0,0.0,0.0,0.0,0.0,True,True,eligible
primary,Retina 1,Cone,NPC2,30,142151.0,18.0,126.62591188243488,4.849103421473485,0.636296808719635,50.0,True,True,eligible
primary,Retina 1,Cone,PSMC3,30,142151.0,17.0,119.59113900007738,4.7924058072991675,0.4775133430957794,36.666666666666664,True,True,eligible
primary,Retina 1,Cone,RP11-466F5.8,30,142151.0,1.0,7.034772882357493,2.0837787327486015,0.037769950926303864,3.3333333333333335,True,True,eligible
primary,Retina 1,Cone,SLC2A12,30,142151.0,0.0,0.0,0.0,0.0,0.0,True,True,eligible
primary,Retina 1,Bipolar,COL8A2,295,909786.0,0.0,0.0,0.0,0.0,0.0,True,True,eligible
primary,Retina 1,Bipolar,DGKG,295,909786.0,0.0,0.0,0.0,0.0,0.0,True,True,eligible
primary,Retina 1,Bipolar,NPC2,295,909786.0,45.0,49.46218121624206,3.921224168918423,0.1921347677707672,13.898305084745763,True,True,eligible
primary,Retina 1,Bipolar,PSMC3,295,909786.0,99.0,108.81679867573253,4.6988135107768905,0.4008358120918274,27.11864406779661,True,True,eligible
primary,Retina 1,Bipolar,RP11-466F5.8,295,909786.0,0.0,0.0,0.0,0.0,0.0,True,True,eligible
primary,Retina 1,Bipolar,SLC2A12,295,909786.0,0.0,0.0,0.0,0.0,0.0,True,True,eligible
primary,Retina 1,Amacrine,COL8A2,2,6284.0,0.0,0.0,0.0,0.0,0.0,True,False,below_minimum
primary,Retina 1,Amacrine,DGKG,2,6284.0,0.0,0.0,0.0,0.0,0.0,True,False,below_minimum
primary,Retina 1,Amacrine,NPC2,2,6284.0,0.0,0.0,0.0,0.0,0.0,True,False,below_minimum
primary,Retina 1,Amacrine,PSMC3,2,6284.0,0.0,0.0,0.0,0.0,0.0,True,False,below_minimum
primary,Retina 1,Amacrine,RP11-466F5.8,2,6284.0,0.0,0.0,0.0,0.0,0.0,True,False,below_minimum
primary,Retina 1,Amacrine,SLC2A12,2,6284.0,0.0,0.0,0.0,0.0,0.0,True,False,below_minimum
primary,Retina 1,Horizontal,COL8A2,11,52852.0,0.0,0.0,0.0,0.0,0.0,True,False,below_minimum
primary,Retina 1,Horizontal,DGKG,11,52852.0,2.0,37.84151971543177,3.659489770243442,0.22056621313095093,18.181818181818183,True,False,below_minimum
primary,Retina 1,Horizontal,NPC2,11,52852.0,4.0,75.68303943086354,4.339680555248738,0.27708104252815247,18.181818181818183,True,False,below_minimum
primary,Retina 1,Horizontal,PSMC3,11,52852.0,5.0,94.60379928857942,4.56021256078002,0.5092908143997192,45.45454545454545,True,False,below_minimum
primary,Retina 1,Horizontal,RP11-466F5.8,11,52852.0,0.0,0.0,0.0,0.0,0.0,True,False,below_minimum
primary,Retina 1,Horizontal,SLC2A12,11,52852.0,0.0,0.0,0.0,0.0,0.0,True,False,below_minimum
primary,Retina 1,RGC,COL8A2,54,106555.0,0.0,0.0,0.0,0.0,0.0,True,True,eligible
primary,Retina 1,RGC,DGKG,54,106555.0,0.0,0.0,0.0,0.0,0.0,True,True,eligible
primary,Retina 1,RGC,NPC2,54,106555.0,8.0,75.07859790718409,4.3317669888767805,0.23575033247470856,12.962962962962962,True,True,eligible
primary,Retina 1,RGC,PSMC3,54,106555.0,15.0,140.77237107597017,4.954222750797259,0.29844018816947937,20.37037037037037,True,True,eligible
primary,Retina 1,RGC,RP11-466F5.8,54,106555.0,0.0,0.0,0.0,0.0,0.0,True,True,eligible
primary,Retina 1,RGC,SLC2A12,54,106555.0,0.0,0.0,0.0,0.0,0.0,True,True,eligible
primary,Retina 1,Muller glia,COL8A2,106,326592.0,0.0,0.0,0.0,0.0,0.0,True,True,eligible
primary,Retina 1,Muller glia,DGKG,106,326592.0,7.0,21.43347050754458,3.1105540627132644,0.08146800845861435,5.660377358490567,True,True,eligible
primary,Retina 1,Muller glia,NPC2,106,326592.0,70.0,214.3347050754458,5.372193585413609,0.7778952121734619,47.16981132075472,True,True,eligible
primary,Retina 1,Muller glia,PSMC3,106,326592.0,51.0,156.15814226925337,5.057252573986985,0.5466464161872864,34.90566037735849,True,True,eligible
primary,Retina 1,Muller glia,RP11-466F5.8,106,326592.0,0.0,0.0,0.0,0.0,0.0,True,True,eligible
primary,Retina 1,Muller glia,SLC2A12,106,326592.0,3.0,9.185773074661963,2.320991950054224,0.04040860757231712,2.8301886792452833,True,True,eligible
primary,Retina 1,Astrocyte,COL8A2,5,13625.0,0.0,0.0,0.0,0.0,0.0,True,False,below_minimum
primary,Retina 1,Astrocyte,DGKG,5,13625.0,2.0,146.78899082568807,4.995785518768822,0.3779579699039459,20.0,True,False,below_minimum
primary,Retina 1,Astrocyte,NPC2,5,13625.0,3.0,220.1834862385321,5.398992611520156,1.063559889793396,60.0,True,False,below_minimum
primary,Retina 1,Astrocyte,PSMC3,5,13625.0,2.0,146.78899082568807,4.995785518768822,0.3414455056190491,20.0,True,False,below_minimum
primary,Retina 1,Astrocyte,RP11-466F5.8,5,13625.0,0.0,0.0,0.0,0.0,0.0,True,False,below_minimum
primary,Retina 1,Astrocyte,SLC2A12,5,13625.0,0.0,0.0,0.0,0.0,0.0,True,False,below_minimum
primary,Retina 1,Microglia,COL8A2,18,34656.0,0.0,0.0,0.0,0.0,0.0,True,False,below_minimum
primary,Retina 1,Microglia,DGKG,18,34656.0,0.0,0.0,0.0,0.0,0.0,True,False,below_minimum
primary,Retina 1,Microglia,NPC2,18,34656.0,42.0,1211.9113573407203,7.100778829060854,1.8054593801498413,66.66666666666666,True,False,below_minimum
primary,Retina 1,Microglia,PSMC3,18,34656.0,3.0,86.56509695290859,4.472382481934757,0.19774609804153442,11.11111111111111,True,False,below_minimum
primary,Retina 1,Microglia,RP11-466F5.8,18,34656.0,0.0,0.0,0.0,0.0,0.0,True,False,below_minimum
primary,Retina 1,Microglia,SLC2A12,18,34656.0,0.0,0.0,0.0,0.0,0.0,True,False,below_minimum
primary,Retina 2,Rod,COL8A2,7403,18504244.0,0.0,0.0,0.0,0.0,0.0,True,True,eligible
primary,Retina 2,Rod,DGKG,7403,18504244.0,0.0,0.0,0.0,0.0,0.0,True,True,eligible
primary,Retina 2,Rod,NPC2,7403,18504244.0,1076.0,58.14882250796088,4.080056683344778,0.21604208648204803,13.14332027556396,True,True,eligible
primary,Retina 2,Rod,PSMC3,7403,18504244.0,1356.0,73.28048635761613,4.307848284088489,0.2609727680683136,16.53383763339187,True,True,eligible
primary,Retina 2,Rod,RP11-466F5.8,7403,18504244.0,58.0,3.1344160831428725,1.4193461052375862,0.012751816771924496,0.7834661623666082,True,True,eligible
primary,Retina 2,Rod,SLC2A12,7403,18504244.0,0.0,0.0,0.0,0.0,0.0,True,True,eligible
primary,Retina 2,Cone,COL8A2,159,1250336.0,0.0,0.0,0.0,0.0,0.0,True,True,eligible
primary,Retina 2,Cone,DGKG,159,1250336.0,0.0,0.0,0.0,0.0,0.0,True,True,eligible
primary,Retina 2,Cone,NPC2,159,1250336.0,113.0,90.37570700995572,4.514979655495065,0.4599573016166687,44.0251572327044,True,True,eligible
primary,Retina 2,Cone,PSMC3,159,1250336.0,110.0,87.97635195659407,4.4883706260725456,0.4560030698776245,47.16981132075472,True,True,eligible
primary,Retina 2,Cone,RP11-466F5.8,159,1250336.0,1.0,0.7997850177872188,0.5876672232065875,0.00486695347353816,0.628930817610063,True,True,eligible
primary,Retina 2,Cone,SLC2A12,159,1250336.0,0.0,0.0,0.0,0.0,0.0,True,True,eligible
primary,Retina 2,Bipolar,COL8A2,674,2636566.0,0.0,0.0,0.0,0.0,0.0,True,True,eligible
primary,Retina 2,Bipolar,DGKG,674,2636566.0,0.0,0.0,0.0,0.0,0.0,True,True,eligible
primary,Retina 2,Bipolar,NPC2,674,2636566.0,150.0,56.892184758507845,4.058582397204451,0.24482382833957672,18.84272997032641,True,True,eligible
primary,Retina 2,Bipolar,PSMC3,674,2636566.0,293.0,111.129400894952,4.7196535695079405,0.48248422145843506,35.01483679525222,True,True,eligible
primary,Retina 2,Bipolar,RP11-466F5.8,674,2636566.0,4.0,1.5171249268935425,0.9231173481727979,0.00746046332642436,0.5934718100890208,True,True,eligible
primary,Retina 2,Bipolar,SLC2A12,674,2636566.0,0.0,0.0,0.0,0.0,0.0,True,True,eligible
primary,Retina 2,Amacrine,COL8A2,34,181849.0,0.0,0.0,0.0,0.0,0.0,True,True,eligible
primary,Retina 2,Amacrine,DGKG,34,181849.0,0.0,0.0,0.0,0.0,0.0,True,True,eligible
primary,Retina 2,Amacrine,NPC2,34,181849.0,1.0,5.499067907989596,1.8716587678481733,0.031548142433166504,2.941176470588235,True,True,eligible
primary,Retina 2,Amacrine,PSMC3,34,181849.0,22.0,120.9794939757711,4.803852948440055,0.5585799217224121,44.11764705882353,True,True,eligible
primary,Retina 2,Amacrine,RP11-466F5.8,34,181849.0,0.0,0.0,0.0,0.0,0.0,True,True,eligible
primary,Retina 2,Amacrine,SLC2A12,34,181849.0,0.0,0.0,0.0,0.0,0.0,True,True,eligible
primary,Retina 2,Horizontal,COL8A2,16,83851.0,0.0,0.0,0.0,0.0,0.0,True,False,below_minimum
primary,Retina 2,Horizontal,DGKG,16,83851.0,0.0,0.0,0.0,0.0,0.0,True,False,below_minimum
primary,Retina 2,Horizontal,NPC2,16,83851.0,3.0,35.77774862553816,3.604893005381446,0.19846327602863312,18.75,True,False,below_minimum
primary,Retina 2,Horizontal,PSMC3,16,83851.0,7.0,83.48141345958904,4.436531551110469,0.4021436870098114,31.25,True,False,below_minimum
primary,Retina 2,Horizontal,RP11-466F5.8,16,83851.0,0.0,0.0,0.0,0.0,0.0,True,False,below_minimum
primary,Retina 2,Horizontal,SLC2A12,16,83851.0,0.0,0.0,0.0,0.0,0.0,True,False,below_minimum
primary,Retina 2,RGC,COL8A2,70,285450.0,1.0,3.5032404974601508,1.5047972481677807,0.02303779497742653,1.4285714285714286,True,True,eligible
primary,Retina 2,RGC,DGKG,70,285450.0,1.0,3.5032404974601508,1.5047972481677807,0.022329965606331825,1.4285714285714286,True,True,eligible
primary,Retina 2,RGC,NPC2,70,285450.0,9.0,31.529164477141357,3.482137055468694,0.17792010307312012,12.857142857142856,True,True,eligible
primary,Retina 2,RGC,PSMC3,70,285450.0,27.0,94.58749343142406,4.560041989652403,0.43571770191192627,34.285714285714285,True,True,eligible
primary,Retina 2,RGC,RP11-466F5.8,70,285450.0,1.0,3.5032404974601508,1.5047972481677807,0.021553732454776764,1.4285714285714286,True,True,eligible
primary,Retina 2,RGC,SLC2A12,70,285450.0,0.0,0.0,0.0,0.0,0.0,True,True,eligible
primary,Retina 2,Muller glia,COL8A2,373,1359213.0,0.0,0.0,0.0,0.0,0.0,True,True,eligible
primary,Retina 2,Muller glia,DGKG,373,1359213.0,8.0,5.8857588913584555,1.929455349978375,0.027338843792676926,1.876675603217158,True,True,eligible
primary,Retina 2,Muller glia,NPC2,373,1359213.0,470.0,345.78833486730923,5.848714607856554,1.1737732887268066,66.48793565683646,True,True,eligible
primary,Retina 2,Muller glia,PSMC3,373,1359213.0,119.0,87.55066350895702,4.483574857243763,0.35729989409446716,25.737265415549597,True,True,eligible
primary,Retina 2,Muller glia,RP11-466F5.8,373,1359213.0,2.0,1.4714397228396139,0.904800864569876,0.008135268464684486,0.5361930294906166,True,True,eligible
primary,Retina 2,Muller glia,SLC2A12,373,1359213.0,8.0,5.8857588913584555,1.929455349978375,0.0326203852891922,2.1447721179624666,True,True,eligible
primary,Retina 2,Astrocyte,COL8A2,19,61727.0,1.0,16.2003661282745,2.8449306701204398,0.10110312700271606,5.263157894736842,True,False,below_minimum
primary,Retina 2,Astrocyte,DGKG,19,61727.0,3.0,48.601098384823494,3.9040129783410005,0.20273256301879883,10.526315789473683,True,False,below_minimum
primary,Retina 2,Astrocyte,NPC2,19,61727.0,19.0,307.8069564372155,5.732716345219473,1.2096412181854248,68.42105263157895,True,False,below_minimum
primary,Retina 2,Astrocyte,PSMC3,19,61727.0,6.0,97.20219676964699,4.587028585473211,0.2828461527824402,21.052631578947366,True,False,below_minimum
primary,Retina 2,Astrocyte,RP11-466F5.8,19,61727.0,0.0,0.0,0.0,0.0,0.0,True,False,below_minimum
primary,Retina 2,Astrocyte,SLC2A12,19,61727.0,0.0,0.0,0.0,0.0,0.0,True,False,below_minimum
primary,Retina 2,Microglia,COL8A2,60,269539.0,3.0,11.130114751483088,2.495691183049966,0.05605149269104004,5.0,True,True,eligible
primary,Retina 2,Microglia,DGKG,60,269539.0,0.0,0.0,0.0,0.0,0.0,True,True,eligible
primary,Retina 2,Microglia,NPC2,60,269539.0,344.0,1276.2531581700607,7.152467080840507,2.2029194831848145,85.0,True,True,eligible
primary,Retina 2,Microglia,PSMC3,60,269539.0,18.0,66.78068850889852,4.2162773241222755,0.33934110403060913,26.666666666666668,True,True,eligible
primary,Retina 2,Microglia,RP11-466F5.8,60,269539.0,0.0,0.0,0.0,0.0,0.0,True,True,eligible
primary,Retina 2,Microglia,SLC2A12,60,269539.0,0.0,0.0,0.0,0.0,0.0,True,True,eligible
primary,Retina 3,Rod,COL8A2,5957,7604540.0,0.0,0.0,0.0,0.0,0.0,True,True,eligible
primary,Retina 3,Rod,DGKG,5957,7604540.0,1.0,0.13150039318617562,0.12354453358249108,0.0003847928892355412,0.016786973308712438,True,True,eligible
primary,Retina 3,Rod,NPC2,5957,7604540.0,526.0,69.16920681592838,4.2509095654512485,0.1634136289358139,8.158469028034245,True,True,eligible
primary,Retina 3,Rod,PSMC3,5957,7604540.0,676.0,88.89426579385473,4.498634155170243,0.2046157419681549,10.055397011918751,True,True,eligible
primary,Retina 3,Rod,RP11-466F5.8,5957,7604540.0,17.0,2.2355066841649855,1.1741855413962163,0.005351470783352852,0.2853785462481115,True,True,eligible
primary,Retina 3,Rod,SLC2A12,5957,7604540.0,2.0,0.26300078637235125,0.23349046599076612,0.0008654688135720789,0.033573946617424875,True,True,eligible
primary,Retina 3,Cone,COL8A2,348,1385156.0,0.0,0.0,0.0,0.0,0.0,True,True,eligible
primary,Retina 3,Cone,DGKG,348,1385156.0,0.0,0.0,0.0,0.0,0.0,True,True,eligible
primary,Retina 3,Cone,NPC2,348,1385156.0,142.0,102.5155289368129,4.639721639487683,0.432549387216568,32.4712643678161,True,True,eligible
primary,Retina 3,Cone,PSMC3,348,1385156.0,136.0,98.18388686906023,4.5969755703420825,0.4239881634712219,32.18390804597701,True,True,eligible
primary,Retina 3,Cone,RP11-466F5.8,348,1385156.0,4.0,2.8877613785017715,1.3578335108726043,0.01674613170325756,1.1494252873563218,True,True,eligible
primary,Retina 3,Cone,SLC2A12,348,1385156.0,0.0,0.0,0.0,0.0,0.0,True,True,eligible
primary,Retina 3,Bipolar,COL8A2,1097,2915273.0,0.0,0.0,0.0,0.0,0.0,True,True,eligible
primary,Retina 3,Bipolar,DGKG,1097,2915273.0,1.0,0.3430210481145334,0.29492158987884975,0.0013013422721996903,0.09115770282588878,True,True,eligible
primary,Retina 3,Bipolar,NPC2,1097,2915273.0,134.0,45.96482044734747,3.8493988203229663,0.1643611639738083,10.938924339106656,True,True,eligible
primary,Retina 3,Bipolar,PSMC3,1097,2915273.0,336.0,115.2550721664832,4.755786675055278,0.4224538505077362,25.888787602552416,True,True,eligible
primary,Retina 3,Bipolar,RP11-466F5.8,1097,2915273.0,6.0,2.0581262886872,1.1178024044589794,0.008185973390936852,0.5469462169553327,True,True,eligible
primary,Retina 3,Bipolar,SLC2A12,1097,2915273.0,0.0,0.0,0.0,0.0,0.0,True,True,eligible
primary,Retina 3,Amacrine,COL8A2,5,16137.0,0.0,0.0,0.0,0.0,0.0,True,False,below_minimum
primary,Retina 3,Amacrine,DGKG,5,16137.0,0.0,0.0,0.0,0.0,0.0,True,False,below_minimum
primary,Retina 3,Amacrine,NPC2,5,16137.0,0.0,0.0,0.0,0.0,0.0,True,False,below_minimum
primary,Retina 3,Amacrine,PSMC3,5,16137.0,1.0,61.969387122761354,4.142648689608461,0.18781639635562897,20.0,True,False,below_minimum
primary,Retina 3,Amacrine,RP11-466F5.8,5,16137.0,0.0,0.0,0.0,0.0,0.0,True,False,below_minimum
primary,Retina 3,Amacrine,SLC2A12,5,16137.0,0.0,0.0,0.0,0.0,0.0,True,False,below_minimum
primary,Retina 3,Horizontal,COL8A2,19,68839.0,0.0,0.0,0.0,0.0,0.0,True,False,below_minimum
primary,Retina 3,Horizontal,DGKG,19,68839.0,0.0,0.0,0.0,0.0,0.0,True,False,below_minimum
primary,Retina 3,Horizontal,NPC2,19,68839.0,3.0,43.57994741353012,3.797284148359228,0.19320954382419586,15.789473684210526,True,False,below_minimum
primary,Retina 3,Horizontal,PSMC3,19,68839.0,15.0,217.8997370676506,5.388613803375289,0.8046231269836426,57.89473684210527,True,False,below_minimum
primary,Retina 3,Horizontal,RP11-466F5.8,19,68839.0,0.0,0.0,0.0,0.0,0.0,True,False,below_minimum
primary,Retina 3,Horizontal,SLC2A12,19,68839.0,0.0,0.0,0.0,0.0,0.0,True,False,below_minimum
primary,Retina 3,RGC,COL8A2,180,424450.0,0.0,0.0,0.0,0.0,0.0,True,True,eligible
primary,Retina 3,RGC,DGKG,180,424450.0,2.0,4.711980209683119,1.7425657603399505,0.0189698226749897,1.1111111111111112,True,True,eligible
primary,Retina 3,RGC,NPC2,180,424450.0,17.0,40.051831782306515,3.714835458101549,0.11966338753700256,7.777777777777778,True,True,eligible
primary,Retina 3,RGC,PSMC3,180,424450.0,53.0,124.86747555660266,4.835229572144577,0.33740195631980896,21.11111111111111,True,True,eligible
primary,Retina 3,RGC,RP11-466F5.8,180,424450.0,0.0,0.0,0.0,0.0,0.0,True,True,eligible
primary,Retina 3,RGC,SLC2A12,180,424450.0,2.0,4.711980209683119,1.7425657603399505,0.015676142647862434,1.1111111111111112,True,True,eligible
primary,Retina 3,Muller glia,COL8A2,179,453474.0,0.0,0.0,0.0,0.0,0.0,True,True,eligible
primary,Retina 3,Muller glia,DGKG,179,453474.0,3.0,6.615594278834068,2.0301980238581363,0.02919950895011425,1.675977653631285,True,True,eligible
primary,Retina 3,Muller glia,NPC2,179,453474.0,93.0,205.0834226438561,5.328281051104237,0.7706643342971802,42.45810055865922,True,True,eligible
primary,Retina 3,Muller glia,PSMC3,179,453474.0,46.0,101.4391122754557,4.629268595493851,0.33788320422172546,21.22905027932961,True,True,eligible
primary,Retina 3,Muller glia,RP11-466F5.8,179,453474.0,0.0,0.0,0.0,0.0,0.0,True,True,eligible
primary,Retina 3,Muller glia,SLC2A12,179,453474.0,4.0,8.820792371778756,2.2845018087016493,0.04113847389817238,2.2346368715083798,True,True,eligible
primary,Retina 3,Astrocyte,COL8A2,18,27756.0,0.0,0.0,0.0,0.0,0.0,True,False,below_minimum
primary,Retina 3,Astrocyte,DGKG,18,27756.0,0.0,0.0,0.0,0.0,0.0,True,False,below_minimum
primary,Retina 3,Astrocyte,NPC2,18,27756.0,8.0,288.2259691598213,5.667208282794709,0.7629919052124023,38.88888888888889,True,False,below_minimum
primary,Retina 3,Astrocyte,PSMC3,18,27756.0,2.0,72.05649228995533,4.291233008853417,0.17100384831428528,11.11111111111111,True,False,below_minimum
primary,Retina 3,Astrocyte,RP11-466F5.8,18,27756.0,0.0,0.0,0.0,0.0,0.0,True,False,below_minimum
primary,Retina 3,Astrocyte,SLC2A12,18,27756.0,0.0,0.0,0.0,0.0,0.0,True,False,below_minimum
primary,Retina 3,Microglia,COL8A2,107,225576.0,1.0,4.433095719402774,1.6925090855630514,0.022085754200816154,0.9345794392523363,True,True,eligible
primary,Retina 3,Microglia,DGKG,107,225576.0,1.0,4.433095719402774,1.6925090855630514,0.015263698063790798,0.9345794392523363,True,True,eligible
primary,Retina 3,Microglia,NPC2,107,225576.0,229.0,1015.178919743235,6.9238047147437545,1.8480578660964966,69.1588785046729,True,True,eligible
primary,Retina 3,Microglia,PSMC3,107,225576.0,14.0,62.06334007163883,4.144139619280027,0.2048734575510025,12.149532710280374,True,True,eligible
primary,Retina 3,Microglia,RP11-466F5.8,107,225576.0,0.0,0.0,0.0,0.0,0.0,True,True,eligible
primary,Retina 3,Microglia,SLC2A12,107,225576.0,0.0,0.0,0.0,0.0,0.0,True,True,eligible
strict,Retina 1,Rod,COL8A2,931,2094286.0,0.0,0.0,0.0,0.0,0.0,True,True,eligible
strict,Retina 1,Rod,DGKG,931,2094286.0,0.0,0.0,0.0,0.0,0.0,True,True,eligible
strict,Retina 1,Rod,NPC2,931,2094286.0,103.0,49.181439402259294,3.9156452253068537,0.17129014432430267,10.096670247046188,True,True,eligible
strict,Retina 1,Rod,PSMC3,931,2094286.0,222.0,106.00271405147149,4.672854199107244,0.33573877811431885,19.87110633727175,True,True,eligible
strict,Retina 1,Rod,RP11-466F5.8,931,2094286.0,9.0,4.2974073264110055,1.6672175171726602,0.0172662865370512,0.966702470461869,True,True,eligible
strict,Retina 1,Rod,SLC2A12,931,2094286.0,0.0,0.0,0.0,0.0,0.0,True,True,eligible
strict,Retina 1,Cone,COL8A2,21,109455.0,0.0,0.0,0.0,0.0,0.0,True,True,eligible
strict,Retina 1,Cone,DGKG,21,109455.0,0.0,0.0,0.0,0.0,0.0,True,True,eligible
strict,Retina 1,Cone,NPC2,21,109455.0,12.0,109.63409620391941,4.706228325519909,0.5788463354110718,47.61904761904761,True,True,eligible
strict,Retina 1,Cone,PSMC3,21,109455.0,17.0,155.31496962221917,5.051873007775528,0.6821619272232056,52.38095238095239,True,True,eligible
strict,Retina 1,Cone,RP11-466F5.8,21,109455.0,1.0,9.136174683659952,2.3161106768541497,0.05395707115530968,4.761904761904762,True,True,eligible
strict,Retina 1,Cone,SLC2A12,21,109455.0,0.0,0.0,0.0,0.0,0.0,True,True,eligible
strict,Retina 1,Bipolar,COL8A2,277,885735.0,0.0,0.0,0.0,0.0,0.0,True,True,eligible
strict,Retina 1,Bipolar,DGKG,277,885735.0,0.0,0.0,0.0,0.0,0.0,True,True,eligible
strict,Retina 1,Bipolar,NPC2,277,885735.0,44.0,49.67625757139551,3.9254575084365655,0.19451449811458588,14.440433212996389,True,True,eligible
strict,Retina 1,Bipolar,PSMC3,277,885735.0,98.0,110.64257368174454,4.715302461803906,0.41955456137657166,28.51985559566787,True,True,eligible
strict,Retina 1,Bipolar,RP11-466F5.8,277,885735.0,0.0,0.0,0.0,0.0,0.0,True,True,eligible
strict,Retina 1,Bipolar,SLC2A12,277,885735.0,0.0,0.0,0.0,0.0,0.0,True,True,eligible
strict,Retina 1,Amacrine,COL8A2,2,6284.0,0.0,0.0,0.0,0.0,0.0,True,False,below_minimum
strict,Retina 1,Amacrine,DGKG,2,6284.0,0.0,0.0,0.0,0.0,0.0,True,False,below_minimum
strict,Retina 1,Amacrine,NPC2,2,6284.0,0.0,0.0,0.0,0.0,0.0,True,False,below_minimum
strict,Retina 1,Amacrine,PSMC3,2,6284.0,0.0,0.0,0.0,0.0,0.0,True,False,below_minimum
strict,Retina 1,Amacrine,RP11-466F5.8,2,6284.0,0.0,0.0,0.0,0.0,0.0,True,False,below_minimum
strict,Retina 1,Amacrine,SLC2A12,2,6284.0,0.0,0.0,0.0,0.0,0.0,True,False,below_minimum
strict,Retina 1,Horizontal,COL8A2,10,51880.0,0.0,0.0,0.0,0.0,0.0,True,False,below_minimum
strict,Retina 1,Horizontal,DGKG,10,51880.0,2.0,38.55050115651503,3.6775783656002585,0.24262282252311707,20.0,True,False,below_minimum
strict,Retina 1,Horizontal,NPC2,10,51880.0,4.0,77.10100231303007,4.358002890476862,0.30478912591934204,20.0,True,False,below_minimum
strict,Retina 1,Horizontal,PSMC3,10,51880.0,5.0,96.37625289128759,4.578582370770912,0.5602198839187622,50.0,True,False,below_minimum
strict,Retina 1,Horizontal,RP11-466F5.8,10,51880.0,0.0,0.0,0.0,0.0,0.0,True,False,below_minimum
strict,Retina 1,Horizontal,SLC2A12,10,51880.0,0.0,0.0,0.0,0.0,0.0,True,False,below_minimum
strict,Retina 1,RGC,COL8A2,35,96798.0,0.0,0.0,0.0,0.0,0.0,True,True,eligible
strict,Retina 1,RGC,DGKG,35,96798.0,0.0,0.0,0.0,0.0,0.0,True,True,eligible
strict,Retina 1,RGC,NPC2,35,96798.0,6.0,61.98475175106924,4.142892661398853,0.26800721883773804,17.142857142857142,True,True,eligible
strict,Retina 1,RGC,PSMC3,35,96798.0,15.0,154.96187937767309,5.049611614424409,0.46045058965682983,31.428571428571427,True,True,eligible
strict,Retina 1,RGC,RP11-466F5.8,35,96798.0,0.0,0.0,0.0,0.0,0.0,True,True,eligible
strict,Retina 1,RGC,SLC2A12,35,96798.0,0.0,0.0,0.0,0.0,0.0,True,True,eligible
strict,Retina 1,Muller glia,COL8A2,99,322763.0,0.0,0.0,0.0,0.0,0.0,True,True,eligible
strict,Retina 1,Muller glia,DGKG,99,322763.0,7.0,21.68773992062287,3.1218246869828348,0.08722837269306183,6.0606060606060606,True,True,eligible
strict,Retina 1,Muller glia,NPC2,99,322763.0,68.0,210.68090208605076,5.355079961912983,0.766570508480072,48.484848484848484,True,True,eligible
strict,Retina 1,Muller glia,PSMC3,99,322763.0,50.0,154.91242800444908,5.049294490682774,0.5542720556259155,36.36363636363637,True,True,eligible
strict,Retina 1,Muller glia,RP11-466F5.8,99,322763.0,0.0,0.0,0.0,0.0,0.0,True,True,eligible
strict,Retina 1,Muller glia,SLC2A12,99,322763.0,3.0,9.294745680266946,2.331633636946546,0.04326578229665756,3.0303030303030303,True,True,eligible
strict,Retina 1,Astrocyte,COL8A2,5,13625.0,0.0,0.0,0.0,0.0,0.0,True,False,below_minimum
strict,Retina 1,Astrocyte,DGKG,5,13625.0,2.0,146.78899082568807,4.995785518768822,0.3779579699039459,20.0,True,False,below_minimum
strict,Retina 1,Astrocyte,NPC2,5,13625.0,3.0,220.1834862385321,5.398992611520156,1.063559889793396,60.0,True,False,below_minimum
strict,Retina 1,Astrocyte,PSMC3,5,13625.0,2.0,146.78899082568807,4.995785518768822,0.3414455056190491,20.0,True,False,below_minimum
strict,Retina 1,Astrocyte,RP11-466F5.8,5,13625.0,0.0,0.0,0.0,0.0,0.0,True,False,below_minimum
strict,Retina 1,Astrocyte,SLC2A12,5,13625.0,0.0,0.0,0.0,0.0,0.0,True,False,below_minimum
strict,Retina 1,Microglia,COL8A2,10,30673.0,0.0,0.0,0.0,0.0,0.0,True,False,below_minimum
strict,Retina 1,Microglia,DGKG,10,30673.0,0.0,0.0,0.0,0.0,0.0,True,False,below_minimum
strict,Retina 1,Microglia,NPC2,10,30673.0,40.0,1304.0785055260326,7.174018475438618,2.6068410873413086,100.0,True,False,below_minimum
strict,Retina 1,Microglia,PSMC3,10,30673.0,3.0,97.80588791445246,4.593157197253988,0.355942964553833,20.0,True,False,below_minimum
strict,Retina 1,Microglia,RP11-466F5.8,10,30673.0,0.0,0.0,0.0,0.0,0.0,True,False,below_minimum
strict,Retina 1,Microglia,SLC2A12,10,30673.0,0.0,0.0,0.0,0.0,0.0,True,False,below_minimum
strict,Retina 2,Rod,COL8A2,7338,18388218.0,0.0,0.0,0.0,0.0,0.0,True,True,eligible
strict,Retina 2,Rod,DGKG,7338,18388218.0,0.0,0.0,0.0,0.0,0.0,True,True,eligible
strict,Retina 2,Rod,NPC2,7338,18388218.0,1070.0,58.1894341256994,4.080743048354508,0.216483935713768,13.177977650585989,True,True,eligible
strict,Retina 2,Rod,PSMC3,7338,18388218.0,1352.0,73.52534106350055,4.31113921605149,0.26231011748313904,16.62578359225947,True,True,eligible
strict,Retina 2,Rod,RP11-466F5.8,7338,18388218.0,57.0,3.0998109767895943,1.4109408694254257,0.012594880536198616,0.776778413736713,True,True,eligible
strict,Retina 2,Rod,SLC2A12,7338,18388218.0,0.0,0.0,0.0,0.0,0.0,True,True,eligible
strict,Retina 2,Cone,COL8A2,28,215082.0,0.0,0.0,0.0,0.0,0.0,True,True,eligible
strict,Retina 2,Cone,DGKG,28,215082.0,0.0,0.0,0.0,0.0,0.0,True,True,eligible
strict,Retina 2,Cone,NPC2,28,215082.0,23.0,106.93595930854279,4.681538081883011,0.49767521023750305,46.42857142857143,True,True,eligible
strict,Retina 2,Cone,PSMC3,28,215082.0,27.0,125.53351744915892,4.8405072331442565,0.5852967500686646,60.71428571428571,True,True,eligible
strict,Retina 2,Cone,RP11-466F5.8,28,215082.0,0.0,0.0,0.0,0.0,0.0,True,True,eligible
strict,Retina 2,Cone,SLC2A12,28,215082.0,0.0,0.0,0.0,0.0,0.0,True,True,eligible
strict,Retina 2,Bipolar,COL8A2,479,1867552.0,0.0,0.0,0.0,0.0,0.0,True,True,eligible
strict,Retina 2,Bipolar,DGKG,479,1867552.0,0.0,0.0,0.0,0.0,0.0,True,True,eligible
strict,Retina 2,Bipolar,NPC2,479,1867552.0,111.0,59.43609602302908,4.1015865427145926,0.25766515731811523,20.250521920668056,True,True,eligible
strict,Retina 2,Bipolar,PSMC3,479,1867552.0,202.0,108.16298555542228,4.692842045735659,0.47367340326309204,34.44676409185804,True,True,eligible
strict,Retina 2,Bipolar,RP11-466F5.8,479,1867552.0,3.0,1.6063809735953805,0.9579626589600017,0.00826223287731409,0.6263048016701461,True,True,eligible
strict,Retina 2,Bipolar,SLC2A12,479,1867552.0,0.0,0.0,0.0,0.0,0.0,True,True,eligible
strict,Retina 2,Amacrine,COL8A2,34,181849.0,0.0,0.0,0.0,0.0,0.0,True,True,eligible
strict,Retina 2,Amacrine,DGKG,34,181849.0,0.0,0.0,0.0,0.0,0.0,True,True,eligible
strict,Retina 2,Amacrine,NPC2,34,181849.0,1.0,5.499067907989596,1.8716587678481733,0.031548142433166504,2.941176470588235,True,True,eligible
strict,Retina 2,Amacrine,PSMC3,34,181849.0,22.0,120.9794939757711,4.803852948440055,0.5585799217224121,44.11764705882353,True,True,eligible
strict,Retina 2,Amacrine,RP11-466F5.8,34,181849.0,0.0,0.0,0.0,0.0,0.0,True,True,eligible
strict,Retina 2,Amacrine,SLC2A12,34,181849.0,0.0,0.0,0.0,0.0,0.0,True,True,eligible
strict,Retina 2,Horizontal,COL8A2,14,73636.0,0.0,0.0,0.0,0.0,0.0,True,False,below_minimum
strict,Retina 2,Horizontal,DGKG,14,73636.0,0.0,0.0,0.0,0.0,0.0,True,False,below_minimum
strict,Retina 2,Horizontal,NPC2,14,73636.0,3.0,40.740941930577435,3.7314824680110457,0.22681517899036407,21.428571428571427,True,False,below_minimum
strict,Retina 2,Horizontal,PSMC3,14,73636.0,7.0,95.06219783801401,4.5649958758210145,0.4595927894115448,35.714285714285715,True,False,below_minimum
strict,Retina 2,Horizontal,RP11-466F5.8,14,73636.0,0.0,0.0,0.0,0.0,0.0,True,False,below_minimum
strict,Retina 2,Horizontal,SLC2A12,14,73636.0,0.0,0.0,0.0,0.0,0.0,True,False,below_minimum
strict,Retina 2,RGC,COL8A2,68,277816.0,0.0,0.0,0.0,0.0,0.0,True,True,eligible
strict,Retina 2,RGC,DGKG,68,277816.0,1.0,3.5995047081521583,1.525948625557153,0.022986728698015213,1.4705882352941175,True,True,eligible
strict,Retina 2,RGC,NPC2,68,277816.0,8.0,28.796037665217266,3.3943754204163743,0.16727402806282043,11.76470588235294,True,True,eligible
strict,Retina 2,RGC,PSMC3,68,277816.0,27.0,97.18662712010827,4.586870026047446,0.4485328793525696,35.294117647058826,True,True,eligible
strict,Retina 2,RGC,RP11-466F5.8,68,277816.0,1.0,3.5995047081521583,1.525948625557153,0.022187665104866028,1.4705882352941175,True,True,eligible
strict,Retina 2,RGC,SLC2A12,68,277816.0,0.0,0.0,0.0,0.0,0.0,True,True,eligible
strict,Retina 2,Muller glia,COL8A2,372,1352158.0,0.0,0.0,0.0,0.0,0.0,True,True,eligible
strict,Retina 2,Muller glia,DGKG,372,1352158.0,8.0,5.916468341717462,1.9339052841108735,0.027412334457039833,1.881720430107527,True,True,eligible
strict,Retina 2,Muller glia,NPC2,372,1352158.0,468.0,346.1133979904715,5.849651521922475,1.173315405845642,66.39784946236558,True,True,eligible
strict,Retina 2,Muller glia,PSMC3,372,1352158.0,118.0,87.26790804033257,4.480376599196896,0.3558875322341919,25.537634408602152,True,True,eligible
strict,Retina 2,Muller glia,RP11-466F5.8,372,1352158.0,2.0,1.4791170854293656,0.9079024828491111,0.008157137781381607,0.5376344086021506,True,True,eligible
strict,Retina 2,Muller glia,SLC2A12,372,1352158.0,8.0,5.916468341717462,1.9339052841108735,0.032708074897527695,2.1505376344086025,True,True,eligible
strict,Retina 2,Astrocyte,COL8A2,18,60011.0,0.0,0.0,0.0,0.0,0.0,True,False,below_minimum
strict,Retina 2,Astrocyte,DGKG,18,60011.0,3.0,49.99083501358084,3.9316459109592747,0.21399548649787903,11.11111111111111,True,False,below_minimum
strict,Retina 2,Astrocyte,NPC2,18,60011.0,17.0,283.28139841029144,5.649964587076648,1.1358405351638794,66.66666666666666,True,False,below_minimum
strict,Retina 2,Astrocyte,PSMC3,18,60011.0,6.0,99.98167002716168,4.614939015491299,0.2985598146915436,22.22222222222222,True,False,below_minimum
strict,Retina 2,Astrocyte,RP11-466F5.8,18,60011.0,0.0,0.0,0.0,0.0,0.0,True,False,below_minimum
strict,Retina 2,Astrocyte,SLC2A12,18,60011.0,0.0,0.0,0.0,0.0,0.0,True,False,below_minimum
strict,Retina 2,Microglia,COL8A2,59,268067.0,3.0,11.191232042735585,2.500717008339655,0.057001516222953796,5.084745762711865,True,True,eligible
strict,Retina 2,Microglia,DGKG,59,268067.0,0.0,0.0,0.0,0.0,0.0,True,True,eligible
strict,Retina 2,Microglia,NPC2,59,268067.0,342.0,1275.8004528718566,7.1521125813883515,2.194831371307373,84.7457627118644,True,True,eligible
strict,Retina 2,Microglia,PSMC3,59,268067.0,18.0,67.14739225641351,4.221672892647603,0.34509265422821045,27.11864406779661,True,True,eligible
strict,Retina 2,Microglia,RP11-466F5.8,59,268067.0,0.0,0.0,0.0,0.0,0.0,True,True,eligible
strict,Retina 2,Microglia,SLC2A12,59,268067.0,0.0,0.0,0.0,0.0,0.0,True,True,eligible
strict,Retina 3,Rod,COL8A2,3002,5732927.0,0.0,0.0,0.0,0.0,0.0,True,True,eligible
strict,Retina 3,Rod,DGKG,3002,5732927.0,1.0,0.17443096693887783,0.1607837468367416,0.0007635614019818604,0.033311125916055964,True,True,eligible
strict,Retina 3,Rod,NPC2,3002,5732927.0,413.0,72.03998934575654,4.2910070904180895,0.21943311393260956,12.45836109260493,True,True,eligible
strict,Retina 3,Rod,PSMC3,3002,5732927.0,519.0,90.52967184127759,4.516663202131631,0.267708420753479,15.056628914057296,True,True,eligible
strict,Retina 3,Rod,RP11-466F5.8,3002,5732927.0,16.0,2.7908954710220453,1.3326022632239718,0.009756761603057384,0.5329780146568954,True,True,eligible
strict,Retina 3,Rod,SLC2A12,3002,5732927.0,1.0,0.17443096693887783,0.1607837468367416,0.0006794757209718227,0.033311125916055964,True,True,eligible
strict,Retina 3,Cone,COL8A2,248,1059310.0,0.0,0.0,0.0,0.0,0.0,True,True,eligible
strict,Retina 3,Cone,DGKG,248,1059310.0,0.0,0.0,0.0,0.0,0.0,True,True,eligible
strict,Retina 3,Cone,NPC2,248,1059310.0,113.0,106.67321180768613,4.679100823490325,0.4823393225669861,36.693548387096776,True,True,eligible
strict,Retina 3,Cone,PSMC3,248,1059310.0,111.0,104.78519035976248,4.6614105319304,0.46860066056251526,36.693548387096776,True,True,eligible
strict,Retina 3,Cone,RP11-466F5.8,248,1059310.0,4.0,3.7760428958472967,1.5636123575925334,0.02349860407412052,1.6129032258064515,True,True,eligible
strict,Retina 3,Cone,SLC2A12,248,1059310.0,0.0,0.0,0.0,0.0,0.0,True,True,eligible
strict,Retina 3,Bipolar,COL8A2,910,2451020.0,0.0,0.0,0.0,0.0,0.0,True,True,eligible
strict,Retina 3,Bipolar,DGKG,910,2451020.0,1.0,0.40799340682654567,0.34216557507328593,0.0015687609557062387,0.10989010989010989,True,True,eligible
strict,Retina 3,Bipolar,NPC2,910,2451020.0,113.0,46.103254971399664,3.852342106307576,0.1705324798822403,11.31868131868132,True,True,eligible
strict,Retina 3,Bipolar,PSMC3,910,2451020.0,295.0,120.35805501383098,4.798745308328387,0.4437471926212311,27.142857142857142,True,True,eligible
strict,Retina 3,Bipolar,RP11-466F5.8,910,2451020.0,5.0,2.0399670341327285,1.1118466713240467,0.007392131723463535,0.5494505494505495,True,True,eligible
strict,Retina 3,Bipolar,SLC2A12,910,2451020.0,0.0,0.0,0.0,0.0,0.0,True,True,eligible
strict,Retina 3,Amacrine,COL8A2,5,16137.0,0.0,0.0,0.0,0.0,0.0,True,False,below_minimum
strict,Retina 3,Amacrine,DGKG,5,16137.0,0.0,0.0,0.0,0.0,0.0,True,False,below_minimum
strict,Retina 3,Amacrine,NPC2,5,16137.0,0.0,0.0,0.0,0.0,0.0,True,False,below_minimum
strict,Retina 3,Amacrine,PSMC3,5,16137.0,1.0,61.969387122761354,4.142648689608461,0.18781639635562897,20.0,True,False,below_minimum
strict,Retina 3,Amacrine,RP11-466F5.8,5,16137.0,0.0,0.0,0.0,0.0,0.0,True,False,below_minimum
strict,Retina 3,Amacrine,SLC2A12,5,16137.0,0.0,0.0,0.0,0.0,0.0,True,False,below_minimum
strict,Retina 3,Horizontal,COL8A2,12,36366.0,0.0,0.0,0.0,0.0,0.0,True,False,below_minimum
strict,Retina 3,Horizontal,DGKG,12,36366.0,0.0,0.0,0.0,0.0,0.0,True,False,below_minimum
strict,Retina 3,Horizontal,NPC2,12,36366.0,2.0,54.9964252323599,4.02528785356117,0.21675999462604523,16.666666666666664,True,False,below_minimum
strict,Retina 3,Horizontal,PSMC3,12,36366.0,8.0,219.9857009294396,5.398097997747765,0.7699472904205322,50.0,True,False,below_minimum
strict,Retina 3,Horizontal,RP11-466F5.8,12,36366.0,0.0,0.0,0.0,0.0,0.0,True,False,below_minimum
strict,Retina 3,Horizontal,SLC2A12,12,36366.0,0.0,0.0,0.0,0.0,0.0,True,False,below_minimum
strict,Retina 3,RGC,COL8A2,122,350004.0,0.0,0.0,0.0,0.0,0.0,True,True,eligible
strict,Retina 3,RGC,DGKG,122,350004.0,1.0,2.857110204454806,1.3499182514014663,0.012953488156199455,0.819672131147541,True,True,eligible
strict,Retina 3,RGC,NPC2,122,350004.0,9.0,25.713991840093257,3.2851874671005454,0.09662195295095444,6.557377049180328,True,True,eligible
strict,Retina 3,RGC,PSMC3,122,350004.0,48.0,137.1412898138307,4.928277000621947,0.43420180678367615,27.86885245901639,True,True,eligible
strict,Retina 3,RGC,RP11-466F5.8,122,350004.0,0.0,0.0,0.0,0.0,0.0,True,True,eligible
strict,Retina 3,RGC,SLC2A12,122,350004.0,1.0,2.857110204454806,1.3499182514014663,0.013532960787415504,0.819672131147541,True,True,eligible
strict,Retina 3,Muller glia,COL8A2,161,423028.0,0.0,0.0,0.0,0.0,0.0,True,True,eligible
strict,Retina 3,Muller glia,DGKG,161,423028.0,3.0,7.091729152680201,2.0908424477468404,0.03246404975652695,1.8633540372670807,True,True,eligible
strict,Retina 3,Muller glia,NPC2,161,423028.0,83.0,196.20450655748556,5.284241294633001,0.7523621916770935,42.857142857142854,True,True,eligible
strict,Retina 3,Muller glia,PSMC3,161,423028.0,44.0,104.01202757264295,4.654074891908252,0.34878188371658325,22.36024844720497,True,True,eligible
strict,Retina 3,Muller glia,RP11-466F5.8,161,423028.0,0.0,0.0,0.0,0.0,0.0,True,True,eligible
strict,Retina 3,Muller glia,SLC2A12,161,423028.0,4.0,9.455638870240268,2.3471414376841784,0.04573780670762062,2.484472049689441,True,True,eligible
strict,Retina 3,Astrocyte,COL8A2,11,23798.0,0.0,0.0,0.0,0.0,0.0,True,False,below_minimum
strict,Retina 3,Astrocyte,DGKG,11,23798.0,0.0,0.0,0.0,0.0,0.0,True,False,below_minimum
strict,Retina 3,Astrocyte,NPC2,11,23798.0,6.0,252.12202706109758,5.533871692848019,0.9335798025131226,54.54545454545454,True,False,below_minimum
strict,Retina 3,Astrocyte,PSMC3,11,23798.0,2.0,84.04067568703252,4.443129679522265,0.27982446551322937,18.181818181818183,True,False,below_minimum
strict,Retina 3,Astrocyte,RP11-466F5.8,11,23798.0,0.0,0.0,0.0,0.0,0.0,True,False,below_minimum
strict,Retina 3,Astrocyte,SLC2A12,11,23798.0,0.0,0.0,0.0,0.0,0.0,True,False,below_minimum
strict,Retina 3,Microglia,COL8A2,62,192604.0,1.0,5.192000166144005,1.8232581631194678,0.0381157360970974,1.6129032258064515,True,True,eligible
strict,Retina 3,Microglia,DGKG,62,192604.0,1.0,5.192000166144005,1.8232581631194678,0.02634218893945217,1.6129032258064515,True,True,eligible
strict,Retina 3,Microglia,NPC2,62,192604.0,178.0,924.176029573633,6.8299840216490155,1.8340280055999756,75.80645161290323,True,True,eligible
strict,Retina 3,Microglia,PSMC3,62,192604.0,11.0,57.11200182758406,4.0623722144281675,0.22390778362751007,16.129032258064516,True,True,eligible
strict,Retina 3,Microglia,RP11-466F5.8,62,192604.0,0.0,0.0,0.0,0.0,0.0,True,True,eligible
strict,Retina 3,Microglia,SLC2A12,62,192604.0,0.0,0.0,0.0,0.0,0.0,True,True,eligible
