group,expected_cell_type,gene,n_cells,gene_in_matrix,mean_log1p_CP10k,pct_detected
0,Rod,RHO,5410,True,4.685425281524658,98.09611829944546
0,Rod,PDE6A,5410,True,1.595707654953003,54.25138632162662
0,Rod,CNGA1,5410,True,2.9185681343078613,83.10536044362293
0,Cone,ARR3,5410,True,0.03689759224653244,1.4417744916820703
0,Cone,GNGT2,5410,True,0.013663963414728642,0.5730129390018485
0,Cone,GUCA1C,5410,True,0.039119232445955276,1.5157116451016635
0,Bipolar,VSX2,5410,True,0.004778828471899033,0.16635859519408502
0,Bipolar,OTX2,5410,True,0.18638917803764343,7.744916820702404
0,Amacrine,GAD1,5410,True,0.003634978784248233,0.14787430683918668
0,Amacrine,CALB1,5410,True,0.005369124934077263,0.22181146025878
0,Amacrine,CHAT,5410,True,0.0,0.0
0,Horizontal,ONECUT1,5410,True,0.0005302292993292212,0.018484288354898334
0,Horizontal,ONECUT2,5410,True,0.0007190766045823693,0.03696857670979667
0,RGC,NEFL,5410,True,0.03616428002715111,1.2384473197781884
0,RGC,GAP43,5410,True,0.0018017609836533666,0.07393715341959334
0,RGC,SNCG,5410,True,0.04463974013924599,1.5711645101663587
0,RGC,RBPMS,5410,True,0.0020841865334659815,0.09242144177449169
0,Muller glia,RLBP1,5410,True,0.06961540132761002,2.717190388170055
0,Muller glia,SLC1A3,5410,True,0.002691055880859494,0.11090573012939
0,Muller glia,GLUL,5410,True,0.1766020953655243,6.506469500924214
0,Astrocyte,GFAP,5410,True,0.011742636561393738,0.4251386321626617
0,Astrocyte,ALDH1L1,5410,True,0.0,0.0
0,Astrocyte,AQP4,5410,True,0.0028979647904634476,0.11090573012939
0,Microglia,HLA-DPA1,5410,True,0.0026531312614679337,0.09242144177449169
0,Microglia,HLA-DPB1,5410,True,0.015994396060705185,0.5914972273567467
0,Microglia,HLA-DRA,5410,True,0.004582532215863466,0.18484288354898337
0,Microglia,AIF1,5410,True,0.0005263179773464799,0.018484288354898334
1,Rod,RHO,1254,True,0.5027084350585938,28.22966507177033
1,Rod,PDE6A,1254,True,0.1410159468650818,8.373205741626794
1,Rod,CNGA1,1254,True,0.07976608723402023,4.545454545454546
1,Cone,ARR3,1254,True,0.07895711809396744,4.944178628389154
1,Cone,GNGT2,1254,True,0.015018083155155182,1.1164274322169059
1,Cone,GUCA1C,1254,True,0.03605290502309799,2.472089314194577
1,Bipolar,VSX2,1254,True,0.7036167979240417,39.87240829346093
1,Bipolar,OTX2,1254,True,0.8825130462646484,48.32535885167464
1,Amacrine,GAD1,1254,True,0.014188550412654877,0.9569377990430622
1,Amacrine,CALB1,1254,True,0.11558295786380768,4.864433811802233
1,Amacrine,CHAT,1254,True,0.0,0.0
1,Horizontal,ONECUT1,1254,True,0.008299567736685276,0.5582137161084529
1,Horizontal,ONECUT2,1254,True,0.026577239856123924,1.8341307814992027
1,RGC,NEFL,1254,True,0.10032502561807632,5.422647527910686
1,RGC,GAP43,1254,True,0.03453917056322098,1.9936204146730463
1,RGC,SNCG,1254,True,0.06693478673696518,4.226475279106858
1,RGC,RBPMS,1254,True,0.007793072145432234,0.4784688995215311
1,Muller glia,RLBP1,1254,True,0.14953717589378357,8.213716108452951
1,Muller glia,SLC1A3,1254,True,0.02361902967095375,1.4354066985645932
1,Muller glia,GLUL,1254,True,0.5213087201118469,27.51196172248804
1,Astrocyte,GFAP,1254,True,0.022155316546559334,1.4354066985645932
1,Astrocyte,ALDH1L1,1254,True,0.0024356089998036623,0.1594896331738437
1,Astrocyte,AQP4,1254,True,0.012712591327726841,0.7974481658692184
1,Microglia,HLA-DPA1,1254,True,0.012252532877027988,0.7974481658692184
1,Microglia,HLA-DPB1,1254,True,0.189220130443573,11.323763955342903
1,Microglia,HLA-DRA,1254,True,0.003987236879765987,0.1594896331738437
1,Microglia,AIF1,1254,True,0.0012483957689255476,0.07974481658692185
10,Rod,RHO,249,True,0.4953790009021759,31.32530120481928
10,Rod,PDE6A,249,True,0.09632503241300583,6.827309236947792
10,Rod,CNGA1,249,True,0.06611084938049316,4.016064257028113
10,Cone,ARR3,249,True,0.04278278350830078,3.2128514056224895
10,Cone,GNGT2,249,True,0.0,0.0
10,Cone,GUCA1C,249,True,0.004219848662614822,0.4016064257028112
10,Bipolar,VSX2,249,True,0.013986602425575256,0.8032128514056224
10,Bipolar,OTX2,249,True,0.05465205758810043,3.614457831325301
10,Amacrine,GAD1,249,True,0.88962721824646,43.77510040160642
10,Amacrine,CALB1,249,True,0.9245400428771973,32.93172690763052
10,Amacrine,CHAT,249,True,0.021017977967858315,2.0080321285140563
10,Horizontal,ONECUT1,249,True,0.3677881062030792,16.06425702811245
10,Horizontal,ONECUT2,249,True,0.3806256353855133,18.072289156626507
10,RGC,NEFL,249,True,0.12004423886537552,6.827309236947792
10,RGC,GAP43,249,True,0.15423394739627838,10.040160642570282
10,RGC,SNCG,249,True,0.3835199773311615,22.89156626506024
10,RGC,RBPMS,249,True,0.006833428982645273,0.4016064257028112
10,Muller glia,RLBP1,249,True,0.08053412288427353,4.819277108433735
10,Muller glia,SLC1A3,249,True,0.06786376982927322,5.220883534136546
10,Muller glia,GLUL,249,True,1.0558346509933472,53.01204819277109
10,Astrocyte,GFAP,249,True,0.022409316152334213,1.6064257028112447
10,Astrocyte,ALDH1L1,249,True,0.0,0.0
10,Astrocyte,AQP4,249,True,0.016914933919906616,1.2048192771084338
10,Microglia,HLA-DPA1,249,True,0.036460600793361664,2.4096385542168677
10,Microglia,HLA-DPB1,249,True,0.12466514855623245,9.236947791164658
10,Microglia,HLA-DRA,249,True,0.01047121174633503,0.4016064257028112
10,Microglia,AIF1,249,True,0.0,0.0
11,Rod,RHO,268,True,0.4310581684112549,17.16417910447761
11,Rod,PDE6A,268,True,0.1455206722021103,5.223880597014925
11,Rod,CNGA1,268,True,0.1055159643292427,4.104477611940299
11,Cone,ARR3,268,True,1.5045430660247803,45.8955223880597
11,Cone,GNGT2,268,True,0.7579862475395203,28.73134328358209
11,Cone,GUCA1C,268,True,1.5096269845962524,47.01492537313433
11,Bipolar,VSX2,268,True,0.040278319269418716,1.4925373134328357
11,Bipolar,OTX2,268,True,0.11145488172769547,4.477611940298507
11,Amacrine,GAD1,268,True,0.06068115681409836,1.8656716417910446
11,Amacrine,CALB1,268,True,0.30847761034965515,12.686567164179104
11,Amacrine,CHAT,268,True,0.0,0.0
11,Horizontal,ONECUT1,268,True,0.002465143334120512,0.3731343283582089
11,Horizontal,ONECUT2,268,True,0.06598015874624252,2.2388059701492535
11,RGC,NEFL,268,True,0.9675739407539368,25.74626865671642
11,RGC,GAP43,268,True,0.19436651468276978,8.582089552238806
11,RGC,SNCG,268,True,1.425431728363037,30.970149253731343
11,RGC,RBPMS,268,True,0.1271781027317047,6.343283582089552
11,Muller glia,RLBP1,268,True,0.07759702205657959,3.3582089552238807
11,Muller glia,SLC1A3,268,True,0.0,0.0
11,Muller glia,GLUL,268,True,0.42514684796333313,17.16417910447761
11,Astrocyte,GFAP,268,True,0.01697964034974575,0.7462686567164178
11,Astrocyte,ALDH1L1,268,True,0.0,0.0
11,Astrocyte,AQP4,268,True,0.0,0.0
11,Microglia,HLA-DPA1,268,True,0.0061738453805446625,0.7462686567164178
11,Microglia,HLA-DPB1,268,True,0.15363344550132751,7.835820895522389
11,Microglia,HLA-DRA,268,True,0.011061056517064571,0.3731343283582089
11,Microglia,AIF1,268,True,0.0,0.0
12,Rod,RHO,193,True,3.4304158687591553,100.0
12,Rod,PDE6A,193,True,2.3733785152435303,92.74611398963731
12,Rod,CNGA1,193,True,2.359005928039551,95.33678756476684
12,Cone,ARR3,193,True,0.06462058424949646,4.66321243523316
12,Cone,GNGT2,193,True,0.015252565033733845,1.5544041450777202
12,Cone,GUCA1C,193,True,0.04210163652896881,3.1088082901554404
12,Bipolar,VSX2,193,True,0.6469338536262512,44.04145077720207
12,Bipolar,OTX2,193,True,0.8940569758415222,61.13989637305699
12,Amacrine,GAD1,193,True,0.11493595689535141,5.699481865284974
12,Amacrine,CALB1,193,True,0.11930828541517258,6.217616580310881
12,Amacrine,CHAT,193,True,0.0,0.0
12,Horizontal,ONECUT1,193,True,0.023201052099466324,1.0362694300518136
12,Horizontal,ONECUT2,193,True,0.03631514310836792,3.1088082901554404
12,RGC,NEFL,193,True,0.06762602180242538,5.181347150259067
12,RGC,GAP43,193,True,0.045514874160289764,2.5906735751295336
12,RGC,SNCG,193,True,0.12523794174194336,8.808290155440414
12,RGC,RBPMS,193,True,0.005421802401542664,0.5181347150259068
12,Muller glia,RLBP1,193,True,0.24895164370536804,18.134715025906736
12,Muller glia,SLC1A3,193,True,0.06188299134373665,4.66321243523316
12,Muller glia,GLUL,193,True,0.7475689649581909,44.04145077720207
12,Astrocyte,GFAP,193,True,0.03040757030248642,2.5906735751295336
12,Astrocyte,ALDH1L1,193,True,0.009121131151914597,0.5181347150259068
12,Astrocyte,AQP4,193,True,0.02155366726219654,1.5544041450777202
12,Microglia,HLA-DPA1,193,True,0.026159465312957764,2.072538860103627
12,Microglia,HLA-DPB1,193,True,0.09719285368919373,8.290155440414509
12,Microglia,HLA-DRA,193,True,0.023869138211011887,1.5544041450777202
12,Microglia,AIF1,193,True,0.0,0.0
13,Rod,RHO,237,True,3.403108596801758,89.0295358649789
13,Rod,PDE6A,237,True,3.801053285598755,95.78059071729957
13,Rod,CNGA1,237,True,1.5415531396865845,51.0548523206751
13,Cone,ARR3,237,True,0.011065795086324215,0.42194092827004215
13,Cone,GNGT2,237,True,0.010250594466924667,0.42194092827004215
13,Cone,GUCA1C,237,True,0.04270423948764801,1.6877637130801686
13,Bipolar,VSX2,237,True,0.0,0.0
13,Bipolar,OTX2,237,True,0.6730574369430542,23.628691983122362
13,Amacrine,GAD1,237,True,0.0,0.0
13,Amacrine,CALB1,237,True,0.0,0.0
13,Amacrine,CHAT,237,True,0.0,0.0
13,Horizontal,ONECUT1,237,True,0.0,0.0
13,Horizontal,ONECUT2,237,True,0.010226776823401451,0.42194092827004215
13,RGC,NEFL,237,True,0.06115318089723587,2.109704641350211
13,RGC,GAP43,237,True,0.0,0.0
13,RGC,SNCG,237,True,0.09889361262321472,3.375527426160337
13,RGC,RBPMS,237,True,0.0,0.0
13,Muller glia,RLBP1,237,True,0.06677807122468948,2.109704641350211
13,Muller glia,SLC1A3,237,True,0.0,0.0
13,Muller glia,GLUL,237,True,0.43059104681015015,15.18987341772152
13,Astrocyte,GFAP,237,True,0.012604711577296257,0.42194092827004215
13,Astrocyte,ALDH1L1,237,True,0.0,0.0
13,Astrocyte,AQP4,237,True,0.02120543085038662,0.8438818565400843
13,Microglia,HLA-DPA1,237,True,0.0,0.0
13,Microglia,HLA-DPB1,237,True,0.03373122960329056,1.2658227848101267
13,Microglia,HLA-DRA,237,True,0.011494736187160015,0.42194092827004215
13,Microglia,AIF1,237,True,0.0,0.0
2,Rod,RHO,502,True,0.6785508394241333,45.81673306772908
2,Rod,PDE6A,502,True,0.21917541325092316,15.53784860557769
2,Rod,CNGA1,502,True,0.19468218088150024,12.749003984063744
2,Cone,ARR3,502,True,3.6844727993011475,100.0
2,Cone,GNGT2,502,True,2.1111459732055664,94.22310756972112
2,Cone,GUCA1C,502,True,2.9432902336120605,98.60557768924303
2,Bipolar,VSX2,502,True,0.008090177550911903,0.5976095617529881
2,Bipolar,OTX2,502,True,0.6704205274581909,51.992031872509955
2,Amacrine,GAD1,502,True,0.001700850436463952,0.199203187250996
2,Amacrine,CALB1,502,True,0.941486120223999,60.95617529880478
2,Amacrine,CHAT,502,True,0.0,0.0
2,Horizontal,ONECUT1,502,True,0.0021443169098347425,0.199203187250996
2,Horizontal,ONECUT2,502,True,0.05052657425403595,4.382470119521913
2,RGC,NEFL,502,True,0.015830883756279945,1.593625498007968
2,RGC,GAP43,502,True,0.0022807519417256117,0.199203187250996
2,RGC,SNCG,502,True,0.020195892080664635,1.593625498007968
2,RGC,RBPMS,502,True,0.007543755695223808,0.5976095617529881
2,Muller glia,RLBP1,502,True,0.04127727448940277,2.9880478087649402
2,Muller glia,SLC1A3,502,True,0.017742954194545746,0.9960159362549801
2,Muller glia,GLUL,502,True,0.19671505689620972,15.737051792828685
2,Astrocyte,GFAP,502,True,0.009135952219367027,0.796812749003984
2,Astrocyte,ALDH1L1,502,True,0.0,0.0
2,Astrocyte,AQP4,502,True,0.007650729734450579,0.5976095617529881
2,Microglia,HLA-DPA1,502,True,0.003881172277033329,0.398406374501992
2,Microglia,HLA-DPB1,502,True,0.12665247917175293,10.756972111553784
2,Microglia,HLA-DRA,502,True,0.002330819144845009,0.199203187250996
2,Microglia,AIF1,502,True,0.0,0.0
3,Rod,RHO,5569,True,4.184884071350098,99.82043454839288
3,Rod,PDE6A,5569,True,3.560715675354004,99.06625965164302
3,Rod,CNGA1,5569,True,3.376645088195801,98.00682348716107
3,Cone,ARR3,5569,True,0.02194773592054844,1.1312623451247978
3,Cone,GNGT2,5569,True,0.004590009339153767,0.23343508708924404
3,Cone,GUCA1C,5569,True,0.00884524267166853,0.4309570838570659
3,Bipolar,VSX2,5569,True,0.0027183215133845806,0.14365236128568865
3,Bipolar,OTX2,5569,True,0.7491716146469116,35.73352486981505
3,Amacrine,GAD1,5569,True,0.0012622473295778036,0.053869635482133235
3,Amacrine,CALB1,5569,True,0.0033298518974334,0.1795654516071108
3,Amacrine,CHAT,5569,True,0.0,0.0
3,Horizontal,ONECUT1,5569,True,0.000683512189425528,0.03591309032142216
3,Horizontal,ONECUT2,5569,True,0.002518734894692898,0.12569581612497754
3,RGC,NEFL,5569,True,0.023733263835310936,1.1671754354462203
3,RGC,GAP43,5569,True,0.002797796158120036,0.14365236128568865
3,RGC,SNCG,5569,True,0.021452058106660843,1.0235230741605315
3,RGC,RBPMS,5569,True,0.003136289305984974,0.16160890644639972
3,Muller glia,RLBP1,5569,True,0.0400199256837368,2.0111330579996407
3,Muller glia,SLC1A3,5569,True,0.0028485411312431097,0.14365236128568865
3,Muller glia,GLUL,5569,True,0.09691180288791656,4.525049380499191
3,Astrocyte,GFAP,5569,True,0.0075539154931902885,0.3591309032142216
3,Astrocyte,ALDH1L1,5569,True,0.0008438212680630386,0.03591309032142216
3,Astrocyte,AQP4,5569,True,0.0009510245872661471,0.053869635482133235
3,Microglia,HLA-DPA1,5569,True,0.0006680859951302409,0.03591309032142216
3,Microglia,HLA-DPB1,5569,True,0.003284336533397436,0.16160890644639972
3,Microglia,HLA-DRA,5569,True,0.0012840614654123783,0.07182618064284432
3,Microglia,AIF1,5569,True,0.0003003163146786392,0.01795654516071108
4,Rod,RHO,3071,True,4.91455078125,100.0
4,Rod,PDE6A,3071,True,3.555630922317505,100.0
4,Rod,CNGA1,3071,True,3.594395637512207,99.80462390100945
4,Cone,ARR3,3071,True,0.023450732231140137,1.7258222077499183
4,Cone,GNGT2,3071,True,0.010173236019909382,0.81406707912732
4,Cone,GUCA1C,3071,True,0.014880799688398838,1.139693910778248
4,Bipolar,VSX2,3071,True,0.00118742894846946,0.09768804949527841
4,Bipolar,OTX2,3071,True,0.824271559715271,53.23998697492674
4,Amacrine,GAD1,3071,True,0.003313689725473523,0.22793878215564964
4,Amacrine,CALB1,3071,True,0.0017567084869369864,0.1302507326603712
4,Amacrine,CHAT,3071,True,0.0,0.0
4,Horizontal,ONECUT1,3071,True,0.0004058519552927464,0.0325626831650928
4,Horizontal,ONECUT2,3071,True,0.00039293707231990993,0.0325626831650928
4,RGC,NEFL,3071,True,0.018671641126275063,1.4001953760989905
4,RGC,GAP43,3071,True,0.001779912505298853,0.1302507326603712
4,RGC,SNCG,3071,True,0.01600935123860836,1.139693910778248
4,RGC,RBPMS,3071,True,0.003624666016548872,0.2605014653207424
4,Muller glia,RLBP1,3071,True,0.04221896827220917,3.060892217518724
4,Muller glia,SLC1A3,3071,True,0.0037720990367233753,0.2605014653207424
4,Muller glia,GLUL,3071,True,0.0915822982788086,6.545099316183653
4,Astrocyte,GFAP,3071,True,0.005051672924309969,0.39075219798111366
4,Astrocyte,ALDH1L1,3071,True,0.00035177048994228244,0.0325626831650928
4,Astrocyte,AQP4,3071,True,0.0025345433969050646,0.19537609899055683
4,Microglia,HLA-DPA1,3071,True,0.0016082149231806397,0.1302507326603712
4,Microglia,HLA-DPB1,3071,True,0.002671803580597043,0.19537609899055683
4,Microglia,HLA-DRA,3071,True,0.0028662378899753094,0.19537609899055683
4,Microglia,AIF1,3071,True,0.0011822519591078162,0.0651253663301856
5,Rod,RHO,1067,True,4.463977813720703,100.0
5,Rod,PDE6A,1067,True,3.2465591430664062,98.96907216494846
5,Rod,CNGA1,1067,True,3.2238426208496094,98.40674789128397
5,Cone,ARR3,1067,True,0.1172034740447998,7.497656982193064
5,Cone,GNGT2,1067,True,0.05656407028436661,3.8425492033739452
5,Cone,GUCA1C,1067,True,0.09623467177152634,6.091846298031865
5,Bipolar,VSX2,1067,True,0.027793727815151215,2.0618556701030926
5,Bipolar,OTX2,1067,True,0.6323139667510986,40.487347703842545
5,Amacrine,GAD1,1067,True,0.006061779335141182,0.37488284910965325
5,Amacrine,CALB1,1067,True,0.014509543776512146,1.1246485473289598
5,Amacrine,CHAT,1067,True,0.0,0.0
5,Horizontal,ONECUT1,1067,True,0.0,0.0
5,Horizontal,ONECUT2,1067,True,0.010224702768027782,0.6560449859418931
5,RGC,NEFL,1067,True,0.06437916308641434,4.217432052483598
5,RGC,GAP43,1067,True,0.004100356716662645,0.37488284910965325
5,RGC,SNCG,1067,True,0.0743306502699852,4.873477038425492
5,RGC,RBPMS,1067,True,0.0026418918278068304,0.18744142455482662
5,Muller glia,RLBP1,1067,True,0.48464420437812805,27.741330834114343
5,Muller glia,SLC1A3,1067,True,0.054512105882167816,3.936269915651359
5,Muller glia,GLUL,1067,True,0.8818063139915466,44.236176194939084
5,Astrocyte,GFAP,1067,True,0.05146654322743416,3.373945641986879
5,Astrocyte,ALDH1L1,1067,True,0.007360947318375111,0.5623242736644799
5,Astrocyte,AQP4,1067,True,0.04143080860376358,3.1865042174320526
5,Microglia,HLA-DPA1,1067,True,0.0026768625248223543,0.18744142455482662
5,Microglia,HLA-DPB1,1067,True,0.040771353989839554,2.999062792877226
5,Microglia,HLA-DRA,1067,True,0.003221071558073163,0.18744142455482662
5,Microglia,AIF1,1067,True,0.0,0.0
6,Rod,RHO,651,True,1.097173810005188,44.70046082949309
6,Rod,PDE6A,651,True,0.5487321019172668,26.574500768049152
6,Rod,CNGA1,651,True,0.5576092004776001,24.731182795698924
6,Cone,ARR3,651,True,0.020701879635453224,1.5360983102918586
6,Cone,GNGT2,651,True,0.01136824768036604,0.7680491551459293
6,Cone,GUCA1C,651,True,0.020515384152531624,1.3824884792626728
6,Bipolar,VSX2,651,True,0.49898964166641235,32.565284178187405
6,Bipolar,OTX2,651,True,0.09728600084781647,7.680491551459294
6,Amacrine,GAD1,651,True,0.018147267401218414,1.0752688172043012
6,Amacrine,CALB1,651,True,0.02631181851029396,1.6897081413210446
6,Amacrine,CHAT,651,True,0.0,0.0
6,Horizontal,ONECUT1,651,True,0.0,0.0
6,Horizontal,ONECUT2,651,True,0.004178000148385763,0.30721966205837176
6,RGC,NEFL,651,True,0.049698133021593094,3.0721966205837172
6,RGC,GAP43,651,True,0.010324624367058277,0.9216589861751152
6,RGC,SNCG,651,True,0.17352242767810822,12.442396313364055
6,RGC,RBPMS,651,True,0.007527407258749008,0.6144393241167435
6,Muller glia,RLBP1,651,True,2.9353208541870117,92.78033794162826
6,Muller glia,SLC1A3,651,True,1.7697746753692627,83.7173579109063
6,Muller glia,GLUL,651,True,4.198329925537109,99.84639016897081
6,Astrocyte,GFAP,651,True,0.6527494788169861,32.41167434715822
6,Astrocyte,ALDH1L1,651,True,0.1668427437543869,12.442396313364055
6,Astrocyte,AQP4,651,True,1.0641812086105347,58.525345622119815
6,Microglia,HLA-DPA1,651,True,0.03750574588775635,2.3041474654377883
6,Microglia,HLA-DPB1,651,True,0.18895405530929565,13.210445468509985
6,Microglia,HLA-DRA,651,True,0.013706541620194912,0.9216589861751152
6,Microglia,AIF1,651,True,0.0025492862332612276,0.15360983102918588
7,Rod,RHO,682,True,0.5079538226127625,33.87096774193548
7,Rod,PDE6A,682,True,0.15075838565826416,11.143695014662756
7,Rod,CNGA1,682,True,0.07744091004133224,5.425219941348973
7,Cone,ARR3,682,True,0.045578356832265854,3.3724340175953076
7,Cone,GNGT2,682,True,0.006924368906766176,0.5865102639296188
7,Cone,GUCA1C,682,True,0.014981145039200783,1.1730205278592376
7,Bipolar,VSX2,682,True,1.2782121896743774,71.40762463343108
7,Bipolar,OTX2,682,True,0.8397047519683838,53.3724340175953
7,Amacrine,GAD1,682,True,0.0,0.0
7,Amacrine,CALB1,682,True,0.012469896115362644,1.0263929618768328
7,Amacrine,CHAT,682,True,0.0,0.0
7,Horizontal,ONECUT1,682,True,0.0016637403750792146,0.1466275659824047
7,Horizontal,ONECUT2,682,True,0.016306385397911072,1.1730205278592376
7,RGC,NEFL,682,True,0.048934437334537506,3.3724340175953076
7,RGC,GAP43,682,True,0.00910208746790886,0.7331378299120235
7,RGC,SNCG,682,True,0.05229596421122551,4.252199413489736
7,RGC,RBPMS,682,True,0.0066738673485815525,0.5865102639296188
7,Muller glia,RLBP1,682,True,0.10270988196134567,7.038123167155426
7,Muller glia,SLC1A3,682,True,0.018461987376213074,1.3196480938416422
7,Muller glia,GLUL,682,True,0.493207186460495,30.35190615835777
7,Astrocyte,GFAP,682,True,0.020212329924106598,1.466275659824047
7,Astrocyte,ALDH1L1,682,True,0.001627677003853023,0.1466275659824047
7,Astrocyte,AQP4,682,True,0.015715068206191063,1.1730205278592376
7,Microglia,HLA-DPA1,682,True,0.0,0.0
7,Microglia,HLA-DPB1,682,True,0.005920000374317169,0.5865102639296188
7,Microglia,HLA-DRA,682,True,0.0,0.0
7,Microglia,AIF1,682,True,0.0,0.0
8,Rod,RHO,539,True,1.5345302820205688,47.86641929499073
8,Rod,PDE6A,539,True,0.7917530536651611,29.499072356215212
8,Rod,CNGA1,539,True,0.7925208806991577,28.942486085343226
8,Cone,ARR3,539,True,0.13018138706684113,5.380333951762523
8,Cone,GNGT2,539,True,0.054041359573602676,2.411873840445269
8,Cone,GUCA1C,539,True,0.13929782807826996,5.936920222634509
8,Bipolar,VSX2,539,True,0.06552959233522415,3.339517625231911
8,Bipolar,OTX2,539,True,0.13707305490970612,6.679035250463822
8,Amacrine,GAD1,539,True,0.019979599863290787,0.927643784786642
8,Amacrine,CALB1,539,True,0.01503029465675354,0.5565862708719851
8,Amacrine,CHAT,539,True,0.0,0.0
8,Horizontal,ONECUT1,539,True,0.0,0.0
8,Horizontal,ONECUT2,539,True,0.005100900307297707,0.3710575139146568
8,RGC,NEFL,539,True,0.06628665328025818,2.782931354359926
8,RGC,GAP43,539,True,0.013792802579700947,0.7421150278293136
8,RGC,SNCG,539,True,0.19880364835262299,8.719851576994433
8,RGC,RBPMS,539,True,0.011096476577222347,0.3710575139146568
8,Muller glia,RLBP1,539,True,2.201451301574707,72.17068645640074
8,Muller glia,SLC1A3,539,True,0.30128213763237,12.80148423005566
8,Muller glia,GLUL,539,True,3.2144315242767334,86.08534322820037
8,Astrocyte,GFAP,539,True,0.19953307509422302,8.348794063079778
8,Astrocyte,ALDH1L1,539,True,0.07124452292919159,3.339517625231911
8,Astrocyte,AQP4,539,True,0.25249263644218445,11.131725417439704
8,Microglia,HLA-DPA1,539,True,0.018459876999258995,0.927643784786642
8,Microglia,HLA-DPB1,539,True,0.1189119964838028,5.565862708719852
8,Microglia,HLA-DRA,539,True,0.0,0.0
8,Microglia,AIF1,539,True,0.0,0.0
9,Rod,RHO,173,True,0.6589775085449219,31.79190751445087
9,Rod,PDE6A,173,True,0.1662929803133011,9.248554913294797
9,Rod,CNGA1,173,True,0.16103950142860413,7.514450867052023
9,Cone,ARR3,173,True,0.018612315878272057,1.1560693641618496
9,Cone,GNGT2,173,True,0.07187394052743912,4.624277456647398
9,Cone,GUCA1C,173,True,0.0,0.0
9,Bipolar,VSX2,173,True,0.0,0.0
9,Bipolar,OTX2,173,True,0.013417692855000496,1.1560693641618496
9,Amacrine,GAD1,173,True,0.0,0.0
9,Amacrine,CALB1,173,True,0.0,0.0
9,Amacrine,CHAT,173,True,0.0,0.0
9,Horizontal,ONECUT1,173,True,0.0,0.0
9,Horizontal,ONECUT2,173,True,0.0,0.0
9,RGC,NEFL,173,True,0.020067846402525902,1.7341040462427744
9,RGC,GAP43,173,True,0.0,0.0
9,RGC,SNCG,173,True,0.022563299164175987,1.1560693641618496
9,RGC,RBPMS,173,True,0.0,0.0
9,Muller glia,RLBP1,173,True,0.042936015874147415,2.8901734104046244
9,Muller glia,SLC1A3,173,True,0.996762216091156,49.71098265895954
9,Muller glia,GLUL,173,True,0.8170950412750244,43.93063583815029
9,Astrocyte,GFAP,173,True,0.03411170467734337,1.1560693641618496
9,Astrocyte,ALDH1L1,173,True,0.0,0.0
9,Astrocyte,AQP4,173,True,0.0,0.0
9,Microglia,HLA-DPA1,173,True,3.3922958374023438,91.90751445086705
9,Microglia,HLA-DPB1,173,True,3.1483309268951416,91.90751445086705
9,Microglia,HLA-DRA,173,True,4.083613395690918,95.37572254335261
9,Microglia,AIF1,173,True,2.20444655418396,79.76878612716763
