source_file,excel_row,source_label,reason
lukowski2019_EV1.xlsx,1950,2002-03-01 00:00:00,"Non-text gene label, including Excel date conversion; ambiguous identity, excluded without guessed repair."
lukowski2019_EV1.xlsx,1951,2001-03-01 00:00:00,"Non-text gene label, including Excel date conversion; ambiguous identity, excluded without guessed repair."
lukowski2019_EV1.xlsx,2890,2010-09-01 00:00:00,"Non-text gene label, including Excel date conversion; ambiguous identity, excluded without guessed repair."
lukowski2019_EV1.xlsx,3097,2007-03-01 00:00:00,"Non-text gene label, including Excel date conversion; ambiguous identity, excluded without guessed repair."
lukowski2019_EV1.xlsx,3413,2004-03-01 00:00:00,"Non-text gene label, including Excel date conversion; ambiguous identity, excluded without guessed repair."
lukowski2019_EV1.xlsx,3618,2002-09-01 00:00:00,"Non-text gene label, including Excel date conversion; ambiguous identity, excluded without guessed repair."
lukowski2019_EV1.xlsx,5216,2011-09-01 00:00:00,"Non-text gene label, including Excel date conversion; ambiguous identity, excluded without guessed repair."
lukowski2019_EV1.xlsx,5578,2001-03-01 00:00:00,"Non-text gene label, including Excel date conversion; ambiguous identity, excluded without guessed repair."
lukowski2019_EV1.xlsx,5744,2006-03-01 00:00:00,"Non-text gene label, including Excel date conversion; ambiguous identity, excluded without guessed repair."
lukowski2019_EV1.xlsx,5761,2011-03-01 00:00:00,"Non-text gene label, including Excel date conversion; ambiguous identity, excluded without guessed repair."
lukowski2019_EV1.xlsx,6227,2003-03-01 00:00:00,"Non-text gene label, including Excel date conversion; ambiguous identity, excluded without guessed repair."
lukowski2019_EV1.xlsx,6264,2008-09-01 00:00:00,"Non-text gene label, including Excel date conversion; ambiguous identity, excluded without guessed repair."
lukowski2019_EV1.xlsx,8086,2007-09-01 00:00:00,"Non-text gene label, including Excel date conversion; ambiguous identity, excluded without guessed repair."
lukowski2019_EV1.xlsx,8184,2014-09-01 00:00:00,"Non-text gene label, including Excel date conversion; ambiguous identity, excluded without guessed repair."
lukowski2019_EV1.xlsx,9361,2006-09-01 00:00:00,"Non-text gene label, including Excel date conversion; ambiguous identity, excluded without guessed repair."
lukowski2019_EV1.xlsx,12644,2008-03-01 00:00:00,"Non-text gene label, including Excel date conversion; ambiguous identity, excluded without guessed repair."
lukowski2019_EV1.xlsx,12919,2005-03-01 00:00:00,"Non-text gene label, including Excel date conversion; ambiguous identity, excluded without guessed repair."
lukowski2019_EV1.xlsx,13881,2009-03-01 00:00:00,"Non-text gene label, including Excel date conversion; ambiguous identity, excluded without guessed repair."
lukowski2019_EV1.xlsx,16547,2012-09-01 00:00:00,"Non-text gene label, including Excel date conversion; ambiguous identity, excluded without guessed repair."
lukowski2019_EV1.xlsx,16845,2001-09-01 00:00:00,"Non-text gene label, including Excel date conversion; ambiguous identity, excluded without guessed repair."
lukowski2019_EV1.xlsx,18341,2004-09-01 00:00:00,"Non-text gene label, including Excel date conversion; ambiguous identity, excluded without guessed repair."
lukowski2019_EV1.xlsx,18385,2010-03-01 00:00:00,"Non-text gene label, including Excel date conversion; ambiguous identity, excluded without guessed repair."
lukowski2019_EV1.xlsx,18570,2009-09-01 00:00:00,"Non-text gene label, including Excel date conversion; ambiguous identity, excluded without guessed repair."
lukowski2019_EV1.xlsx,19934,2002-03-01 00:00:00,"Non-text gene label, including Excel date conversion; ambiguous identity, excluded without guessed repair."
lukowski2019_EV1.xlsx,21236,2005-09-01 00:00:00,"Non-text gene label, including Excel date conversion; ambiguous identity, excluded without guessed repair."
lukowski2019_EV1.xlsx,21598,2003-09-01 00:00:00,"Non-text gene label, including Excel date conversion; ambiguous identity, excluded without guessed repair."
lukowski2019_EV2.xlsx,10057,2001-03-01 00:00:00,"Non-text gene label, including Excel date conversion; ambiguous identity, excluded without guessed repair."
lukowski2019_EV2.xlsx,10058,2002-03-01 00:00:00,"Non-text gene label, including Excel date conversion; ambiguous identity, excluded without guessed repair."
lukowski2019_EV2.xlsx,10059,2001-03-01 00:00:00,"Non-text gene label, including Excel date conversion; ambiguous identity, excluded without guessed repair."
lukowski2019_EV2.xlsx,10060,2010-03-01 00:00:00,"Non-text gene label, including Excel date conversion; ambiguous identity, excluded without guessed repair."
lukowski2019_EV2.xlsx,10061,2011-03-01 00:00:00,"Non-text gene label, including Excel date conversion; ambiguous identity, excluded without guessed repair."
lukowski2019_EV2.xlsx,10062,2002-03-01 00:00:00,"Non-text gene label, including Excel date conversion; ambiguous identity, excluded without guessed repair."
lukowski2019_EV2.xlsx,10063,2003-03-01 00:00:00,"Non-text gene label, including Excel date conversion; ambiguous identity, excluded without guessed repair."
lukowski2019_EV2.xlsx,10064,2004-03-01 00:00:00,"Non-text gene label, including Excel date conversion; ambiguous identity, excluded without guessed repair."
lukowski2019_EV2.xlsx,10065,2005-03-01 00:00:00,"Non-text gene label, including Excel date conversion; ambiguous identity, excluded without guessed repair."
lukowski2019_EV2.xlsx,10066,2006-03-01 00:00:00,"Non-text gene label, including Excel date conversion; ambiguous identity, excluded without guessed repair."
lukowski2019_EV2.xlsx,10067,2007-03-01 00:00:00,"Non-text gene label, including Excel date conversion; ambiguous identity, excluded without guessed repair."
lukowski2019_EV2.xlsx,10068,2008-03-01 00:00:00,"Non-text gene label, including Excel date conversion; ambiguous identity, excluded without guessed repair."
lukowski2019_EV2.xlsx,10069,2009-03-01 00:00:00,"Non-text gene label, including Excel date conversion; ambiguous identity, excluded without guessed repair."
lukowski2019_EV2.xlsx,17673,2001-09-01 00:00:00,"Non-text gene label, including Excel date conversion; ambiguous identity, excluded without guessed repair."
lukowski2019_EV2.xlsx,17674,2010-09-01 00:00:00,"Non-text gene label, including Excel date conversion; ambiguous identity, excluded without guessed repair."
lukowski2019_EV2.xlsx,17675,2011-09-01 00:00:00,"Non-text gene label, including Excel date conversion; ambiguous identity, excluded without guessed repair."
lukowski2019_EV2.xlsx,17676,2012-09-01 00:00:00,"Non-text gene label, including Excel date conversion; ambiguous identity, excluded without guessed repair."
lukowski2019_EV2.xlsx,17677,2014-09-01 00:00:00,"Non-text gene label, including Excel date conversion; ambiguous identity, excluded without guessed repair."
lukowski2019_EV2.xlsx,17678,2002-09-01 00:00:00,"Non-text gene label, including Excel date conversion; ambiguous identity, excluded without guessed repair."
lukowski2019_EV2.xlsx,17679,2003-09-01 00:00:00,"Non-text gene label, including Excel date conversion; ambiguous identity, excluded without guessed repair."
lukowski2019_EV2.xlsx,17680,2004-09-01 00:00:00,"Non-text gene label, including Excel date conversion; ambiguous identity, excluded without guessed repair."
lukowski2019_EV2.xlsx,17682,2005-09-01 00:00:00,"Non-text gene label, including Excel date conversion; ambiguous identity, excluded without guessed repair."
lukowski2019_EV2.xlsx,17683,2006-09-01 00:00:00,"Non-text gene label, including Excel date conversion; ambiguous identity, excluded without guessed repair."
lukowski2019_EV2.xlsx,17684,2007-09-01 00:00:00,"Non-text gene label, including Excel date conversion; ambiguous identity, excluded without guessed repair."
lukowski2019_EV2.xlsx,17686,2008-09-01 00:00:00,"Non-text gene label, including Excel date conversion; ambiguous identity, excluded without guessed repair."
lukowski2019_EV2.xlsx,17687,2009-09-01 00:00:00,"Non-text gene label, including Excel date conversion; ambiguous identity, excluded without guessed repair."
