cell_class,n_candidate_genes,observed_mean_class_share,matched_null_mean,matched_null_2.5_percentile,matched_null_97.5_percentile,one_sided_empirical_p,BH_q_across_9_classes,observed_minus_null_mean
Rod,6,0.0722531324753,0.0974381480904,0.031541740402,0.212555183625,0.661233876612,0.963932178211,-0.0251850156151
Cone,6,0.078174271139,0.0995482152449,0.0279841649599,0.235281993788,0.583841615838,0.963932178211,-0.021373944106
Bipolar,6,0.0549105456027,0.112301766525,0.0422035802259,0.250071116152,0.920707929207,0.97300269973,-0.0573912209222
Amacrine,6,0.0209418589243,0.105768971368,0.0200884792973,0.278668292938,0.97300269973,0.97300269973,-0.0848271124442
Horizontal,6,0.0513259718856,0.105058691677,0.0190033828489,0.269215154505,0.749725027497,0.963932178211,-0.0537327197917
RGC,6,0.0882891033844,0.142446679104,0.0435090597035,0.313384903821,0.74502549745,0.963932178211,-0.0541575757195
Muller glia,6,0.218973653328,0.127658197499,0.0396901525212,0.293745511131,0.111288871113,0.500799920008,0.0913154558281
Astrocyte,6,0.246059852668,0.0943634925437,0.0131832868801,0.274211303081,0.040795920408,0.367163283672,0.151696360124
Microglia,6,0.169071610593,0.115415837947,0.0114184862855,0.338407649316,0.279772022798,0.839316068393,0.0536557726463
